sample_id,source,subject_type,signal_source,ch0_tg_proxy,ch1_na_proxy,ch2_k_proxy,ch3_cl_proxy,ch4_chol_proxy,ch5_ph_proxy,ch6_temp_proxy,ch7_noise,contact_ms,Na_mmolL,K_mmolL,Cl_mmolL,V_Na_mV,V_K_mV,V_Cl_mV
EL_0000,Calimon2024_Nernst,synthetic_clinical,nernst_equation,0.17493479560112718,0.474318541158483,0.6852240172530507,0.444736088485441,0.44520389701483687,0.4969812522262477,0.5273736578867748,0.06460103572236826,1424,127.65758709180294,23.747486761653654,122.71740635847411,524.4227484282942,431.78066855661484,125.89550550467403
EL_0001,Calimon2024_Nernst,synthetic_clinical,nernst_equation,0.41713173141092436,0.6018910913859858,0.6455815724492544,0.6189788730763652,0.26532878556470535,0.4853246852049183,0.5050826050012568,0.09799353671392252,1159,135.2650518078083,22.608618817957723,112.39626251583682,526.064141527735,431.07467885196047,127.71068997356427
EL_0002,Calimon2024_Nernst,synthetic_clinical,nernst_equation,0.43163912945859706,0.3748316867373823,0.6130118825369915,0.694751840716343,0.3368865795656002,0.45572202871984707,0.5443913709372669,0.06461255129486441,1135,129.68857394818843,21.879550602860785,114.99885562446572,523.1427157250155,430.4946473762115,128.50005932590057
EL_0003,Calimon2024_Nernst,synthetic_clinical,nernst_equation,0.08682608200484537,0.28724200867692296,0.8971022755528872,0.6674156542351963,0.3287767623787511,0.6076410222143263,0.5300697491929024,0.12911923347902554,1521,118.12054819003234,24.86873778766758,110.9074939320785,522.0157562584665,435.5539945898634,128.2152829935218
EL_0004,Calimon2024_Nernst,synthetic_clinical,nernst_equation,0.34649663912661116,0.5535975488566874,0.608621666199181,0.21170147351480925,0.49904763104337213,0.6218036308741537,0.48053695595028517,0.0075833564306084615,1471,120.91032050367878,20.57008235614674,130.53175593536068,525.4427799000669,430.4164623008197,123.4678536808031
EL_0005,Calimon2024_Nernst,synthetic_clinical,nernst_equation,0.23696383828765183,0.7302015329530485,0.728334165987358,0.7018815701772609,0.3067282144982908,0.6184564197496432,0.5322493257816138,0.14882271528450722,1909,135.67375226389768,24.386584530355734,119.58797327724187,527.7150285955157,432.54841437358385,128.57433370239903
EL_0006,Calimon2024_Nernst,synthetic_clinical,nernst_equation,0.46449270033559426,0.3063962152225648,0.729068248725697,0.2681586758965845,0.47684748937951144,0.49738302379334187,0.5177723314509328,0.023839132525560407,2061,120.59811367475524,24.63528162595283,132.30880782992105,522.2622009865307,432.56148760502043,124.05599991113905
EL_0007,Calimon2024_Nernst,synthetic_clinical,nernst_equation,0.10505706037475054,0.6099043886418466,0.6053300347600201,0.6396559498308176,0.48251842098514225,0.5776112916565231,0.5397951719199574,0.14974427612728594,1515,135.84496734774518,23.5399858644045,103.7740487253943,526.1672434160024,430.35784185197843,127.92609463823862
EL_0008,Calimon2024_Nernst,synthetic_clinical,nernst_equation,0.45610795190238734,0.6654916468709533,0.5677147334965004,0.40237276854176296,0.21861357812654889,0.4663263299702677,0.5008945878951158,0.07712822713815169,804,131.8573025877523,21.287385498556727,133.88228971763405,526.8824485436837,429.6879534139431,125.45418312456557
EL_0009,Calimon2024_Nernst,synthetic_clinical,nernst_equation,0.397380416858257,0.5751778377505449,0.5978489996730714,0.43890215740330013,0.31867337440883714,0.5453239276302897,0.48720382198359774,0.001171260027057247,1402,129.97188184163312,21.783763496327058,122.37567701818126,525.720439453091,430.2246125877975,125.83473018409052
EL_0010,Calimon2024_Nernst,synthetic_clinical,nernst_equation,0.3492877056916119,0.6254404854444824,0.3095519776046577,0.5273483103618366,0.27124300850168725,0.5024343103483231,0.5143807222017316,0.06288554122460402,1127,130.53938003326303,19.398555184021582,125.27971340943316,526.3671362772693,425.0903497927006,126.75612319075272
EL_0011,Calimon2024_Nernst,synthetic_clinical,nernst_equation,0.4410832791310235,0.6519020188039939,0.5245581907579209,0.8050557506404248,0.43691908750264996,0.6343081886393548,0.48833497005141635,0.024470981434182443,2107,134.34930374895075,20.68944944718919,115.29184776109584,526.707599630706,428.9193813691888,129.6491568028614
EL_0012,Calimon2024_Nernst,synthetic_clinical,nernst_equation,0.21898802472331075,0.44718155688123207,0.6618251305552931,0.44532017480144914,0.35792408311846347,0.6061651666821857,0.5338239247063884,0.053133101705141385,2138,123.53586462865485,22.37451745237513,126.61430422212177,524.0735944868477,431.36395931502415,125.9015902582654
EL_0013,Calimon2024_Nernst,synthetic_clinical,nernst_equation,0.18840958290282617,0.524905572701924,0.2586663418627723,0.2531952456654352,0.3593457697905659,0.6383606719201954,0.5200832071720034,0.13857516546350462,956,131.33024009064547,19.160061679946388,120.1977312800869,525.0736188886599,424.1841308365699,123.90011749557348
EL_0014,Calimon2024_Nernst,synthetic_clinical,nernst_equation,0.49605520439651357,0.28665814915442206,0.49676286483060267,0.3863447831285609,0.3549981487405821,0.527028147262316,0.48399046162547843,0.057117560188816446,2173,123.77857714582072,20.932279215043028,114.35904593903794,522.0082441174176,428.42437622913445,125.28721064270385
EL_0015,Calimon2024_Nernst,synthetic_clinical,nernst_equation,0.5010538785941265,0.6367050179911787,0.6995352706367146,0.5743770039446529,0.2264540183722559,0.5173718764352174,0.5078379308256423,0.13645644980837665,1588,132.10569011865832,24.45338096726192,114.26141556733822,526.5120696971751,432.0355367313597,127.24604737547085
EL_0016,Calimon2024_Nernst,synthetic_clinical,nernst_equation,0.12019023233256237,0.5762504558635746,0.49576309406050256,0.6657280890182168,0.23573230393663425,0.6369723588504725,0.5007040330967815,0.03627216285557291,1972,135.19098666380748,21.157648405745,114.13550489153403,525.7342401332994,428.40657137693125,128.1977026835004
EL_0017,Calimon2024_Nernst,synthetic_clinical,nernst_equation,0.11318206651358281,0.36410843376334107,0.5378610907101948,0.6112980088481724,0.263285815775826,0.5240458971649947,0.5366119560314784,0.04038904747064664,1130,132.1203940633707,23.0227964867154,125.56730592207343,523.0047465976149,429.1562918436773,127.63067411817374
EL_0018,Calimon2024_Nernst,synthetic_clinical,nernst_equation,0.11734489133565823,0.5349102914445513,0.4175498375810396,0.6267622743231526,0.22137221457277972,0.6203861498247789,0.5342399058201495,0.03956012804175487,1288,134.94896782751647,22.28940885443669,118.33430289506542,525.2023431030517,427.013676611856,127.79177401438398
EL_0019,Calimon2024_Nernst,synthetic_clinical,nernst_equation,0.45099714275553016,0.5701504171134361,0.416081713789113,1.0,0.24996987502532184,0.4597823650556974,0.507686186017529,0.12805435709715593,1449,126.5869052037539,20.916927584684164,111.18253245934596,525.6557548988744,426.98753089134385,132.88238700321855
EL_0020,Calimon2024_Nernst,synthetic_clinical,nernst_equation,0.46986927046312377,0.31067689749440486,0.4207213824006874,0.22527576606198174,0.31419890129298955,0.5555144386438918,0.482052232614515,0.008739647031157849,1999,130.66266945289152,21.156573605602937,125.48941253994849,522.317277743477,427.0701584459508,123.60926467274545
EL_0021,Calimon2024_Nernst,synthetic_clinical,nernst_equation,0.38823519694347136,0.3968021607228467,0.55995356848444,0.8416209735007961,0.33985731089868154,0.6428918536559025,0.541532238031353,0.09666457402719278,1244,129.53933455413193,21.6619784384834,107.39016579479703,523.4253955360475,429.54973533426215,130.0300771651793
EL_0022,Calimon2024_Nernst,synthetic_clinical,nernst_equation,0.15087379134454681,0.5263559549264607,0.30850446582450125,0.24510609919405305,0.22940462956303564,0.6014321660909683,0.5422584281971096,0.1075064861107738,1712,129.12102231619463,18.179894693014024,132.32299333059797,525.0922800141972,425.07169472397425,123.81584833587253
EL_0023,Calimon2024_Nernst,synthetic_clinical,nernst_equation,0.5555440775608079,0.6245017384534178,0.6358789628130267,0.2573077740209074,0.24042677342200536,0.6430305104866078,0.5220838463843072,0.12198797360175306,2019,125.94390295915244,22.88675043737454,137.00324330306555,526.3550580297897,430.90188571204794,123.94296000188587
EL_0024,Calimon2024_Nernst,synthetic_clinical,nernst_equation,0.24415825281306275,0.6142211239182448,0.38242094365301343,0.9395672439745129,0.4654740371635981,0.6010473062399904,0.5026272748760805,0.14072747280667636,2274,128.30065390917463,21.214143282165015,113.51554343024962,526.2227840435289,426.3880684393069,131.0504382054773
EL_0025,Calimon2024_Nernst,synthetic_clinical,nernst_equation,0.5406173519460944,0.6038137329477828,0.5187066613932663,0.6075589573809209,0.2737115277454027,0.45181883606048384,0.5103665625562829,0.053845564453051296,1987,123.94981763790847,22.941609946332157,130.353448497092,526.0888789072623,428.8151718657544,127.59172232933686
EL_0026,Calimon2024_Nernst,synthetic_clinical,nernst_equation,0.2943180209278049,0.3921984623866461,0.5012215012410751,0.45069291877185996,0.2233236331696007,0.5023701062816829,0.546732551232645,0.01661049367656305,1769,120.23435171094093,22.00947496327657,125.34557777712719,523.3661627413164,428.50377979312174,125.95756113495513
EL_0027,Calimon2024_Nernst,synthetic_clinical,nernst_equation,0.08377380444058175,0.4463301091018176,0.49728842026896086,0.688821676496297,0.3923644970705074,0.4628875251105385,0.531368108359502,0.08086352175333712,2230,126.58242053914455,21.14478140056414,119.29972462296912,524.0626394615921,428.43373581153514,128.43828149093616
EL_0028,Calimon2024_Nernst,synthetic_clinical,nernst_equation,0.13848919756532807,0.6984809019750546,0.5051820501022343,0.5889514462833728,0.40464205186739055,0.6003043196182507,0.49267784346617177,0.006749019542991325,951,135.05988215571165,21.71015134603873,119.63198836511556,527.3068998507008,428.5743129485464,127.3978774867612
EL_0029,Calimon2024_Nernst,synthetic_clinical,nernst_equation,0.38852287860150886,0.4579414715328637,0.559922350682512,0.24560731001947053,0.24065318074845168,0.5487837668337672,0.4906849071648319,0.025522207230785965,2111,132.5556816828458,21.71543017160561,127.51988558791996,524.2120353162288,429.549179378471,123.82106972916048
EL_0030,Calimon2024_Nernst,synthetic_clinical,nernst_equation,0.4857175189287374,0.29993285329152347,0.7431579666154924,0.5000276625776484,0.4125810573022006,0.45658215939098784,0.5007322020221122,0.13063809912748478,2346,123.03030552486004,23.717618456575792,122.57555032106337,522.1790411088464,432.8124104686559,126.47150873366454
EL_0031,Calimon2024_Nernst,synthetic_clinical,nernst_equation,0.41254081541766763,0.365542115640366,0.43509670933016686,0.8213271260977382,0.4224355304118074,0.5893212774721623,0.5455699491742049,0.03559414154927266,1934,128.46558745189932,21.49836755366249,104.38923079997525,523.0231928506337,427.32616770227906,129.81866481483985
EL_0032,Calimon2024_Nernst,synthetic_clinical,nernst_equation,0.36485574462093356,0.7333845387722536,0.4618652447953243,0.20340942900483608,0.378463102830255,0.5520196667349614,0.4803047234045985,0.08328573448589977,1435,135.48484714131806,21.852419846998075,137.6198625493851,527.7559822628823,427.8028867982029,123.38147081883733
EL_0033,Calimon2024_Nernst,synthetic_clinical,nernst_equation,0.49815301483339697,0.39868418271259914,0.38389502282976073,0.3084108178753792,0.2816656402519327,0.5184153591942142,0.545151757745369,0.0867767688614168,1069,128.19414014706044,19.418833041118962,125.94420020421181,523.4496102899383,426.4143202188775,124.47532897048008
EL_0034,Calimon2024_Nernst,synthetic_clinical,nernst_equation,0.30730565646177205,0.5137472905735956,0.5007512576872205,0.5220332680460675,0.38883932305297736,0.5509756324044668,0.5175703039184353,0.003610055753640806,893,122.0004740259063,21.326141786171384,122.48968324058264,524.9300525238393,428.49540525645165,126.70075342444802
EL_0035,Calimon2024_Nernst,synthetic_clinical,nernst_equation,0.4980698923420036,0.7659686885084845,0.721517168181085,0.6411401583229415,0.35773665306066393,0.6278580044143911,0.5030879480597416,0.009307657895314913,1761,145.48624641158764,23.68326685982049,117.74482653344391,528.1752213423929,432.4270109058689,127.94155646760403
EL_0036,Calimon2024_Nernst,synthetic_clinical,nernst_equation,0.18380869953047219,0.6522549835874472,0.55797465822642,0.6208094000486831,0.2818485154742894,0.6456497187777969,0.5272004053897066,0.1397521493431449,1780,129.99313307212765,22.07324897943907,121.514601213895,526.7121409991969,429.51449305100965,127.72975959609032
EL_0037,Calimon2024_Nernst,synthetic_clinical,nernst_equation,0.44582036859765084,0.2946352093357325,0.5400385297102677,0.3618243436616474,0.45291303100151104,0.5921751255167085,0.5155444100248695,0.0938799164423052,2120,123.62473082900628,19.70281105047278,131.89661328302049,522.1108797667957,429.19506971230203,125.0317675206532
EL_0038,Calimon2024_Nernst,synthetic_clinical,nernst_equation,0.2640625671039685,0.4838132375331964,0.2719659348930416,0.6905006668880644,0.3777847434794439,0.45718569301117146,0.5137984430981185,0.12895904000967798,1532,132.15437392999104,19.871089512624117,124.72272325396895,524.5449105163214,424.4209824183009,128.45577247221098
EL_0039,Calimon2024_Nernst,synthetic_clinical,nernst_equation,0.3361616843277497,0.5847081462991774,0.5027203744180584,0.7548229770030268,0.26057153615455725,0.6088686687970877,0.505121480162627,0.14348813302193164,989,130.51299470652162,20.23585217896525,125.5326673260698,525.843059739817,428.5304731274196,129.12585392550005
EL_0040,Calimon2024_Nernst,synthetic_clinical,nernst_equation,0.5180002712979215,0.33386976961444137,0.6315406978090032,0.6193346869412794,0.2254630234448432,0.5166366310992054,0.5461596344571763,0.12067999422666563,1814,121.20995490959719,22.96942073844177,113.96590518811414,522.6156853569186,430.824625834559,127.71439668545437
EL_0041,Calimon2024_Nernst,synthetic_clinical,nernst_equation,0.13386415292528714,0.25851981887370495,0.48439146518381276,0.6824118166288314,0.44289569962113556,0.6146419884361272,0.5296093640384303,0.01968933166393064,1543,131.65662702053223,22.776168604298913,120.37063243326574,521.6462065076795,428.2040547826135,128.37150639831754
EL_0042,Calimon2024_Nernst,synthetic_clinical,nernst_equation,0.0894383015077061,0.4737022797048075,0.0,0.7894394620076297,0.2628243768785856,0.5614555126630021,0.5279081681445247,0.02065053963915097,1232,137.34606991781817,16.689999999999998,123.22348672801263,524.4148193926536,419.2185779469151,129.48647319645264
EL_0043,Calimon2024_Nernst,synthetic_clinical,nernst_equation,0.156555105854507,0.38753932002890956,0.4092509897547658,0.5380768303111021,0.2659991458011627,0.6341426247137534,0.5301073701127128,0.1105660470604955,1615,129.57170377413735,21.272224459973927,127.81955236541769,523.3062165843911,426.8658829741316,126.86788817908096
EL_0044,Calimon2024_Nernst,synthetic_clinical,nernst_equation,0.23828652132203,0.20759734145961173,0.6300289688204467,0.6556941359424135,0.43015538431974215,0.6456826788645874,0.528887597215866,0.06251296684388086,1506,117.89533128328529,21.631791817607457,119.89938858566398,520.9910200832891,430.7977035519543,128.09317338647654
EL_0045,Calimon2024_Nernst,synthetic_clinical,nernst_equation,0.494346947449426,0.6526326319133775,0.4992882594224599,0.1007487534810202,0.2191169980066155,0.6191923905391912,0.5225234876152183,0.05706666776489418,2362,133.24487909166567,19.889434659690874,129.46642561018353,526.716999954788,428.4693508161173,122.31199718631873
EL_0046,Calimon2024_Nernst,synthetic_clinical,nernst_equation,0.3020695635589725,0.6372799178039651,0.45987982397513116,0.5811284039279478,0.31236528902098926,0.5065563611206059,0.5149126078763678,0.14017967273865775,1947,134.9125312891357,20.78695425479809,114.71220515658045,526.5194665594616,427.7675285687748,127.31638048235797
EL_0047,Calimon2024_Nernst,synthetic_clinical,nernst_equation,0.4727184578024992,0.5011191137260013,0.6165504985017579,0.4229924387369927,0.33517913873107996,0.5275566314892758,0.4967845817190833,0.055864012676395236,1119,127.31282682906965,23.489667722133625,123.35509862037917,524.7675739788922,430.55766635630255,125.6689897530288
EL_0048,Calimon2024_Nernst,synthetic_clinical,nernst_equation,0.4624633391615208,0.7171200529903035,0.4831782185518645,0.7059788344438198,0.49430070498716255,0.5275644021150556,0.539156905820194,0.14826252372604512,1512,127.35979636744236,22.04188384254877,122.16498206224301,527.5467176939696,428.18244815276006,128.61701719416632
EL_0049,Calimon2024_Nernst,synthetic_clinical,nernst_equation,0.3264428183204348,0.8856932610608936,0.442994503832108,0.6137694181869312,0.21065101061558972,0.6401682068458223,0.4992762977032461,0.0024277003397836783,2266,145.48770175864638,20.61565525471041,112.0694515949346,529.7156396131775,427.466819007602,127.65642017049102
EL_0050,Calimon2024_Nernst,synthetic_clinical,nernst_equation,0.16025929503215436,0.5684755563491121,0.4527482187358724,0.48678436412992426,0.4133369888464783,0.5572617069508505,0.5428647500021297,0.12158736507158113,945,126.85401063039896,21.105925872275375,122.52031792446762,525.6342055538454,427.6405222778789,126.33354589224402
EL_0051,Calimon2024_Nernst,synthetic_clinical,nernst_equation,0.3129023115088337,0.2534806251165871,0.6323496837137208,0.6979467575679703,0.4251544782916322,0.48864002549567837,0.4822118410872308,0.12784567894624257,2433,123.89118062512414,21.042239187476966,118.7118558135691,521.5813704763787,430.8390330115827,128.53334256033742
EL_0052,Calimon2024_Nernst,synthetic_clinical,nernst_equation,0.08325924817253433,0.5495175859633055,0.43803485024436073,0.1863422473962849,0.35595061014654045,0.49957939455017514,0.4866761665528619,0.06358688812314484,1253,131.2204789969262,21.842669661151234,132.92607605974965,525.3902856689236,427.37849286149947,123.20367244941673
EL_0053,Calimon2024_Nernst,synthetic_clinical,nernst_equation,0.4891322742558734,0.630153213505159,0.3858368442714091,0.5917796813219941,0.44740456525001504,0.4657036779402405,0.5207821218526657,0.09599983553951222,2166,134.73324246167286,19.155322869709465,119.93897702424186,526.4277718866111,426.44890198982694,127.42734079181874
EL_0054,Calimon2024_Nernst,synthetic_clinical,nernst_equation,0.2427129401511236,0.5429012507627249,0.587952352731627,0.46402452522630305,0.2544929709673148,0.5873319747966589,0.549646499028536,0.07010380269283785,2097,134.4622515264589,20.34848417932978,125.35819820630013,525.3051575835914,430.04836385021736,126.09644393023572
EL_0055,Calimon2024_Nernst,synthetic_clinical,nernst_equation,0.35294617285986407,0.48303913759724404,0.6835156077369883,0.8010835953352943,0.4364105137406291,0.5962215921436333,0.49663604680689966,0.0653719261663731,1127,115.2890470499866,23.025572426193445,114.09498108235478,524.5349506755023,431.7502436033698,129.60777664106692
EL_0056,Calimon2024_Nernst,synthetic_clinical,nernst_equation,0.4343866609109039,0.48071320796441924,0.4102522661533854,0.5535326259562741,0.462281607977455,0.6265770613290369,0.4959389099398078,0.13438637080972363,1997,126.83792567736947,21.28607061547407,124.54437052110215,524.5050244504461,426.8837146399745,127.02889984034042
EL_0057,Calimon2024_Nernst,synthetic_clinical,nernst_equation,0.21465383274264882,0.5061335417487708,0.2898585215069652,0.6426179583655232,0.41802681721947077,0.5109392680172579,0.4837076483926797,0.0560426658465462,855,138.42695460837265,20.0656440431666,119.9048702827,524.8320913655834,424.73963032212185,127.95695153656897
EL_0058,Calimon2024_Nernst,synthetic_clinical,nernst_equation,0.415126791920358,0.4554115152825512,0.4475257026186253,0.6346840518489973,0.29573967299511816,0.47749867090600645,0.48123340019107996,0.06685393329389072,2404,133.1475456835335,20.130403734597387,117.332911434148,524.1794840132742,427.5475148301946,127.87429959823915
EL_0059,Calimon2024_Nernst,synthetic_clinical,nernst_equation,0.2762822496342157,0.682119375368813,0.5996734091936949,0.0,0.24992962299873714,0.5137851430863779,0.510251707862179,0.10708372039921696,976,123.16329288047395,22.531724455345174,143.0373126913946,527.096386720565,430.25710337753077,119.96968295703088
EL_0060,Calimon2024_Nernst,synthetic_clinical,nernst_equation,0.49970658747771896,0.608594151002834,0.5605769120402337,0.5634007984637349,0.41027281458640674,0.5344137276274825,0.5326640781106189,0.11121599280664037,966,138.99899547745676,20.587045733431715,120.34344291530093,526.1503854397727,429.5608364188454,127.13170210853147
EL_0061,Calimon2024_Nernst,synthetic_clinical,nernst_equation,0.45161785943898114,0.38961223418682245,0.6119291585512735,0.5306930583628666,0.4046549498458334,0.5379323064741182,0.5488518830214708,0.08536097933851106,1090,137.22569642508847,22.202118305165932,121.35092362321355,523.3328874237563,430.4753652156212,126.79096730001139
EL_0062,Calimon2024_Nernst,synthetic_clinical,nernst_equation,0.2064064275523922,0.4411706424491717,0.40389175590541476,0.47695874679995603,0.408068736791141,0.6349479130398927,0.49251040904441284,0.01235197436186795,2037,129.16471572473384,20.41587011620038,129.282193383581,523.9962559571051,426.7704407293053,126.23118694512038
EL_0063,Calimon2024_Nernst,synthetic_clinical,nernst_equation,0.27482846109300096,0.41102086142109273,0.3412466486505338,0.5437024736766087,0.44543376403237733,0.6088854944367494,0.5312359438554434,0.011554837223064163,1073,136.67979532372317,19.62595511851335,117.38880202753484,523.6083383177627,425.65479811473375,126.92649365011127
EL_0064,Calimon2024_Nernst,synthetic_clinical,nernst_equation,0.5197106579973501,0.8328584972434472,0.42827778639020253,0.44129204827440394,0.21783262648727494,0.530334277761707,0.5491848842801612,0.08988582877024254,2464,143.83843976621174,21.783783294841,125.73129861516539,529.0358490423541,427.2047299499842,125.85962701297072
EL_0065,Calimon2024_Nernst,synthetic_clinical,nernst_equation,0.14872307373437177,0.20684081671116825,0.5132002643139223,0.43093098289769766,0.369645885000251,0.5378086520938906,0.4889210138899086,0.06964989789270513,1497,124.3225105523818,21.247111820715855,126.49348133660257,520.9812863709863,428.71710880059794,125.75169000428994
EL_0066,Calimon2024_Nernst,synthetic_clinical,nernst_equation,0.17270105738440011,0.43001887943486194,0.4651070266287412,0.3549211573081269,0.27209683054756006,0.564941840573515,0.5192450047602191,0.11530938420181219,2220,134.6093011042767,22.475645211312028,124.60226703640735,523.852773469488,427.8606194786785,124.95985317031621
EL_0067,Calimon2024_Nernst,synthetic_clinical,nernst_equation,0.12922692682850268,0.7251549031922807,0.6799626785053337,0.018057146455959648,0.4911665859426496,0.47591573281681593,0.4878138765959478,0.06887594125069507,2309,143.75018711920237,22.788075184019295,139.20993592941704,527.6500968899883,431.68696971924567,121.45055250077918
EL_0068,Calimon2024_Nernst,synthetic_clinical,nernst_equation,0.4696849089671793,0.7320564750035263,0.5238767641549722,0.6650475622622138,0.21329294337149787,0.5141187814160636,0.5200313001529666,0.10822043068072307,1395,135.23285884555844,20.837991984657165,117.13360436735587,527.738894929426,428.9072458874207,128.19061325594643
EL_0069,Calimon2024_Nernst,synthetic_clinical,nernst_equation,0.24254243875343506,0.45720499115594093,0.5960686114780659,0.4268349433501864,0.26436626229283733,0.5538895475624681,0.5267802570296389,0.1199336065798779,1127,126.23949352866211,21.947826108941246,133.80771628320673,524.2025595018283,430.19290577097064,125.70901927110545
EL_0070,Calimon2024_Nernst,synthetic_clinical,nernst_equation,0.4042997603377476,0.4166388214572573,0.3595632812113175,0.3356945073216741,0.29784491513580846,0.5727168369711754,0.48365100615973305,0.014894001944520546,1669,132.58665560642046,20.789568636828783,126.22163966527003,523.6806209586588,425.98099782506574,124.75955841190694
EL_0071,Calimon2024_Nernst,synthetic_clinical,nernst_equation,0.1328465444150183,0.6905252483995997,0.5655719138785149,0.33421737455752176,0.3739686794683353,0.5267453518982547,0.48655097387495316,0.05997996945548911,2490,139.8135540310956,22.39482573359208,129.33528124591234,527.2045396262089,429.6497920796279,124.74417029435433
EL_0072,Calimon2024_Nernst,synthetic_clinical,nernst_equation,0.30314278617567325,0.38416567922372896,0.5043542484094381,0.5633980425558103,0.42017801708974595,0.6047961192533822,0.5349273186510215,0.034225100157087664,2399,124.56925227635462,21.766462273938473,125.289588726386,523.2628101405461,428.5595706823844,127.13167339869838
EL_0073,Calimon2024_Nernst,synthetic_clinical,nernst_equation,0.45788950081919305,0.6692541824998282,0.45372022012138047,0.37085620860887714,0.49501026810948356,0.4550982778059535,0.5283014096120697,0.039593675043522986,860,130.86768204041348,20.42057666774044,136.2333347444186,526.9308586444979,427.6578325869296,125.12585750558897
EL_0074,Calimon2024_Nernst,synthetic_clinical,nernst_equation,0.20984891569000225,0.6159387648078484,0.48025782065679207,0.571748997251875,0.24990881729351655,0.47954470567942636,0.5020436683268702,0.08890170988706182,830,129.50414476881474,20.28910271110093,120.58104518630245,526.2448838126288,428.1304389778058,127.21866996099673
EL_0075,Calimon2024_Nernst,synthetic_clinical,nernst_equation,0.07033092579671579,0.4150674118231148,0.497549242927983,0.481827090784745,0.22907253040334333,0.5081006494397238,0.5261793137502965,0.014777261020280074,2134,127.02527964114111,21.82180864241302,126.40020809771679,523.660402652093,428.4383807851971,126.28190320525793
EL_0076,Calimon2024_Nernst,synthetic_clinical,nernst_equation,0.09224518194752135,0.6544217331475448,0.5906028822984704,0.38899077214914257,0.26038980456802696,0.5393620508494802,0.5469339909010084,0.10842812695130312,1706,132.60353560956418,23.224639952664553,132.15496733686322,526.7400191577021,430.09556695777883,125.31477538913677
EL_0077,Calimon2024_Nernst,synthetic_clinical,nernst_equation,0.29170177369301725,0.561922771927961,0.6622909137162415,0.675825188002299,0.44931603226920147,0.4697781679964634,0.49013130533366506,0.04596865970256759,1576,130.4164167465823,22.81503505159346,118.88103999685264,525.5498951350929,431.37225441684893,128.30288980674217
EL_0078,Calimon2024_Nernst,synthetic_clinical,nernst_equation,0.41970225671588934,0.7611548721135437,0.31408231132629955,0.19897939435230555,0.3679735058734239,0.6486342166388088,0.5097571960509993,0.026391491598747988,1892,135.17100764745072,19.91947523575155,129.98310914235245,528.1132850951474,425.1710302094094,123.33532067197875
EL_0079,Calimon2024_Nernst,synthetic_clinical,nernst_equation,0.3342694960355944,0.734182329862119,0.358236883918466,0.7709690220691475,0.436349956455649,0.5816714184370593,0.5159977995343382,0.013451738498907018,1377,138.3507950682986,20.084586025244587,122.7272956201683,527.7662469223828,425.9573761024987,129.29405630074808
EL_0080,Calimon2024_Nernst,synthetic_clinical,nernst_equation,0.13768517796841606,0.4759660680337616,0.43814194829931746,0.714835066382937,0.324314950806883,0.5758226286960861,0.5347560300330487,0.10275677635629293,1410,122.92661361329928,20.315949992840718,114.06762857337924,524.4439460859361,427.3804001637499,128.7092775118978
EL_0081,Calimon2024_Nernst,synthetic_clinical,nernst_equation,0.13452110458760375,0.7015144496896302,0.5238641955693347,0.8140570735262241,0.30383856202147635,0.45858245453203883,0.5303633825223526,0.14288789719761286,2080,131.49152349883533,20.463396200552094,112.52468220072481,527.345930537762,428.90702205430176,129.74292861407372
EL_0082,Calimon2024_Nernst,synthetic_clinical,nernst_equation,0.31551453265434765,0.5367493478628985,0.2246916052899413,0.39557353215883934,0.2170525852044748,0.49133220144614315,0.48628735474227514,0.06060099346203038,834,130.72052397335904,18.547843637475005,122.21336278636726,525.2260050468568,423.57907697681236,125.38335167916844
EL_0083,Calimon2024_Nernst,synthetic_clinical,nernst_equation,0.5471361202639731,0.4697092878827246,0.7446765638371293,0.32777387158331456,0.4485949729887802,0.476318815410302,0.5445258429552456,0.06760324329077828,2079,132.35981976295943,22.640367830483658,129.91510206582296,524.3634441617658,432.83945506717396,124.67704472269013
EL_0084,Calimon2024_Nernst,synthetic_clinical,nernst_equation,0.23136701368187862,0.5620402789801748,0.34980833683925877,0.8631535901945865,0.3530576776740818,0.6307465071372385,0.4857276328962102,0.10029113884002458,2022,130.96114130193857,20.684264105465928,108.05773669743128,525.5514070219706,425.80727265926845,130.2543944675508
EL_0085,Calimon2024_Nernst,synthetic_clinical,nernst_equation,0.13389206673915888,0.4008602538253889,0.6913206588625016,0.20395184437337044,0.4236703855206053,0.5772273060856262,0.4931269633562593,0.025609811416957444,1317,124.79356399085009,22.1254565817591,124.28720427859739,523.4776083828043,431.8892432479726,123.38712146287956
EL_0086,Calimon2024_Nernst,synthetic_clinical,nernst_equation,0.1813754356641133,0.7474110463650138,0.5798728101235519,0.23813920936784355,0.2255749225346219,0.5569225348592862,0.5421825348653998,0.07721167409335342,867,140.35584953101807,20.90425992709916,129.21372520038054,527.9364522208078,429.9044758047689,123.74327035085757
EL_0087,Calimon2024_Nernst,synthetic_clinical,nernst_equation,0.2036899576277842,0.7225528482051389,0.3897617571737208,0.5775884589658581,0.3090150112989489,0.6218155388900686,0.5127624285045909,0.03201739983669139,1947,143.07806372423494,21.363943536506312,113.76099681651307,527.616617939441,426.51880050679307,127.27950289726314
EL_0088,Calimon2024_Nernst,synthetic_clinical,nernst_equation,0.4421436159186082,0.6396567963526918,0.3007639744966128,0.40045884473645255,0.31849249986335515,0.5800358444436535,0.5331030838835602,0.0484104340824484,1340,134.55462520505625,20.3242581708955,118.34615762551438,526.5500483111091,424.9338448205815,125.43424471062094
EL_0089,Calimon2024_Nernst,synthetic_clinical,nernst_equation,0.17858384064929822,0.45715230849321997,0.5702865949373416,0.42704408880569567,0.40773364437246407,0.6059522110558244,0.4967325160204864,0.03854532808489062,2394,134.88187037267377,21.355635327321764,126.93525262403287,524.2018816682435,429.73375552599794,125.7111980562039
EL_0090,Calimon2024_Nernst,synthetic_clinical,nernst_equation,0.5037546305284588,0.6121088087733862,0.38556682766515166,0.36319020448439776,0.26919454225558676,0.4670480595592308,0.5019636883401907,0.0986770858382038,2143,131.8974041577119,20.032144075451217,128.90159018507495,526.1956062572698,426.44409328176044,125.04599645620392
EL_0091,Calimon2024_Nernst,synthetic_clinical,nernst_equation,0.31046470220825273,0.48249870364215586,0.4256283784129237,0.4780144579240145,0.3091498130805156,0.5364085427052953,0.5071885483710367,0.1439977362356513,1375,137.25320858716782,21.367281902149156,134.28117934205713,524.5279972630087,427.15754681673786,126.24218487792159
EL_0092,Calimon2024_Nernst,synthetic_clinical,nernst_equation,0.5491241759363086,0.39898553578138307,0.8117790207382886,0.4161467344310473,0.2609088995699342,0.47218634865285797,0.5325581437566058,0.1053464484976797,1647,115.44830149957562,23.68784022785355,118.68525349474358,523.4534876040369,434.03447832983346,125.59767422530729
EL_0093,Calimon2024_Nernst,synthetic_clinical,nernst_equation,0.46506331750597957,0.6520557628880096,0.46616492727604547,0.64546306541051,0.4302818058374695,0.5510315837256333,0.5398100570747212,0.11266342956635789,1784,131.03532003852,22.217349407512774,117.05309279640016,526.7095777559229,427.8794595620598,127.98659060674633
EL_0094,Calimon2024_Nernst,synthetic_clinical,nernst_equation,0.4586622317001252,0.5241532137888799,0.4819015556108657,0.1399504291982032,0.40189469218209445,0.5372417528445246,0.4979377529936035,0.00889091801519658,1798,127.40091345277568,21.85695148461139,134.62712050853546,525.063938775454,428.1597121460097,122.72038295152194
EL_0095,Calimon2024_Nernst,synthetic_clinical,nernst_equation,0.5232727707178138,0.5904303534148431,0.31448657583930184,0.35533558561239026,0.21893904809733594,0.5755514154523194,0.4901239836686413,0.0755845797438874,1560,131.99177764635604,19.32800691568663,117.48481391280016,525.916683660139,425.17822972965973,124.96417050157979
EL_0096,Calimon2024_Nernst,synthetic_clinical,nernst_equation,0.12403925449243963,0.6177012508511108,0.3356822112347422,0.5054257585772209,0.20365050361460996,0.5760477624765808,0.505131583168306,0.015778242731845752,1624,138.04189014145615,22.290592551231057,126.47187281411655,526.2675605751778,425.5557014130246,126.52774371661093
EL_0097,Calimon2024_Nernst,synthetic_clinical,nernst_equation,0.14447204572579248,0.4716586014959334,0.5890110337159363,0.29499664288037936,0.4825084494504978,0.5140009771522697,0.5033767466302573,0.12597870050993784,1399,131.18162838602072,22.443191813444813,138.4037777777967,524.3885247132454,430.06721783056935,124.33558601256613
EL_0098,Calimon2024_Nernst,synthetic_clinical,nernst_equation,0.34935892771993426,0.5029760265639773,0.4639882364879652,0.46644483182747015,0.39072164960802,0.477059927502567,0.5131533524728571,0.04587472936776194,1803,128.75645395589441,21.821177163965555,128.21928589847604,524.7914656696445,427.8406950182935,126.12165761677491
EL_0099,Calimon2024_Nernst,synthetic_clinical,nernst_equation,0.4754780887782566,0.6297569711699178,0.6034214176924506,0.19320538248617158,0.37669177666290266,0.5824743248792498,0.525417811355043,0.008759433608873084,2328,122.09309811995854,21.736423512028864,128.4368839445895,526.4226736939858,430.3238514155535,123.27516956335637
EL_0100,Calimon2024_Nernst,synthetic_clinical,nernst_equation,0.10973607495975074,0.5561995245960276,0.5770144330565637,0.32806207926033054,0.3977186587475935,0.5631047060763145,0.4807299059133432,0.030703924437447194,1484,130.36172308692448,21.179915526030953,131.95983066592984,525.4762578309842,429.8535711546823,124.68004714313676
EL_0101,Calimon2024_Nernst,synthetic_clinical,nernst_equation,0.19788630715101058,0.44764507841089274,0.5993128433202702,0.5043618066516833,0.34978502034891595,0.5123997228818368,0.5445068799478279,0.08048655266751512,2191,135.35585448325924,22.419561949841267,126.59705715454339,524.0795583171456,430.25068208349234,126.51665993477505
EL_0102,Calimon2024_Nernst,synthetic_clinical,nernst_equation,0.28887468369109964,0.2573505100959666,0.6738863061022965,0.5192077184000092,0.2344207883782744,0.5706564638901177,0.5062815784040049,0.05297601933145582,1225,125.68544686839353,23.59330657132884,128.4710612594131,521.6311617715237,431.57875600085816,126.67131809462565
EL_0103,Calimon2024_Nernst,synthetic_clinical,nernst_equation,0.3445652513562206,0.16723356830231745,0.5609935051913333,0.63217380757394,0.3123738820804956,0.5808234968356022,0.49144960231354007,0.009523454222205885,954,118.25865831370967,21.9189292314615,120.42076194734244,520.4716856448881,429.5682554990046,127.84814898068616
EL_0104,Calimon2024_Nernst,synthetic_clinical,nernst_equation,0.08768956707397896,0.7060969015913576,0.3469558849353526,0.47076044660053395,0.2151935979331179,0.6266305972743664,0.5388849901857737,0.051883511337303484,911,145.5923945662406,19.874404028535224,131.11893276391083,527.4048899684279,425.75647353002336,126.16661578780145
EL_0105,Calimon2024_Nernst,synthetic_clinical,nernst_equation,0.4884940939008867,0.7200729140869708,0.3628560080433303,0.5875375682561962,0.37773183502368046,0.46672553263598815,0.5363170719807501,0.06661730542754617,2480,133.20177134340346,19.994509083680487,125.80398910506248,527.5847102387532,426.0396377816866,127.38314832915584
EL_0106,Calimon2024_Nernst,synthetic_clinical,nernst_equation,0.5147757953875507,0.39912144862141763,0.6989895449737081,0.7282052573972537,0.2651836336301409,0.6162013577979549,0.5296199979242993,0.14441797632421052,985,129.64414476890377,22.54019660103541,112.33614807498111,523.4552363062253,432.0258179387485,128.84856226410295
EL_0107,Calimon2024_Nernst,synthetic_clinical,nernst_equation,0.10258358335527817,0.8369190352536267,0.4688023382243252,0.5295499951775547,0.3792196673561459,0.5873161856042576,0.49542247200987,0.05911700752690926,2108,139.94845680525594,19.887161494117468,124.58976065593781,529.0880933461486,427.926429041002,126.77905937196829
EL_0108,Calimon2024_Nernst,synthetic_clinical,nernst_equation,0.277129880093432,0.5747806095000153,0.5511312244308315,0.9675938032342125,0.22831586012605068,0.595311981637905,0.5035850070852955,0.1192394276155096,1642,131.96405299208152,21.715656330077593,107.41210565484596,525.7153285753343,429.39261878649137,131.34240653692973
EL_0109,Calimon2024_Nernst,synthetic_clinical,nernst_equation,0.060621719433051,0.7221453349971144,0.526145532882678,0.4484387588700865,0.4296839852066496,0.5979589985315718,0.4806811672108866,0.05544064464206468,1084,139.5716832763236,20.85749789597454,127.9430603154911,527.61137473182,428.9476502411867,125.93407829144054
EL_0110,Calimon2024_Nernst,synthetic_clinical,nernst_equation,0.2923701547561237,0.7111027233623085,0.3893026186750036,0.6984987761002733,0.4528713675841379,0.5040409526608264,0.5335403391031206,0.02751411234186845,1921,139.02424816945546,19.71658955323217,121.19711300973616,527.4692966240699,426.510623739323,128.5390932459037
EL_0111,Calimon2024_Nernst,synthetic_clinical,nernst_equation,0.1810199963880233,0.4808817228233208,0.6137307996377043,0.35982509832160664,0.4153076931623997,0.4786312623328144,0.5030308829648753,0.06630414126456356,2292,122.91581161587402,22.706663254061503,136.42753499006338,524.5071926216244,430.5074505238003,125.0109402645963
EL_0112,Calimon2024_Nernst,synthetic_clinical,nernst_equation,0.5082541175557658,0.5364652698971852,0.6356544157692416,0.33217648757764806,0.20961118003091847,0.4556037702545621,0.5219880722944433,0.11951260759953514,1765,133.99936559887942,22.509629507687176,126.34617460459388,525.222350000283,430.89788676844324,124.72290923406237
EL_0113,Calimon2024_Nernst,synthetic_clinical,nernst_equation,0.09973475167580276,0.42926340024130705,0.18680489323628852,0.1755259566838555,0.48507535806006735,0.5906127075275032,0.5464378437609417,0.04936466384611531,1787,142.08457534803412,19.271630593869208,129.44017292809042,523.8430532096605,422.90435500178114,123.09099310399478
EL_0114,Calimon2024_Nernst,synthetic_clinical,nernst_equation,0.4899693733667426,0.3718629429218783,0.6390479449876113,0.6497448842760915,0.314139266946288,0.642971983753714,0.49854949538543786,0.0473420439031831,803,124.67862208867751,22.155866235829567,115.38953045966522,523.1045188276101,430.9583219081646,128.03119670691657
EL_0115,Calimon2024_Nernst,synthetic_clinical,nernst_equation,0.20259787415257485,0.3381996973084233,0.6179780057533523,0.22622721318235686,0.24091701189285755,0.6018110819421195,0.5450765686410314,0.09010704655528119,2216,124.75706635678553,21.926358192070513,127.73417204225524,522.6713957227089,430.58308873950654,123.61917642914862
EL_0116,Calimon2024_Nernst,synthetic_clinical,nernst_equation,0.27667101518416154,0.49514645263909174,0.5329152652514016,0.5975289158525424,0.4716052706981111,0.5652370825014545,0.5196333761178185,0.039286483781308404,851,125.83808516588213,22.71480780770286,118.29851487906832,524.6907276300823,429.0682119618182,127.48723378108862
EL_0117,Calimon2024_Nernst,synthetic_clinical,nernst_equation,0.3479552337086982,0.6505556825321457,0.6349813044762272,0.34004514383834195,0.3190554411025592,0.6481391131798362,0.5417323675463661,0.11243794351152232,1570,136.74977476128242,21.661847643689356,130.6244858441678,526.6902771968266,430.8858993734855,124.80488142400975
EL_0118,Calimon2024_Nernst,synthetic_clinical,nernst_equation,0.07380802863113506,0.5358757500924083,0.4695170079978421,0.8448226218394582,0.44312821071944547,0.5099951763536594,0.48886912915242653,0.017000112817155875,2475,132.87722470519836,23.64013274255637,114.89733215087657,525.2147650320604,427.93915654821876,130.06343052527873
EL_0119,Calimon2024_Nernst,synthetic_clinical,nernst_equation,0.5011347582847507,0.5468308500958893,0.528907820903918,0.5493270338733358,0.24437334090365864,0.5516694192027273,0.5252875978814916,0.07752726844618889,1380,118.6904148059348,21.20114241599668,123.64182835234136,525.3557171845206,428.9968436477472,126.98508783716703
EL_0120,Calimon2024_Nernst,synthetic_clinical,nernst_equation,0.5547816409145698,0.49835658295539625,0.4869212499319142,0.8043669806596273,0.23475039750241095,0.4759909808153842,0.4891226879492085,0.10217656441057914,1634,133.2386457292732,20.972811795949855,114.61587708475389,524.7320302907259,428.24910755360156,129.64198150102771
EL_0121,Calimon2024_Nernst,synthetic_clinical,nernst_equation,0.46868120168639216,0.2559707945718758,0.37953281531352734,0.4038369105602013,0.42325985745818495,0.6219407776409488,0.4950303109280024,0.06072482937747526,877,129.4502635789533,19.86957832217139,123.75576686881529,521.6134098684976,426.3366339507558,125.46943591025973
EL_0122,Calimon2024_Nernst,synthetic_clinical,nernst_equation,0.13902115988818675,0.5430978270240739,0.4118790909529018,0.4391564898975456,0.40143524574663136,0.4974368923094528,0.5150111304397781,0.12007644686935319,1233,130.34255719932543,19.933711205353724,137.26010677072412,525.307686802599,426.9126866563428,125.83737970782587
EL_0123,Calimon2024_Nernst,synthetic_clinical,nernst_equation,0.5132653160597447,0.5955695233106965,0.4490045974544091,0.5199305203289694,0.4465752141766285,0.5250596150746241,0.5302109406181275,0.05929326916044147,1083,125.71144158374128,19.79155855154576,127.99542873142647,525.9828060194465,427.57385237152175,126.67884792628331
EL_0124,Calimon2024_Nernst,synthetic_clinical,nernst_equation,0.26093475782462444,0.6072330434651548,0.3835027475934951,0.5584627710041049,0.42277795539266905,0.6195875515517257,0.5122072309423383,0.08917152615876595,2104,133.28537003547532,21.74288744329491,122.62768506640538,526.1328729536151,426.4073342148718,127.0802599166914
EL_0125,Calimon2024_Nernst,synthetic_clinical,nernst_equation,0.4667730899991599,0.5982959144852776,0.5681898521254576,0.6118207064152259,0.39731717160833985,0.613005420850171,0.5203137530858046,0.0006972253387920957,2286,137.77242841116146,20.977514069677945,105.32942704149846,526.0178847229164,429.6964147705066,127.63611935085795
EL_0126,Calimon2024_Nernst,synthetic_clinical,nernst_equation,0.08216612540114071,0.5046627561508663,0.5126756123673097,0.7397510817448807,0.26631975951416503,0.5411367333002632,0.5031703035188227,0.10689316190224828,1750,126.95783491274545,21.919188365851262,119.0459077188178,524.8131677231004,428.7077653084226,128.9688415691287
EL_0127,Calimon2024_Nernst,synthetic_clinical,nernst_equation,0.48189567223325036,0.5836013317449263,0.4641500144487909,0.6806625924693452,0.44548027044787714,0.647265930910268,0.49971772835537176,0.04729880330702189,1622,120.3091059623131,19.501479455495282,126.2395339577923,525.8288190762223,427.8435761114084,128.35328375263174
EL_0128,Calimon2024_Nernst,synthetic_clinical,nernst_equation,0.5415788501280511,0.40837542355484585,0.4733137278272624,0.5679923735167242,0.3495522399572304,0.5731671030928864,0.5034413405435674,0.10172689401180997,2022,129.1230994855082,20.056563245727247,119.22269334971102,523.5743011879027,428.00677208314085,127.17953511202425
EL_0129,Calimon2024_Nernst,synthetic_clinical,nernst_equation,0.39284877403696017,0.6160400843817397,0.38089970889731206,0.3008384880524374,0.21414179248094753,0.4771475062521828,0.49335470990640945,0.03674360459901745,1833,135.89267219576826,20.03010689846245,133.0213097654997,526.2461874257425,426.36097686911734,124.39644377864738
EL_0130,Calimon2024_Nernst,synthetic_clinical,nernst_equation,0.31318312678089455,0.5768178498744267,0.7190309327493558,0.4076502406197439,0.3470608562616885,0.5223614736070981,0.5495921654177215,0.01667539991307618,897,128.36961608993866,24.805755054147323,123.3693517166483,525.7415404233102,432.38273370180553,125.50916150070576
EL_0131,Calimon2024_Nernst,synthetic_clinical,nernst_equation,0.5385281482401549,0.4183306558403465,0.4932713566581185,0.10776451582377553,0.2732947675906047,0.6310199242535286,0.5308038771530189,0.11107815554381792,851,121.49066213818658,21.13988031360915,130.53959722671655,523.70238869221,428.36219618863265,122.3850843036527
EL_0132,Calimon2024_Nernst,synthetic_clinical,nernst_equation,0.2468667584157337,0.5841967281044957,0.6408978695874477,0.3822009666957895,0.2416524927643956,0.6262425464931027,0.532473480889455,0.11363051801958438,903,135.93712180459485,21.295804874819446,124.31889410879712,525.8364796542564,430.99126709427344,125.24404219100379
EL_0133,Calimon2024_Nernst,synthetic_clinical,nernst_equation,0.5043783592695129,0.6236841400530955,0.4083703226803817,0.7709492534839151,0.35741877812885725,0.6233886991883738,0.5238738623230466,0.08903516351235635,2382,140.10407465931922,21.27839877859195,120.89500714107994,526.3445385224975,426.8501992318493,129.29385036034734
EL_0134,Calimon2024_Nernst,synthetic_clinical,nernst_equation,0.1401143880110025,0.5088314964545795,0.6313994588024378,0.7159160172910567,0.4106340650515057,0.5884510779191809,0.5121513135293903,0.020284298117707843,1160,131.1878993652088,23.83794203271218,119.50415529457881,524.8668041954894,430.8221105183361,128.72053838163572
EL_0135,Calimon2024_Nernst,synthetic_clinical,nernst_equation,0.3881167161468159,0.4393565233535275,0.197643346611753,0.5300695373732479,0.45457301221874014,0.5090940685775027,0.5249098989966124,0.007673927129440694,2010,120.7989964047176,18.86705713925334,115.65346324714537,523.9729148656254,423.09737630849736,126.78447173338554
EL_0136,Calimon2024_Nernst,synthetic_clinical,nernst_equation,0.15315345908713696,0.5641797015511658,0.5167308719815044,0.2570110913577103,0.4157493145336668,0.5837026362935643,0.5323684560077648,0.02833928331730417,2434,129.02906283649511,21.305957746826603,130.6678858662498,525.5789335818657,428.7799851614486,123.93986929277163
EL_0137,Calimon2024_Nernst,synthetic_clinical,nernst_equation,0.1782419929613771,0.7990413634638746,0.27726448957849587,0.8616206704405195,0.30976151094469273,0.6087329962071603,0.5316546756235195,0.13881773884177998,1016,132.0283334484735,18.852338940957022,119.81255504377408,528.6007459584253,424.51534403186923,130.2384251857457
EL_0138,Calimon2024_Nernst,synthetic_clinical,nernst_equation,0.1679289503826062,0.2805354128341516,0.19352779278558746,0.27181610291981406,0.4345560618470732,0.5058040354837291,0.4901011737688297,0.04969475106910096,1165,125.88593196666147,17.66369157658433,126.57875351231013,521.929466848108,423.024082679797,124.09410137252382
EL_0139,Calimon2024_Nernst,synthetic_clinical,nernst_equation,0.38134720827402485,0.8010802376791047,0.5578145850412137,0.4655485431076418,0.2975442338693451,0.5765430248601984,0.538380483915137,0.02566670000061445,1550,134.78774855782433,20.24724328212412,119.11669571913151,528.6269788279692,429.51164231813215,126.11232047625748
EL_0140,Calimon2024_Nernst,synthetic_clinical,nernst_equation,0.353659905086041,0.4259280161857634,0.4862759572925858,0.5902603267318112,0.3709834149247283,0.5999535116668494,0.5269263137304737,0.04152101956742306,2108,125.26132347579029,22.047097239010498,115.1488341993027,523.8001389905515,428.2376155792264,127.4115128259072
EL_0141,Calimon2024_Nernst,synthetic_clinical,nernst_equation,0.4471110955780066,0.5320652500270608,0.4122010803389755,0.21861698235166135,0.3817726829639889,0.5489030913916637,0.5439089784501706,0.05656755962575203,2062,131.22376082664894,20.147484260063518,126.81260257165405,525.1657378040123,426.9184209442431,123.53989640133582
EL_0142,Calimon2024_Nernst,synthetic_clinical,nernst_equation,0.406695615440713,0.6178919500607849,0.5153137952298906,0.5239567372610985,0.21341774487293055,0.5468793831566126,0.5140178753224667,0.024296292736402547,1904,129.60102188107786,22.021351287894444,117.54346825848002,526.2700141779808,428.75474853433604,126.7207912782605
EL_0143,Calimon2024_Nernst,synthetic_clinical,nernst_equation,0.1153008757412885,0.6985870948950371,0.4905344755693707,0.47495843205388094,0.2636390212611833,0.6451153268871118,0.5308525887655472,0.13725676892169797,2200,134.99531216017905,21.567167798072578,120.00853081654598,527.3082661659917,428.31345525246985,126.21034854846314
EL_0144,Calimon2024_Nernst,synthetic_clinical,nernst_equation,0.22166005187432042,0.6735850321022437,0.7313142267968976,0.5475951267916769,0.33179489235729587,0.5147743900041133,0.5017018211525466,0.11209533806228836,835,130.96881995517077,21.18166701040334,113.96933798374845,526.9865808718849,432.60148608147654,126.96704559315923
EL_0145,Calimon2024_Nernst,synthetic_clinical,nernst_equation,0.3005659054137325,0.6811855067030833,0.4945497077039935,0.7549680802380789,0.44815361199740383,0.616573808359598,0.539542038381109,0.12051353536472442,1287,129.80441803649353,23.385992788841502,119.34896244875418,527.0843712393272,428.38496225873223,129.12736554699572
EL_0146,Calimon2024_Nernst,synthetic_clinical,nernst_equation,0.25187028475641565,0.45574961771070716,0.5023895724564013,0.32079680994380344,0.4249239075885183,0.632645245626869,0.48207958137427265,0.05520450790302105,2417,125.9296911149052,20.464222616739374,123.03164303820981,524.1838341574979,428.5245818969376,124.60436077221112
EL_0147,Calimon2024_Nernst,synthetic_clinical,nernst_equation,0.13092491095962105,0.7052892995855142,0.7568368466884051,0.5132499616667773,0.4074888471796396,0.5171842563247813,0.4982461158913218,0.14347631193521174,1916,131.282174003251,21.997629011535633,120.81306422151334,527.3944990782472,433.05601674850254,126.60925281303032
EL_0148,Calimon2024_Nernst,synthetic_clinical,nernst_equation,0.14852884839128516,0.44128724905078937,0.3988341444596471,0.25171257297393956,0.3301087751024707,0.5740675610887599,0.4818246624852819,0.06068877495688241,1478,129.39727406631636,18.569153784060155,128.68577350919247,523.9977562584701,426.68037005812124,123.88467166550156
EL_0149,Calimon2024_Nernst,synthetic_clinical,nernst_equation,0.15579747484221151,0.41793258572332753,0.5270194809119038,0.4413036356139936,0.48301391569842533,0.530287632399773,0.5169879288381041,0.018410897931646342,1615,125.49731166270304,21.55508371695516,123.89610769062645,523.6972669827043,428.9632143244336,125.85974772476322
EL_0150,Calimon2024_Nernst,synthetic_clinical,nernst_equation,0.22399077926280625,0.5343809240272831,0.3863845298482616,0.0,0.3717999510415678,0.48272742178319755,0.5343803646985279,0.12910795586003518,1304,132.0791476460338,20.996170822153825,144.22,525.1955320765086,426.4586556864155,120.88685444429767
EL_0151,Calimon2024_Nernst,synthetic_clinical,nernst_equation,0.5556332493725218,0.5138625066407126,0.49165163527599226,0.44327322003387365,0.33664344547853325,0.6203672517523802,0.495142397831328,0.07587497694849035,1196,133.38577686295847,19.54387314887821,125.88066418420223,524.9315349341006,428.3333506765597,125.88026598643775
EL_0152,Calimon2024_Nernst,synthetic_clinical,nernst_equation,0.4413824055605806,0.5138881041200656,0.6331718427000342,0.7999635297668376,0.33191859129906043,0.6211098980871057,0.5317251601990303,0.05647794610447274,818,128.89757785105695,22.025643082603594,110.50332874960637,524.9318642802326,430.8536747871543,129.59610829205164
EL_0153,Calimon2024_Nernst,synthetic_clinical,nernst_equation,0.36902540416768614,0.7333402639898188,0.3033938808519282,0.724761918329986,0.22746552072537385,0.47263180131793525,0.48759105324258833,0.10865354022447535,1500,137.0127273864974,20.239846892474056,121.34427719871621,527.7554126080291,424.9806806507188,128.81269107660614
EL_0154,Calimon2024_Nernst,synthetic_clinical,nernst_equation,0.1970180229385654,0.6416055451108299,0.6582628305241791,0.42560926556567097,0.42237927695434196,0.6344499402500751,0.4820139571983617,1.3943963377116564e-06,2318,132.74679583729704,24.119529786168776,121.96111318802294,526.5751215949656,431.3005185469458,125.69625070061032
EL_0155,Calimon2024_Nernst,synthetic_clinical,nernst_equation,0.3177599579571883,0.33956398626619194,0.12729681948882265,0.8144983568480189,0.33930046208311565,0.5295631190244517,0.5403336963813066,0.04962777073089675,1951,122.8561736629733,17.578908086608465,118.49094558273238,522.6889491421313,421.8445796116039,129.7475257090638
EL_0156,Calimon2024_Nernst,synthetic_clinical,nernst_equation,0.17897773572547543,0.5851880919526413,0.29783829938899065,0.3656977772591023,0.4236826785499531,0.5392699328765252,0.5275021346133367,0.12784632448324354,2304,139.60594762749844,21.78976591056584,123.37698913976187,525.8492348886425,424.88174166409436,125.07211924324467
EL_0157,Calimon2024_Nernst,synthetic_clinical,nernst_equation,0.08255450314266805,0.5137263003452585,0.41361485547235444,0.5516946242277553,0.315668864033096,0.5186460349935103,0.5371675117493147,0.1450583104842465,981,135.96105288151844,21.467034720899754,118.27901291713333,524.929782456212,426.94359877305266,127.00975234910149
EL_0158,Calimon2024_Nernst,synthetic_clinical,nernst_equation,0.47773432055427234,0.6457167657669365,0.49149127609526627,0.6992335799643361,0.22746671818128533,0.46122739608196317,0.5054279856143713,0.1434824031712242,2320,137.4617014399612,20.959043903747304,125.22967696847554,526.6280179994286,428.3304948504067,128.54674810842704
EL_0159,Calimon2024_Nernst,synthetic_clinical,nernst_equation,0.4166408611911181,0.39445061076181814,0.5043949331893374,1.0,0.3606499146267121,0.45328721158646545,0.49759190711078105,0.13826328675403393,1758,133.6192138943531,20.56909995017887,109.27014348507174,523.3951396708779,428.56029523496653,133.75666291244812
EL_0160,Calimon2024_Nernst,synthetic_clinical,nernst_equation,0.28199951037336307,0.194649198087084,0.4926516076583877,0.5766645628705058,0.43396507572035403,0.5997426194050092,0.5204817301088146,0.12502681496124826,933,116.12192357203234,21.507746273894426,131.00640831915842,520.8244247369992,428.35115911926306,127.26987815528551
EL_0161,Calimon2024_Nernst,synthetic_clinical,nernst_equation,0.07531209111888143,0.5902841378225561,0.7366469234729743,0.6966278146107967,0.22823239062126785,0.4937681633901552,0.5152490982427866,0.12712980051930264,1411,138.0418327981311,23.06764035297469,111.62257252180908,525.9148023991328,432.696455727521,128.51960239441414
EL_0162,Calimon2024_Nernst,synthetic_clinical,nernst_equation,0.37146852901653143,0.6690807142994392,0.41053198583817263,0.6043446848176771,0.3334813094023822,0.5951473020018075,0.50333322131807,0.14304990856431266,1173,131.4484332964147,18.77466875075047,120.98348446964226,526.9286267418936,426.8886961495314,127.55823745563447
EL_0163,Calimon2024_Nernst,synthetic_clinical,nernst_equation,0.19861250371094114,0.5588209713875215,0.41416254395100566,0.6975527060272401,0.4749238754301283,0.5275870151357739,0.5152382876191123,0.04932909487960158,1203,133.3170705718988,20.13460057200801,117.64312766162811,525.5099862832761,426.9533525213192,128.52923750520785
EL_0164,Calimon2024_Nernst,synthetic_clinical,nernst_equation,0.43199695033964225,0.7093303268442596,0.37568728787995403,0.49864443778040496,0.29281006014089334,0.5623692749438405,0.5438122462501737,0.0673646588223739,1545,134.5130540652737,19.75100209911424,125.03815090585758,527.4464923498823,426.26814920440614,126.45709890788704
EL_0165,Calimon2024_Nernst,synthetic_clinical,nernst_equation,0.14430340314475715,0.7421442663896961,0.4238033506077516,0.37346179531262164,0.4272025342017654,0.4601221681514347,0.518743946750903,0.044238920076796896,2115,143.43281074979876,19.677251136535368,121.55532329156446,527.8686879855367,427.1250450160155,125.15300135850711
EL_0166,Calimon2024_Nernst,synthetic_clinical,nernst_equation,0.4459091060513204,0.430935063118028,0.5469739741907242,0.49031792547249314,0.265225050276577,0.4947350424109878,0.4992553749596546,0.0880150145742041,2293,127.56963065626158,21.938115938533617,124.65175273963904,523.864561409548,429.31858258908443,126.37035697560658
EL_0167,Calimon2024_Nernst,synthetic_clinical,nernst_equation,0.3552677198410128,0.4383143667919072,0.45363280330426364,0.2654976832402924,0.4214782042247123,0.4562759376033706,0.5020713430139302,0.04011681215931175,885,127.73462489236991,22.325259537032142,130.77168996955444,523.9595061144032,427.65627578655557,124.02827886344762
EL_0168,Calimon2024_Nernst,synthetic_clinical,nernst_equation,0.4538543654432094,0.3195636037534322,0.5963145419006436,0.24532954026490852,0.38776706466164823,0.517608483199408,0.5290470641392312,0.12654570192686915,2246,125.62188940627587,23.072211503909298,128.33254191618877,522.4316172177943,430.1972855297686,123.81817604638566
EL_0169,Calimon2024_Nernst,synthetic_clinical,nernst_equation,0.4572529239373708,0.7133163463717654,0.6313715480222245,0.4422318119149361,0.4369929740185401,0.6405203723486323,0.544173725186682,0.012227189256752452,2362,124.2230670965852,22.350003597228447,123.11850827319991,527.4977778727869,430.82161345707823,125.86941705603464
EL_0170,Calimon2024_Nernst,synthetic_clinical,nernst_equation,0.16339818317880322,0.5645031601399437,0.6942397124697255,0.47283576909411323,0.4338465039414601,0.6109093384285067,0.5375501415699262,0.07093739564676864,1682,124.3407154173938,22.477242821059573,126.13169529846726,525.5830953133246,431.9412284825926,126.1882355820852
EL_0171,Calimon2024_Nernst,synthetic_clinical,nernst_equation,0.2269208150346711,0.4215615711276367,0.4357726301062545,0.3710960953813137,0.20865452008700652,0.47474561763742773,0.5112008119788668,0.12275075034517055,999,119.22722327133204,19.183461093436122,136.81525353396702,523.743958779568,427.338205131137,125.12835654016673
EL_0172,Calimon2024_Nernst,synthetic_clinical,nernst_equation,0.527448224258787,0.42930233507118,0.6898580570700402,0.3433369235486451,0.4967306043617959,0.5366757219869844,0.521637770249164,0.11658427800024866,1456,133.78633062968592,23.729194289352755,128.58617665814063,523.8435541588143,431.8631958683875,124.8391737329807
EL_0173,Calimon2024_Nernst,synthetic_clinical,nernst_equation,0.33145700517217513,0.6722031568363175,0.6130250231987854,0.5232457788561766,0.22664224382091258,0.5440424242328478,0.48887540585126876,0.012050540249904717,924,143.76208394882974,21.07068067671542,120.77000990787501,526.9688011808641,430.49488139739725,126.71338482721193
EL_0174,Calimon2024_Nernst,synthetic_clinical,nernst_equation,0.49705481385907535,0.6167996332721177,0.6537467184092431,0.431809280557898,0.493399938068387,0.5524156907875358,0.5381532606769259,0.06409225621909916,1614,144.1695599164312,23.02180384418133,131.95839408221772,526.2559600477143,431.2200914018999,125.76083972188428
EL_0175,Calimon2024_Nernst,synthetic_clinical,nernst_equation,0.15435308073963355,0.4702432090567809,0.351644301419771,0.4471493863951311,0.46161892075442656,0.5757209852126466,0.5311258761431569,0.055554323333648875,1762,125.61336768737162,19.239417784223843,125.64612948423444,524.3703137785382,425.83996923230694,125.92064617775705
EL_0176,Calimon2024_Nernst,synthetic_clinical,nernst_equation,0.46777121870950367,0.4053493884097097,0.6114148109982774,0.6887827294107485,0.38606901576042685,0.6419397601102009,0.4976567453353867,0.010654148700192162,1354,129.32093352688526,21.020970858236385,116.0050430589785,523.5353671601904,430.4662052337173,128.43787575737903
EL_0177,Calimon2024_Nernst,synthetic_clinical,nernst_equation,0.2723425792361275,0.5785962737936587,0.6698237877762411,0.529441920945604,0.32707337870103864,0.48222457934316676,0.49802142914898134,0.13884953644813372,1184,138.9410565330806,22.880534976451347,121.57325729390573,525.7644222481518,431.50640687790775,126.77793350229291
EL_0178,Calimon2024_Nernst,synthetic_clinical,nernst_equation,0.19928135672486774,0.47672954677229457,0.6252651844423923,0.7413885426818368,0.33316927579776967,0.6297223615268445,0.5274125111573033,0.09270562208426615,1320,133.82269710128773,21.443841375006777,112.37752757200123,524.4537692707103,430.7128656277863,128.98589991486253
EL_0179,Calimon2024_Nernst,synthetic_clinical,nernst_equation,0.24533153395661061,0.5252352778101089,0.3305251209524592,0.6872203017532994,0.2793548655755876,0.4632973606029744,0.5163529681585767,0.04693624995879551,930,131.91955514148958,20.21626728009406,106.59065686000372,525.0778609900246,425.4638591297526,128.42159907525286
EL_0180,Calimon2024_Nernst,synthetic_clinical,nernst_equation,0.4217611783745762,0.5233056734140848,0.572561359168721,0.6493793707206155,0.29963210346133895,0.5838241367133522,0.4981072668195646,0.10907605893632294,1231,129.419466041196,23.456406936251632,116.10283312654516,525.0530340242343,429.7742666532964,128.02738894792887
EL_0181,Calimon2024_Nernst,synthetic_clinical,nernst_equation,0.5339025091812342,0.6268168276413554,0.3141608381725892,0.6803853074973948,0.2748950278274908,0.6383072492076985,0.5467731722790475,0.13232134713387914,1964,138.58934623318711,19.560879404412436,123.73277720900496,526.3848447778863,425.1724286888749,128.35039512010832
EL_0182,Calimon2024_Nernst,synthetic_clinical,nernst_equation,0.23931205275259704,0.6115375450505968,0.5257952250853994,0.49870793880644154,0.20275249824587327,0.6024241950748818,0.5192073604770494,0.1351019080530026,2419,124.20320437386569,21.36793001467219,123.75362318631318,526.1882561781903,428.9414116325549,126.45776043356508
EL_0183,Calimon2024_Nernst,synthetic_clinical,nernst_equation,0.40283831816684706,0.6809723584428158,0.7325227973454385,0.5826839061353585,0.49264459773432834,0.46147769492141816,0.48972722595195484,0.06771882690007358,2272,134.13279166819973,22.405068016085753,112.80958112190955,527.0816287991789,432.6230094352667,127.33258501820056
EL_0184,Calimon2024_Nernst,synthetic_clinical,nernst_equation,0.45687882655387685,0.48214817440046415,0.6230474806675761,1.0,0.21001421100038442,0.593525679373883,0.4976467945579783,0.14217769328011984,2060,133.2641272537195,24.690233818037772,105.92321507791804,524.5234872310509,430.67337068642377,132.4163183620268
EL_0185,Calimon2024_Nernst,synthetic_clinical,nernst_equation,0.19737251622001145,0.5823110296715767,0.5395568421147052,0.3943851631954345,0.3738090851979642,0.4617257400845168,0.4904774253899314,0.11186965551280863,951,131.33714680320662,20.68038171938924,133.3318288171635,525.8122175979606,429.18649136944225,125.37097177551419
EL_0186,Calimon2024_Nernst,synthetic_clinical,nernst_equation,0.3476336471569331,0.5337057774482776,0.38179797864705417,0.5891953978528663,0.3797304066858789,0.4546696321566421,0.49251833528744554,0.08276654074683418,1494,136.09359251100062,20.965971531754054,123.53848700842087,525.1868454042275,426.3769740962929,127.40041886660167
EL_0187,Calimon2024_Nernst,synthetic_clinical,nernst_equation,0.2334036996589519,0.4973497943395898,0.6431492704181755,0.38597988771453473,0.4096944207832264,0.46802065594344566,0.5421834238745132,0.1364248564411074,2370,131.2755813146206,20.701834920639755,133.9366692827637,524.7190765958783,431.031362144299,125.2834093232411
EL_0188,Calimon2024_Nernst,synthetic_clinical,nernst_equation,0.3655816813958154,0.5432662658606696,0.40318854682332106,0.12467072552493295,0.39987839079841125,0.5839194433154191,0.4954201152202092,0.08930076108335282,1357,127.64436870029971,21.774398149495838,133.52996860947022,525.3098539956478,426.7579173247919,122.56120573874908
EL_0189,Calimon2024_Nernst,synthetic_clinical,nernst_equation,0.23659380038149375,0.6267229695382253,0.635925047546939,0.48268873942320256,0.26323007979255325,0.6044299032041525,0.4923818058111616,0.03806230805923379,2005,131.6511472643959,22.323047380756645,128.09113283311973,526.383637166668,430.90270643205764,126.29087948068788
EL_0190,Calimon2024_Nernst,synthetic_clinical,nernst_equation,0.5302438684846249,0.31029109125912535,0.6981123250022792,0.6831799257093595,0.22792879956290513,0.5112207920315234,0.5124328157381686,0.07469851916321528,2198,120.88645755101429,23.116502004509258,123.28110230164556,522.3123138253678,432.0101955856971,128.3795082198946
EL_0191,Calimon2024_Nernst,synthetic_clinical,nernst_equation,0.3540518159442652,0.4701045722107728,0.6427512448665904,0.48060626162200265,0.3113857269300363,0.5839670459107824,0.5102247215095722,0.11419706618088674,1117,134.97524713234606,22.58699500828987,120.02872620292847,524.3685300283352,431.0242737333042,126.26918514556564
EL_0192,Calimon2024_Nernst,synthetic_clinical,nernst_equation,0.29848394554797225,0.6331492893785218,0.3851320036795273,0.11392617044707781,0.3068680662468127,0.5482076939676246,0.5445306504860519,0.07207970147376123,1081,136.60798492986228,20.619122585049045,127.97640724554026,526.4663204478429,426.4363495298625,122.44927370352451
EL_0193,Calimon2024_Nernst,synthetic_clinical,nernst_equation,0.27941836904206546,0.5258274903442047,0.5072937683328125,0.567841393358875,0.4461944540148146,0.6060121846436337,0.5159373051469727,0.03746535192889729,2073,126.86423314405906,22.676992505528194,121.72181199524954,525.0854806038454,428.611920400289,127.17796226733928
EL_0194,Calimon2024_Nernst,synthetic_clinical,nernst_equation,0.38747405604907204,0.3766715296347055,0.6294763084711266,0.5827105648086843,0.24766015186877124,0.5974492976727755,0.5282939080789577,0.08146243336586743,1786,125.34407329385924,21.54372666115022,118.66191085056934,523.1663877879345,430.7878612599685,127.33286273649975
EL_0195,Calimon2024_Nernst,synthetic_clinical,nernst_equation,0.11288589676079519,0.5740586407341655,0.6777514079796114,0.5891140398137132,0.3307847451305367,0.46731427907152495,0.5015504303723457,0.135046821163595,1018,127.0997869138718,22.57004599924458,107.92291864786328,525.706039472403,431.64758934719515,127.39957131443796
EL_0196,Calimon2024_Nernst,synthetic_clinical,nernst_equation,0.4313517190763408,0.6085179232869087,0.6823225319369822,0.5913227913129921,0.3721657602127677,0.48884735160132986,0.5216365821045924,0.11330821159582874,1489,130.6572831745425,22.65971686964653,122.26829020407376,526.1494046672892,431.7289961945421,127.42258111324566
EL_0197,Calimon2024_Nernst,synthetic_clinical,nernst_equation,0.0743229656551283,0.48492795447506054,0.7729876014118763,0.4166395086028132,0.3850549553827767,0.5322872474853325,0.5445284156976975,0.07493434667103531,2123,132.43951127184746,23.959297421235426,130.66829671897244,524.559252854802,433.34364448220066,125.60280772925903
EL_0198,Calimon2024_Nernst,synthetic_clinical,nernst_equation,0.20822325564499378,0.8232902032490644,0.34524055993730046,0.10741686479020793,0.4313771659753626,0.6298999767317702,0.5333857162541578,0.12701588723863097,2386,141.38299352145762,20.843292706970317,131.82633404885277,528.9127400215829,425.72592541941225,122.38146262853883
EL_0199,Calimon2024_Nernst,synthetic_clinical,nernst_equation,0.28375034880872557,0.8154128280627305,0.32182061146111823,0.7566826855581312,0.40374662082188906,0.46903278001604304,0.5087422847004239,0.1413219904599293,831,140.5752915929503,20.543482413703085,123.23934441922188,528.8113869542537,425.3088410899882,129.14522754888316
EL_0200,Calimon2024_Nernst,synthetic_clinical,nernst_equation,0.5527023917403158,0.8605501102175099,0.5026736133776349,0.7308102045362853,0.2170517183239459,0.5935659552281782,0.5206711365373788,0.07508095156981881,1961,136.3735576298135,22.10204655854458,116.53238230368011,529.3921390308113,428.5296403631115,128.87569945431804
EL_0201,Calimon2024_Nernst,synthetic_clinical,nernst_equation,0.29101089198012053,0.7514663397623289,0.5922757500611145,0.0943096772978649,0.25646281293630363,0.5669987957049019,0.5139179211715589,0.07787972677685596,2222,131.8348556324113,23.25655156074239,129.28753625129386,527.9886290455769,430.12535895026366,122.24491773101099
EL_0202,Calimon2024_Nernst,synthetic_clinical,nernst_equation,0.3186259127193217,0.3425533444403494,0.469406588494003,0.6123524615524274,0.2148434573162418,0.6263070596023363,0.5040274783563915,0.1284505987253561,903,125.1369550898235,21.49116021313836,122.7505980127552,522.7274112710929,427.93719009450257,127.64165894131254
EL_0203,Calimon2024_Nernst,synthetic_clinical,nernst_equation,0.3848315817347638,0.8051506233492339,0.6623832780620819,0.6588010517319143,0.2574034288105618,0.5323845255788325,0.49192069089764234,0.003302417350067788,1354,141.79288192156187,23.358908298219916,120.25639161674654,528.6793498352047,431.37389932743815,128.12553986466668
EL_0204,Calimon2024_Nernst,synthetic_clinical,nernst_equation,0.5193778384341747,0.6184249777118582,0.6778318136557736,0.9133890453247808,0.31610427978983735,0.6477113209687131,0.533301459456519,0.012077251469896572,1142,129.47756678494005,22.483391593499604,112.49388577340346,526.2768722983736,431.64902128661885,130.77772527952126
EL_0205,Calimon2024_Nernst,synthetic_clinical,nernst_equation,0.4121316434101729,0.5267141300425525,0.46642992324459875,0.11869685901106175,0.3073903476678997,0.6262340176948349,0.5250816251644884,0.10695589128879476,1285,132.85798071584625,21.084091699709415,137.83878171585405,525.0968884206521,427.8841788579181,122.49897263256531
EL_0206,Calimon2024_Nernst,synthetic_clinical,nernst_equation,0.06030581757779352,0.6533336792523875,0.5024019557895336,0.5088925302458974,0.45961268363063285,0.6144848769159617,0.4886234321629981,0.056115770243445974,923,135.0687817627985,22.28443673980248,128.11739695731103,526.7260198753162,428.5248024309068,126.56385901461276
EL_0207,Calimon2024_Nernst,synthetic_clinical,nernst_equation,0.2645034492467003,0.3272213301067542,0.5343454093806759,0.3400941451286665,0.3980090331890069,0.4944087552134218,0.5475810790814145,0.01869175146955,1846,131.4535975158314,20.717321937709652,128.8852893810362,522.5301442063301,429.09368130500417,124.80539189783718
EL_0208,Calimon2024_Nernst,synthetic_clinical,nernst_equation,0.25479762421931407,0.42703735366380596,0.5139347243906648,0.5386311639912555,0.20453223367631132,0.6296546130220254,0.5168930797780077,0.12747033912035305,1334,138.41551203741798,21.774602115027776,116.71679804311029,523.8144121149671,428.73018875202945,126.87366298283631
EL_0209,Calimon2024_Nernst,synthetic_clinical,nernst_equation,0.49259540657497236,0.3840868162364279,0.4033811593135783,0.3563265760112537,0.4408545268909186,0.5794475441972784,0.5393139628037859,0.05862008301901578,2064,133.9699545228151,19.71514014261496,123.4278176325181,523.2617954617384,426.76134754802314,124.97449420241514
EL_0210,Calimon2024_Nernst,synthetic_clinical,nernst_equation,0.1623267648231635,0.6795209232740356,0.4774129733617298,0.22989517185858152,0.21949707810163055,0.4658983496705375,0.5332033044172685,0.06672044865549495,1215,137.3774001564699,21.29299409021793,122.27976367436841,527.0629541260923,428.07977527854183,123.65738760464863
EL_0211,Calimon2024_Nernst,synthetic_clinical,nernst_equation,0.2156664358164635,0.6341083067286089,0.6433925183143175,0.46073971736793606,0.29803485379076555,0.46478973797394024,0.5420129736727025,0.026176560358630436,1648,133.9185381239675,22.969511971694207,128.42851363045926,526.4786595008592,431.03569413015924,126.06222425094286
EL_0212,Calimon2024_Nernst,synthetic_clinical,nernst_equation,0.24901538343715518,0.504508912080381,0.5062439457311518,0.26586910043903367,0.22322667899985205,0.4524196043396905,0.5001709864623222,0.0013833410380840404,1335,130.81782115842338,22.60442063525411,132.54119540775102,524.8111883114226,428.5932241782938,124.03214812398669
EL_0213,Calimon2024_Nernst,synthetic_clinical,nernst_equation,0.29977196372859455,0.7480017475787678,0.6380792382324115,0.3131571416496501,0.2736452321441824,0.4827103422645893,0.5315959050711291,0.13744723117217797,2059,131.53404605762665,22.37472154441234,112.64838494681838,527.9440523894519,430.9410702729694,124.5247740778893
EL_0214,Calimon2024_Nernst,synthetic_clinical,nernst_equation,0.15699010605300273,0.6491399197368032,0.5399987608605269,0.6616917680091218,0.49588092418866964,0.4530045348475749,0.5155776378757047,0.07741692751227214,2296,130.66228334350964,21.851343089773266,115.20829550236029,526.672061496987,429.1943614714601,128.15565407170644
EL_0215,Calimon2024_Nernst,synthetic_clinical,nernst_equation,0.06104031958814288,0.2246696709071912,0.4650920231253784,0.5683559335101098,0.4794595404228737,0.5609788752350419,0.5448858463947428,0.0500747285553108,1223,122.85341362023581,21.650958298049087,127.45765349469069,521.2106786516619,427.86035228226916,127.18332251966385
EL_0216,Calimon2024_Nernst,synthetic_clinical,nernst_equation,0.2964709317708574,0.4201842004814615,0.41661025553004893,0.3777609674275127,0.2149436899409614,0.5983499609914551,0.5054276012985024,0.03367420326036314,1815,124.66476364431469,19.41072034975784,119.24283096076978,523.7262370465621,426.9969436566117,125.1977882371739
EL_0217,Calimon2024_Nernst,synthetic_clinical,nernst_equation,0.4140979689862682,0.5014108442060725,0.42621232433496814,0.27584195953488244,0.2990983068099663,0.4860467303636922,0.5157276935764069,0.0757595676269994,1680,135.79209875391334,21.07644596432939,128.66190371926837,524.7713274853952,427.1679462714405,124.13604097087682
EL_0218,Calimon2024_Nernst,synthetic_clinical,nernst_equation,0.16094802806644493,0.4618571400877169,0.4711144295962838,0.6096415905094043,0.32244939947046647,0.5317622824784631,0.5022290697733779,0.02228177272649714,1374,123.0126175529675,21.68670678035467,120.20381746800008,524.2624156788866,427.96760492490375,127.61341828259022
EL_0219,Calimon2024_Nernst,synthetic_clinical,nernst_equation,0.19596728060482088,0.496818761884973,0.2872616505594575,0.309074635908533,0.4115081286657584,0.6461222402507818,0.4827551573489131,0.08504817486590256,1820,128.47701317450256,19.63468651168777,113.96872462959402,524.7122441463816,424.6933828173998,124.48224433392987
EL_0220,Calimon2024_Nernst,synthetic_clinical,nernst_equation,0.09442876880377077,0.3322421567326859,0.17070499353786756,0.6806281048115523,0.23531545972478823,0.6332221687739276,0.524103654150474,0.12647754399860267,1748,124.34983819110799,18.649743210639883,110.33343163986056,522.59474391969,422.61763294189535,128.35292447542585
EL_0221,Calimon2024_Nernst,synthetic_clinical,nernst_equation,0.28397100564119304,0.6926105257697739,0.6724381792402752,0.47391372141799376,0.2145577854730079,0.4876560697794644,0.48466003631117044,0.0283109768547761,1603,128.13517592203195,23.17226741270121,126.30699079067932,527.2313695349919,431.55296640436177,126.19946521389524
EL_0222,Calimon2024_Nernst,synthetic_clinical,nernst_equation,0.11909840525749271,0.5316493092502209,0.6161960101302982,0.339805652282908,0.250019974341603,0.5391643564143358,0.5038119665271943,0.07014871862820614,858,130.06782914677697,21.479816486777445,126.48159187005763,525.1603861643401,430.5513532960988,124.80238650662838
EL_0223,Calimon2024_Nernst,synthetic_clinical,nernst_equation,0.38223901298994173,0.45168085033984096,0.4967507595573464,0.17043944237859218,0.48115686466275637,0.4715728676888485,0.48694821045164366,0.12792091666363528,2495,128.4641662840382,21.729667470789717,129.76793608497107,524.1314839718674,428.4241606471154,123.03800404169657
EL_0224,Calimon2024_Nernst,synthetic_clinical,nernst_equation,0.5555713868715685,0.3664731112577208,0.5030370056715676,0.265829135714652,0.339081296687266,0.5289565144834617,0.5443729444927261,0.0793857504865665,1925,121.93275130987203,22.27233411178795,125.19446007693047,523.0351713662251,428.5361119926878,124.03173178911709
EL_0225,Calimon2024_Nernst,synthetic_clinical,nernst_equation,0.5076474070781694,0.7106962987749447,0.25211282335628393,0.7311556970810106,0.4377463182110214,0.600175555302898,0.4825709732234141,0.11984437878854567,1297,129.8744600900061,19.857997887738655,101.5,527.4640674230235,424.0674196544584,128.8792986432473
EL_0226,Calimon2024_Nernst,synthetic_clinical,nernst_equation,0.16018354737157436,0.5507593010803891,0.2862407094304559,0.330174770931758,0.2923262132193182,0.5071613852157902,0.5013211591265676,0.10020916902430776,1138,124.93265352834794,20.76651160332167,126.44445084787,525.4062620103938,424.6752009436607,124.70205623303126
EL_0227,Calimon2024_Nernst,synthetic_clinical,nernst_equation,0.11407479900663131,0.45824680026277853,0.7248671126461347,0.8620324243258665,0.39680437387745193,0.634790981964986,0.4912776933630083,0.08955930314143311,2139,126.99239942985021,23.76138613909671,112.48290285269906,524.2159637825756,432.48666984757125,130.24271465609274
EL_0228,Calimon2024_Nernst,synthetic_clinical,nernst_equation,0.31160902537260826,0.4952988037694739,0.29371237090492125,1.0,0.30432045672908464,0.6443144967468539,0.5098047313244926,0.03467623067820639,2054,135.79192377958697,20.632811027319576,109.56184785310307,524.69268783307,424.8082632737905,132.8765890041835
EL_0229,Calimon2024_Nernst,synthetic_clinical,nernst_equation,0.3723999610363741,0.5335634465452002,0.38788091572494043,0.7993684172665239,0.3502116771481656,0.5267430699000654,0.517756219117682,0.057015899807370596,2081,137.16496124736253,20.98260718614843,108.70433911327895,525.1850141249928,426.4853047245451,129.58990867253598
EL_0230,Calimon2024_Nernst,synthetic_clinical,nernst_equation,0.21869478681663623,0.3520228103234645,0.4638612410212811,0.9196889139798462,0.4230157426207878,0.5991789477766304,0.5150118460428894,0.006773751053324456,1951,122.68289635973073,20.348903580946576,108.04906163478987,522.849248734781,427.83843336434,130.8433545322078
EL_0231,Calimon2024_Nernst,synthetic_clinical,nernst_equation,0.07636717030210932,0.7464286380700218,0.439578681899465,0.31722746812713115,0.27404352354621087,0.6459441286907621,0.5380130651620338,0.08937990802928948,1248,141.08377508232937,20.23685886442536,124.84632408563942,527.9238122117043,427.4059868583914,124.56717694365263
EL_0232,Calimon2024_Nernst,synthetic_clinical,nernst_equation,0.13519913630664016,0.5780406258193558,0.6525012034124563,0.297862082586996,0.31632245849806206,0.5428221587781639,0.5008364656330749,0.1088049672224166,1532,127.80054677476573,23.135605723177118,117.65396820469203,525.75727308676,431.1979101068492,124.36543689944332
EL_0233,Calimon2024_Nernst,synthetic_clinical,nernst_equation,0.26624109963463816,0.3961568998394001,0.22393203261204797,0.9861378807898152,0.48246258937938996,0.5533537814288113,0.5165760938771236,0.09003293110166348,857,127.21954532916222,17.511609957032864,112.04397032635295,523.4170933835896,423.56554979671074,131.53559055684684
EL_0234,Calimon2024_Nernst,synthetic_clinical,nernst_equation,0.5160679509615917,0.5447312063798998,0.4333842496949573,0.4032652025302735,0.46496156056203863,0.6441596298545345,0.5301569023354984,0.10240817666029543,1645,125.36232590889242,20.68248830283205,123.02434779660112,525.328702433302,427.29567062072726,125.46348010819251
EL_0235,Calimon2024_Nernst,synthetic_clinical,nernst_equation,0.06523428665825132,0.43963953401709205,0.44047171309992533,0.7590952773291383,0.4944996949789717,0.5485969115636791,0.545694661083154,0.08240178507525793,2499,131.41727815916397,21.753893923929088,114.98575544099072,523.9765561799161,427.42189079258566,129.17036086572486
EL_0236,Calimon2024_Nernst,synthetic_clinical,nernst_equation,0.5214365872439453,0.652977261578868,0.6284994501130361,0.3786846362520516,0.3568357199154252,0.5931139270946144,0.4877171140676396,0.04035503231638663,1226,143.7221060978127,24.06396202502225,129.84522497801643,526.7214340807327,430.770464453411,125.20741061154445
EL_0237,Calimon2024_Nernst,synthetic_clinical,nernst_equation,0.47791663045492,0.215313836122606,0.3628473805896033,0.4364324201382402,0.2552687390815952,0.572710182067152,0.48364779300268856,0.01531726334235553,2119,121.22157631289105,19.617696191255146,133.185561941696,521.0903032054742,426.0394841359279,125.80900155069946
EL_0238,Calimon2024_Nernst,synthetic_clinical,nernst_equation,0.3811634459753992,0.15664036867170847,0.20815967385823217,0.6609264311639976,0.33661032005106906,0.5607511672675798,0.4885655380136217,0.12031746707443501,2386,117.91649677673614,19.3500959851531,121.3106720812513,520.335389829341,423.28466089206773,128.14768113005493
EL_0239,Calimon2024_Nernst,synthetic_clinical,nernst_equation,0.18433374308641964,0.4589157897740942,0.35238297717426337,0.3428490210691226,0.4463875354457984,0.5777756811213055,0.5464831856298998,0.0073117283030632915,1603,132.7757822595239,20.049642495514938,132.6661936319403,524.224571235868,425.85312426046755,124.83409098016978
EL_0240,Calimon2024_Nernst,synthetic_clinical,nernst_equation,0.510994047146578,0.5918090607118277,0.5537190639044278,0.3589185230430779,0.2709211876859344,0.5412591766255598,0.49291415140150785,0.05568524017111792,1770,134.69807731499264,22.501677472959596,132.65420621584514,525.9344225909622,429.4387054502857,125.00149596324788
EL_0241,Calimon2024_Nernst,synthetic_clinical,nernst_equation,0.40431980942685447,0.42937274777274476,0.4678185610550451,0.6547830070756785,0.33337427090451954,0.5171091192115744,0.5126543672235842,0.1342694222239187,2160,131.39657542071924,21.59669817734754,123.46240713523616,523.8444601132869,427.9089090177889,128.08368164785483
EL_0242,Calimon2024_Nernst,synthetic_clinical,nernst_equation,0.5116605526346272,0.7719654524196681,0.32240360294346837,0.1971692786648032,0.499608275909133,0.6338596876755349,0.5344524733083208,0.12185532043106712,1700,134.86715864791037,19.135061996509304,135.2021886822262,528.2523778065793,425.3192235471368,123.3164636852142
EL_0243,Calimon2024_Nernst,synthetic_clinical,nernst_equation,0.15507693145630524,0.31812369985283395,0.5794726228574969,0.8067310584247693,0.4031122055443152,0.5925506004119863,0.5489769598187535,0.08119519743844827,940,123.83124225223766,21.556305428231948,118.43376652406168,522.4130909100417,429.89734889594257,129.66660942035654
EL_0244,Calimon2024_Nernst,synthetic_clinical,nernst_equation,0.383130472316118,0.46739715913639573,0.7348297522096375,0.6869271255173177,0.3691721662418004,0.5247538509625403,0.4896514753462363,0.1437866522467296,1793,125.02228215503013,23.835757292446182,108.938583267268,524.3336955037474,432.66409384343797,128.41854489455062
EL_0245,Calimon2024_Nernst,synthetic_clinical,nernst_equation,0.14510731744100241,0.7060831224233431,0.6676707878949426,0.73608990434562,0.2066661918559815,0.5173966244882502,0.5405759561050741,0.006520259898557223,1686,131.85209118871268,21.815234229684823,111.79282807663996,527.4047126808276,431.4680642439496,128.93070103798078
EL_0246,Calimon2024_Nernst,synthetic_clinical,nernst_equation,0.44721429095492055,0.715144447471478,0.4029545556078514,0.6801690283595633,0.20659481202032254,0.5553037702820829,0.48379878595127057,0.08263088682709369,1522,142.29406321505718,21.658355888286973,118.10608525858426,527.5212988616265,426.75375019055184,128.3481420194542
EL_0247,Calimon2024_Nernst,synthetic_clinical,nernst_equation,0.07770948664043187,0.5515620804925904,0.5008033435474709,0.1824716289846466,0.4237750813995669,0.5785492069267226,0.49746653003103064,0.07609777510194733,2248,134.64274941797544,21.752845127744013,126.66423059407879,525.4165908513961,428.4963328501275,123.16335005418928
EL_0248,Calimon2024_Nernst,synthetic_clinical,nernst_equation,0.2259957817118543,0.6155314698829591,0.6592622988721225,0.8620567408981417,0.4692459560022752,0.5405743169170265,0.5084027728023495,0.005981043344687337,956,134.94003349446572,22.0507692712837,114.63766118178887,526.2396434135151,431.3183180133326,130.24296797541632
EL_0249,Calimon2024_Nernst,synthetic_clinical,nernst_equation,0.43654319722066465,0.3672733569812274,0.2248471977781725,0.6593057557886602,0.4885915609322212,0.5091702330424088,0.4915194013633874,0.07546026952182464,1955,124.19920719332528,19.41065054859911,118.04829792358912,523.0454676079015,423.5818479132507,128.1307976488977
EL_0250,Calimon2024_Nernst,synthetic_clinical,nernst_equation,0.5371084084173534,0.4641633385398007,0.3888189094654233,1.0,0.3794353635606607,0.6008709585097097,0.5299666054773745,0.13105340450851252,2115,133.759168479296,21.035879316681612,113.96372740158166,524.2920880356627,426.5020093936715,133.2731431095831
EL_0251,Calimon2024_Nernst,synthetic_clinical,nernst_equation,0.34182934981750757,0.4930177221805136,0.44163406966819607,0.8869720318174407,0.41794127965413297,0.546378177211497,0.5167916492879862,0.02084189039141226,879,123.50606630015652,21.117782871070037,118.21133786552944,524.6633386386492,427.4425911246262,130.5025244857233
EL_0252,Calimon2024_Nernst,synthetic_clinical,nernst_equation,0.5243620989960223,0.6372466261602188,0.632735175495878,0.30586968842619283,0.4050279771254011,0.45352628178680493,0.5175951951132328,0.09438284581329202,968,142.35596951736574,20.640953638635324,132.42009120528195,526.5190382175165,430.8458982094982,124.4488566048069
EL_0253,Calimon2024_Nernst,synthetic_clinical,nernst_equation,0.5355214862378945,0.5483058921934723,0.5014181877864536,0.69876635098435,0.3986370321905864,0.5525339306352004,0.530801176255415,0.048954193233692544,1644,124.59378449316804,22.477210925774976,125.40594034270462,525.3746955926189,428.50728257093397,128.5418807230149
EL_0254,Calimon2024_Nernst,synthetic_clinical,nernst_equation,0.4604433852395897,0.5538709268747692,0.5352214474031555,0.6981329568861698,0.3221578549057561,0.5139338942469179,0.5124270901838666,0.022031176945324037,2222,125.97048884779547,20.40463026268727,118.75183642186377,525.446297277368,429.1092826088041,128.53528230269924
EL_0255,Calimon2024_Nernst,synthetic_clinical,nernst_equation,0.4888087498841393,0.41069017718803613,0.47168650108764765,0.3569792902981987,0.21138514587826446,0.48017560936492093,0.48875813117546396,0.06046133140503421,952,121.64704664081712,20.834849578364125,131.54975439708946,523.6040836186345,427.97779290864764,124.98129389193495
EL_0256,Calimon2024_Nernst,synthetic_clinical,nernst_equation,0.401666322847299,0.6616593273095289,0.2761314509006169,0.24965573683963957,0.3571263033423185,0.5885265632198091,0.4830756184588636,0.05525960553315322,1027,131.60836628196537,19.421528891372915,123.04273649454277,526.8331405783592,424.49516582021965,123.86324445395418
EL_0257,Calimon2024_Nernst,synthetic_clinical,nernst_equation,0.4358529800896575,0.480963506294851,0.7879659369712224,0.26824805425481024,0.3966397104429289,0.6035481619705418,0.5146151718357146,0.14870688276724434,946,131.33982862984527,21.993947578636146,123.81162716752048,524.5082448764048,433.61039267974735,124.05693101544898
EL_0258,Calimon2024_Nernst,synthetic_clinical,nernst_equation,0.17718579320190286,0.7736576872110674,0.6254427973312225,0.3347251656429332,0.31896379609208453,0.5399555883131406,0.5444957181889664,0.08400065461158883,2063,140.7296105087192,22.878787649964803,130.99655989867296,528.274150691924,430.71602872409755,124.74946023788826
EL_0259,Calimon2024_Nernst,synthetic_clinical,nernst_equation,0.22328272747942418,0.7050984210284506,0.5056083395851196,0.47038531554611895,0.28590183276643694,0.6263919352970883,0.49131951422947495,0.02715935293844089,859,136.0212913300996,20.83319778736441,120.42053755548429,527.3920431678979,428.58190471004366,126.16270783795221
EL_0260,Calimon2024_Nernst,synthetic_clinical,nernst_equation,0.23182928983136752,0.42647811076640785,0.6406895096681076,0.39707585005916296,0.32645880945410816,0.6113093215781367,0.5432541742263974,0.11858305193348206,1358,126.00700070230023,22.667602944726628,129.3836320963459,523.8072167000361,430.9875564261084,125.39900216436016
EL_0261,Calimon2024_Nernst,synthetic_clinical,nernst_equation,0.4309352425484779,0.5733089958245247,0.5354977801359735,0.5719532640012864,0.49896702177042473,0.6105053069726631,0.5380405982208608,0.14271082735652377,2220,136.64099747770643,21.1692778625636,128.87589192937097,525.6963942785151,429.1142038003551,127.22079792188713
EL_0262,Calimon2024_Nernst,synthetic_clinical,nernst_equation,0.30886368823903393,0.4535954190823621,0.3980312089655802,0.6376829403962644,0.3741701070772363,0.5158551458444915,0.5387582340726155,0.1143629432468585,1575,123.11393485384906,17.43190448900945,121.82371978768484,524.1561174836752,426.66607063246477,127.90554069627206
EL_0263,Calimon2024_Nernst,synthetic_clinical,nernst_equation,0.26706757156979083,0.6984025873079893,0.657610831799066,0.6000838732197484,0.28424420936267386,0.574878759287979,0.5052699477121109,0.12463545051923675,883,126.4697240818722,21.319120924513975,112.91910358975329,527.3058922267733,431.2889071443278,127.51385019991203
EL_0264,Calimon2024_Nernst,synthetic_clinical,nernst_equation,0.1402934353615629,0.5245580655473328,0.4154785918067678,0.6236182039173407,0.4687651511202641,0.5690910965415691,0.5377453686348557,0.08180174760023172,1562,131.8169565164436,21.12435320158105,122.95036536048248,525.0691477399329,426.97678993143853,127.75902047579054
EL_0265,Calimon2024_Nernst,synthetic_clinical,nernst_equation,0.5487276341674805,0.374220242617289,0.6935405578625666,0.2032246995847716,0.43502669047163167,0.5661098643734079,0.4818447038560683,0.12383110372610318,905,123.82724604117669,21.561703091625837,130.9572431160888,523.1348486708755,431.9287772839579,123.37954638922588
EL_0266,Calimon2024_Nernst,synthetic_clinical,nernst_equation,0.5502308175549153,0.7785697720440933,0.4802298847945236,0.21331108215238334,0.49884523715904094,0.5453176357839269,0.54746662787347,0.0593398772774741,1702,137.86317005410802,21.797501133170726,128.69674865466547,528.3373512953016,428.12994146986324,123.48462187356802
EL_0267,Calimon2024_Nernst,synthetic_clinical,nernst_equation,0.10277083361278166,0.7585059590080898,0.46552260019498065,0.3141264927845056,0.3914032420783406,0.506485453268535,0.5406265891955763,0.05366940432295379,1614,145.62480901467887,20.326243205201322,135.03698278475528,528.079203251643,427.86802040111763,124.53487235041761
EL_0268,Calimon2024_Nernst,synthetic_clinical,nernst_equation,0.20319828921378924,0.6122130414403227,0.5382734264100725,0.44607766647199437,0.226427855213566,0.6219057242226114,0.5213749496753395,0.13531596985774694,1382,129.17800383970726,23.70996451508311,119.36835052919908,526.1969473512586,429.16363510316637,125.90948147234876
EL_0269,Calimon2024_Nernst,synthetic_clinical,nernst_equation,0.31191004936035394,0.6475705788122251,0.5929391842103408,0.29088952240384564,0.44525933156135156,0.5259820321779111,0.4893639887149752,0.06478055844187039,2045,126.89572058956321,21.296126360525232,128.40861936585353,526.6518698071628,430.13717400560114,124.29279984315103
EL_0270,Calimon2024_Nernst,synthetic_clinical,nernst_equation,0.4829796827115063,0.3051485891191291,0.46547083547848217,0.7835592349791048,0.39335754070110807,0.6102624529710946,0.535045475562169,0.028656774098294296,2350,130.23192238779285,21.086528031527326,115.69523119267383,522.2461485922405,427.86709852666985,129.4252155851215
EL_0271,Calimon2024_Nernst,synthetic_clinical,nernst_equation,0.14148613273966315,0.4807337593544016,0.492555998651149,0.5582952412258437,0.36026572939005597,0.507150472219936,0.4950345579520349,0.0885604888542093,1123,127.49839082080828,22.5689114850332,124.29527779975938,524.5052888718254,428.3494564247114,127.07851466536125
EL_0272,Calimon2024_Nernst,synthetic_clinical,nernst_equation,0.47761210216964295,0.5386626116836054,0.6147136116143136,0.28557405242514977,0.25468776166072776,0.6031758916699713,0.49609080440613584,0.04360518910398288,2116,132.73245750005893,21.429107714103782,130.73053632513069,525.2506217690836,430.52495335796027,124.23742562164261
EL_0273,Calimon2024_Nernst,synthetic_clinical,nernst_equation,0.22142997208472626,0.2948513840652703,0.8824440538158554,0.1319897505084181,0.22644639327568974,0.46163060559797003,0.5396492903733571,0.10956544415305369,1809,122.60983536830895,25.428371405013703,129.31374306229543,522.1136611465573,435.2929472784248,122.6374521125007
EL_0274,Calimon2024_Nernst,synthetic_clinical,nernst_equation,0.11941869445024555,0.34722409886091415,0.6140811811751483,0.3717065507881185,0.3244875506607559,0.5043499573441051,0.48104502770652124,0.11826693911894975,2061,133.0952558870628,21.0704447679605,123.59388005849951,522.7875068328844,430.5136904456659,125.13471599531424
EL_0275,Calimon2024_Nernst,synthetic_clinical,nernst_equation,0.21481666185419657,0.5325665166234173,0.42113876980968756,0.8104970269982623,0.21171638552376684,0.5985140221484913,0.5031638319974863,0.10832212781141949,2442,143.2771894944612,21.952350257934818,120.95146860256361,525.1721872755544,427.077591670997,129.70584161973272
EL_0276,Calimon2024_Nernst,synthetic_clinical,nernst_equation,0.3156778212442505,0.3471856780085543,0.5636291710020399,0.7778711351591386,0.3154555211455519,0.4921780609801983,0.532583425269012,0.022554583550373413,1989,118.26630908479288,20.223830331858714,115.77680334145077,522.7870124967453,429.61519389890594,129.36595947029906
EL_0277,Calimon2024_Nernst,synthetic_clinical,nernst_equation,0.3545699079388618,0.360721331331233,0.5766536248123189,0.7297107403767962,0.20381818450697617,0.6303288355540619,0.518195053282702,0.13029408982192975,1451,123.59234292268141,22.766740802570055,121.25249429826349,522.9611669517644,429.8471455442778,128.8642457216938
EL_0278,Calimon2024_Nernst,synthetic_clinical,nernst_equation,0.5350493595189103,0.4028437184856864,0.7177520818341483,0.7238687624343849,0.41082184651716047,0.5140344581242716,0.5023895344992024,0.12922385695779376,2408,128.21608357256045,21.88468787888433,113.53134864824423,523.5031283336134,432.35995872956573,128.80338657246958
EL_0279,Calimon2024_Nernst,synthetic_clinical,nernst_equation,0.5057866405193718,0.6032158535033817,0.52895562081847,0.49124863895813775,0.44262208776989825,0.6138064041672746,0.5200937532014291,0.00423465794236022,2347,134.52269512284104,20.867820160207362,120.41645837635731,526.0811863809893,428.99769491329664,126.38005273814903
EL_0280,Calimon2024_Nernst,synthetic_clinical,nernst_equation,0.44453073669058546,0.5443000043184281,0.43838849993238893,0.8952796741832211,0.30509525776169855,0.5243698605407918,0.5306853495253283,0.07499752974072527,1836,136.74954159193865,20.030272185195365,109.99969070677993,525.3231544365982,427.3847909856449,130.58906983927045
EL_0281,Calimon2024_Nernst,synthetic_clinical,nernst_equation,0.18141477209667034,0.7678852899592452,0.36765679407184654,0.8728827613902934,0.3382438393926062,0.5457439799182364,0.49243677608874115,0.13143115895814594,2202,136.23548140708036,19.34420698962592,113.47108933643595,528.1998810077366,426.1251346658257,130.35574868139147
EL_0282,Calimon2024_Nernst,synthetic_clinical,nernst_equation,0.31376916254603776,0.2958502332292762,0.5551482646449752,0.3041989292007514,0.30264239518911173,0.5636725517695188,0.483742600688794,0.07646256174206507,1388,120.25002535361799,22.057381857434997,128.93197801196425,522.1265126896382,429.4641579927236,124.43145137219199
EL_0283,Calimon2024_Nernst,synthetic_clinical,nernst_equation,0.13373530244330595,0.6488687565281813,0.30060721176061755,0.2858039161535554,0.22365666871339088,0.6293758590284375,0.5438006815559235,0.14060440084125658,948,126.75093016804965,19.222599231272564,128.13872593149415,526.6685726161999,424.9310530432773,124.23982024056897
EL_0284,Calimon2024_Nernst,synthetic_clinical,nernst_equation,0.4006827877902798,0.4469948260405209,0.5549299908637454,0.3148401440287254,0.4773934137747242,0.5577339919370866,0.5413485942005638,0.018727721764992655,1005,125.30697495712545,23.454304445644254,120.80340338822838,524.0711919424692,429.4602707692411,124.54230685427815
EL_0285,Calimon2024_Nernst,synthetic_clinical,nernst_equation,0.4878645420708704,0.4577740716392708,0.34183648440416803,0.3766850016164166,0.43541432918932765,0.6169151729989906,0.499359922079981,0.06990986764781033,1143,130.64337912900461,19.417332957863664,123.32115378209178,524.2098814905845,425.66530246106163,125.18657929997777
EL_0286,Calimon2024_Nernst,synthetic_clinical,nernst_equation,0.557641701570865,0.45743950214100476,0.5939494406807517,0.5602999916459646,0.4847534060347297,0.5696972212852012,0.48965811931984854,0.03878940579460157,1368,131.17680974799887,21.11995137621501,124.27613718712612,524.2055768022738,430.1551655969548,127.09939927091406
EL_0287,Calimon2024_Nernst,synthetic_clinical,nernst_equation,0.2816978329167204,0.5786470442047968,0.298555697195349,0.34146346788794096,0.208148390436096,0.5920208189185663,0.541938078660197,0.07708570688245092,1895,122.31063874492301,20.01598020284408,126.13753813687961,525.7650754780383,424.89451775466944,124.8196568983155
EL_0288,Calimon2024_Nernst,synthetic_clinical,nernst_equation,0.14146821948452304,0.5779940831862718,0.6290245616393898,0.5764179919331941,0.2661937834036871,0.4970340478249224,0.5101519382416907,0.1392217831343463,2138,128.251247671002,21.451317388068563,125.37561495563206,525.7566742529464,430.7798161302119,127.26730948802656
EL_0289,Calimon2024_Nernst,synthetic_clinical,nernst_equation,0.15604882260067632,0.5073323280164987,0.5275285031822357,0.9743666591989275,0.2798263207606849,0.5268030059454368,0.523628128298496,0.0660049729506008,1821,134.76951350635656,21.44161627161923,113.34215574668023,524.8475153694467,428.9722794687271,131.41296316276674
EL_0290,Calimon2024_Nernst,synthetic_clinical,nernst_equation,0.23537044944140534,0.4918829497160223,0.6247971098408112,0.8723386953275635,0.40465189347081254,0.5647359640581955,0.5484647116192356,0.12991730673379356,1874,127.04496596697277,22.09834070689073,105.46524461243544,524.6487382587922,430.7045297178453,130.35008084114526
EL_0291,Calimon2024_Nernst,synthetic_clinical,nernst_equation,0.10579601707223435,0.2455594772841526,0.4114959536491061,0.6397063722770796,0.30090219155623005,0.6045867080719511,0.5301406031340787,0.09163914341820432,1987,129.78050898685774,19.003741979679063,115.61975353020073,521.4794542148583,426.90586338917836,127.92661991704172
EL_0292,Calimon2024_Nernst,synthetic_clinical,nernst_equation,0.4864747771697775,0.5436225463333113,0.5076553404241885,0.5933996028073704,0.41260695804295033,0.6279110229004013,0.49971226243721345,0.052219128689190306,1860,141.9031259471203,20.200986825089036,121.76116772373646,525.3144380249568,428.6183596139971,127.44421641928291
EL_0293,Calimon2024_Nernst,synthetic_clinical,nernst_equation,0.10904718312049072,0.6375814213006676,0.613767992071835,0.2759876892424462,0.4926471494993167,0.47770135556503185,0.5038620007128429,0.047895048049013574,1028,143.77628859138753,22.92375949830895,129.69650772594537,526.5233458090186,430.50811288142523,124.13755911868677
EL_0294,Calimon2024_Nernst,synthetic_clinical,nernst_equation,0.4604937043497716,0.2274343455369896,0.5851283430045926,0.3657717972491681,0.4185801439989917,0.6429325361436673,0.5347877932389526,0.0447942655601824,824,117.24890261812396,22.433926015146294,124.52864099799035,521.2462499234712,429.99807124583845,125.0728903508499
EL_0295,Calimon2024_Nernst,synthetic_clinical,nernst_equation,0.1218459160336896,0.6926082662784849,0.2957044513309987,0.328117149194756,0.39370816051517543,0.6493201824109821,0.49626266526723495,0.041935650805585416,2020,131.7878054850703,17.475812430606126,126.66476112742114,527.2313404635859,424.84374010370385,124.68062083742147
EL_0296,Calimon2024_Nernst,synthetic_clinical,nernst_equation,0.14938814377524356,0.5825128381828907,0.46432720538285555,0.45894060327814484,0.35336422023774916,0.497930426603219,0.5452646328530871,0.1472281521864441,1231,149.6998394080233,21.992250450953907,116.47420285538726,525.8148141369284,427.8467316931549,126.04348187397031
EL_0297,Calimon2024_Nernst,synthetic_clinical,nernst_equation,0.5163610416456454,0.41975975889283185,0.29840305216365276,0.6319371044591842,0.3708697752732504,0.4917211104069735,0.5040235658910354,0.07947687050092027,1724,134.11983148545016,19.779029987730077,122.35641023541042,523.720776032469,424.89179930929157,127.84568311204976
EL_0298,Calimon2024_Nernst,synthetic_clinical,nernst_equation,0.36625991767843463,0.5946735768830237,0.4094683026229807,0.4114057451714977,0.4997738275652077,0.5805069929881929,0.5060687800810109,0.04976197375215938,2373,131.17815147667233,20.470838083572698,123.32625219933534,525.9712784590016,426.8697530847771,125.5482846905193
EL_0299,Calimon2024_Nernst,synthetic_clinical,nernst_equation,0.23879976284322996,0.6908605559876025,0.5126495685351251,0.7627184499996768,0.20029969768008282,0.6108586927554228,0.5422536328415014,0.1454195294318748,1672,139.44807746029326,21.04309568791649,117.47958090825024,527.2088538110406,428.70730149551997,129.20810548037338
EL_0300,Calimon2024_Nernst,synthetic_clinical,nernst_equation,0.11970161612627023,0.5204769523357545,0.830520441800313,0.7262718550657291,0.2930456636904579,0.5368591964234404,0.49787879631878956,0.03252205887565844,1711,132.45361303329005,23.845102547509974,115.24473347015346,525.016638708393,434.3682430707789,128.82842093146448
EL_0301,Calimon2024_Nernst,synthetic_clinical,nernst_equation,0.3754213907020233,0.847294250731749,0.4018783712677971,0.5215820667171178,0.38433468269483567,0.4876050475541457,0.5460555050267829,0.06143563527071371,1288,135.59138635981745,19.76296506758224,121.24605422707621,529.2215845012649,426.7345844940831,126.69605300803437
EL_0302,Calimon2024_Nernst,synthetic_clinical,nernst_equation,0.4026693909606781,0.591530575110138,0.5243023750056541,0.5160824201199407,0.324047387448104,0.5223110991740523,0.5316563605798325,0.11118565457057901,2412,129.71615427700084,19.195887438301757,127.5680027985778,525.930839497702,428.9148255632015,126.63876011575755
EL_0303,Calimon2024_Nernst,synthetic_clinical,nernst_equation,0.20573351204866852,0.7024098127824386,0.6029564495620382,0.4892597515459227,0.4775464455171631,0.5603759884237278,0.5353344649373831,0.032146239324274746,2493,132.36043120305132,22.107000558045733,116.41674539893842,527.3574505928162,430.3155708285542,126.35933338641519
EL_0304,Calimon2024_Nernst,synthetic_clinical,nernst_equation,0.5535985240138304,0.5753214858313325,0.4714858129533126,0.409817866076356,0.3934543633090861,0.5930741079335142,0.48675374138146177,0.010471903627250544,1094,133.78617010936966,21.35601233293562,121.37766774260115,525.7222876795953,427.9742188667996,125.53174286654223
EL_0305,Calimon2024_Nernst,synthetic_clinical,nernst_equation,0.2009468852996662,0.5593025432813132,0.7316721188889797,0.40856062878444804,0.26572004655787984,0.6352265677546467,0.5200196756370925,0.015703435242548174,1178,136.59092051265677,23.2949950848415,132.50752619651223,525.5161823558791,432.60785975831806,125.51864552302044
EL_0306,Calimon2024_Nernst,synthetic_clinical,nernst_equation,0.11712281539598873,0.4356135318378564,0.45435589305214474,0.25146739913493893,0.31255855753036366,0.46066595853936004,0.48934702813184977,0.03476945856839317,1734,128.30130484144863,20.846050767813367,119.16228986652635,523.9247562262149,427.66915324454465,123.88211755259653
EL_0307,Calimon2024_Nernst,synthetic_clinical,nernst_equation,0.43758429614766386,0.603096129427084,0.6565870396318031,0.4933121205194445,0.37908541887854474,0.4521477963595965,0.5415856645245423,0.06670012062580744,1669,128.1276348290163,23.300983096931436,122.91185486779898,526.0796459691035,431.2706744966349,126.40154917882357
EL_0308,Calimon2024_Nernst,synthetic_clinical,nernst_equation,0.3077695064271006,0.43314666024852283,0.40181011820012397,0.5924291282143381,0.4082673467548177,0.46385852989332843,0.532160615746875,0.050699404696788436,1326,118.74338728805714,21.425541698417696,122.1073584634531,523.8930165925968,426.7333689796685,127.43410644306289
EL_0309,Calimon2024_Nernst,synthetic_clinical,nernst_equation,0.3679655361125463,0.4765925976925022,0.44052076629896547,0.7079876769876599,0.4672445442084755,0.6162092494752394,0.5135595283878925,0.03918619963374351,1678,128.58610475311963,22.23071072044504,121.5229236075283,524.4520072358983,427.4227643777965,128.63794442965894
EL_0310,Calimon2024_Nernst,synthetic_clinical,nernst_equation,0.24413011911504023,0.6858091637960242,0.7216714922955245,0.48282385462621885,0.4173088119689655,0.4665495007779743,0.5213769159490395,0.07228368469056592,1756,137.14989598297467,23.94959127461554,134.73956453005815,527.1438608304109,432.4297592539214,126.29228705127166
EL_0311,Calimon2024_Nernst,synthetic_clinical,nernst_equation,0.41988906341123494,0.6969561797688527,0.5878010519573865,0.43017147466303607,0.28673037615752917,0.5866945188867193,0.5266063822322541,0.040864590438831214,1983,134.02000427384087,21.137420789559496,125.0369635603225,527.28728224093,430.04566934463253,125.74377778253115
EL_0312,Calimon2024_Nernst,synthetic_clinical,nernst_equation,0.09730952778435409,0.3749051052038505,0.7830645924740415,0.838455917266492,0.30442670967550495,0.4951724363244341,0.5303236870727648,0.07351360368215422,845,124.69075534362716,23.040125990010388,111.68030344987001,523.1436603527118,433.523104956422,129.99710500548179
EL_0313,Calimon2024_Nernst,synthetic_clinical,nernst_equation,0.3176477188157228,0.3055596647539192,0.37802491890493634,0.1671181052435879,0.22594533264549158,0.5970735299465053,0.5383260484791464,0.13552968388691888,910,118.89431878395636,20.436650242371325,133.7423493076004,522.2514376352916,426.30977992231686,123.00340381651328
EL_0314,Calimon2024_Nernst,synthetic_clinical,nernst_equation,0.22668331903809813,0.5782886670694581,0.659820141673073,0.38942350710302776,0.4216929787815608,0.5003305631216612,0.5427732033393938,0.08421325169975179,1886,130.14993150279045,21.757236157617097,124.81667184372611,525.760464472333,431.3282525992603,125.31928343100078
EL_0315,Calimon2024_Nernst,synthetic_clinical,nernst_equation,0.1923761175331048,0.4195787660893061,0.4617289575324074,0.7431557870599922,0.4505283020389777,0.5645499101743003,0.4908861583533658,0.030944735586714386,2474,136.962940478395,19.131885100457232,120.20015053079086,523.718447315686,427.8004596672585,129.00431028723744
EL_0316,Calimon2024_Nernst,synthetic_clinical,nernst_equation,0.1622409751252898,0.5472335049659146,0.41688787099348723,0.30080088523104254,0.21755214543483092,0.5592013503067175,0.5290213914620133,0.14973776852793838,1568,127.99983965973527,20.608217648702606,132.46803064014844,525.3608978830638,427.0018876922283,124.39605204904123
EL_0317,Calimon2024_Nernst,synthetic_clinical,nernst_equation,0.5081822810405483,0.26308962704092537,0.5129929010333688,0.6291263204998924,0.31457973676075596,0.5878823416861025,0.5218777051361937,0.007946818995389538,1724,121.82694519850835,19.738884643592712,117.31572746254956,521.7050032596302,428.71341588150784,127.81640160463876
EL_0318,Calimon2024_Nernst,synthetic_clinical,nernst_equation,0.34472100951062173,0.5916771613317174,0.7159226687056148,0.10970801260386104,0.4840415903273987,0.5098330166128293,0.5013773819960123,0.07217694886682886,2347,127.29304916897351,23.316581587109937,135.0757846613099,525.9327255273545,432.3273788309067,122.40533079580348
EL_0319,Calimon2024_Nernst,synthetic_clinical,nernst_equation,0.2695275252945446,0.822033671537536,0.7820633335198564,0.5397938751554876,0.26696881755827995,0.4826261829963543,0.5119910758490738,0.12010161535952243,1365,133.14415514042173,24.129913426692863,123.52431481508103,528.8965730446207,433.50527360124585,126.8857755948568
EL_0320,Calimon2024_Nernst,synthetic_clinical,nernst_equation,0.4647220219393173,0.5762978933131941,0.6571597062766298,0.4611332072934155,0.2558301685817725,0.5079519204057312,0.4928763394312435,0.10113152405814715,1327,138.99917426089917,20.843117947398852,130.01957899068398,525.734850480136,431.28087307942786,126.06632345541249
EL_0321,Calimon2024_Nernst,synthetic_clinical,nernst_equation,0.342724617617242,0.35763686469352446,0.5211220167537467,0.20102071929074417,0.41874031517416566,0.5772086010875865,0.5498633615209302,0.0684465201657984,2155,129.41971877028516,20.186330053630286,144.22,522.9214811240095,428.85818677126844,123.35658629472985
EL_0322,Calimon2024_Nernst,synthetic_clinical,nernst_equation,0.26348609745554574,0.6193102822368522,0.18642413782440162,0.292221295131498,0.376647467974488,0.4885580871638212,0.4892784145373412,0.060828783218691534,1495,137.80076251620565,19.337107140165344,124.14225175633493,526.2882629363725,422.89757415357377,124.30667366396376
EL_0323,Calimon2024_Nernst,synthetic_clinical,nernst_equation,0.21833650247860809,0.5990686764987903,0.5675482214913331,0.6501075897182572,0.29156871339495066,0.470706797437011,0.5413921602356645,0.05576490762399091,1853,137.09242932667266,21.815329960480245,122.17055687171396,526.0278273495569,429.68498801254236,128.0349752122185
EL_0324,Calimon2024_Nernst,synthetic_clinical,nernst_equation,0.5357740568383698,0.499182276208081,0.3154818584792855,0.5059619291743874,0.23365956934116924,0.6167069134218515,0.5208813425907493,0.02192480307177559,1389,123.54110964430674,20.454410423170593,115.26274921529016,524.7426539492229,425.19595465304747,126.53332930537971
EL_0325,Calimon2024_Nernst,synthetic_clinical,nernst_equation,0.27559220359609055,0.6856227267631116,0.4661256409269996,0.5057389060563017,0.31782774036640776,0.6481418479123816,0.5228644889402503,0.05510867724344688,2102,139.05202487573987,20.53851534408322,122.00153834780319,527.1414620662664,427.8787599140412,126.53100594891417
EL_0326,Calimon2024_Nernst,synthetic_clinical,nernst_equation,0.2843703754237531,0.53411336063826,0.6834583534447014,0.41199024825995806,0.4589077883360527,0.6238918205680809,0.5129483852348312,0.14593885656133493,1693,132.94577058162295,23.958454129368135,115.4824569600966,525.1920895122608,431.74922396542615,125.55437378586223
EL_0327,Calimon2024_Nernst,synthetic_clinical,nernst_equation,0.24666459621251513,0.4296141404569478,0.4317674855584044,0.49327655184414665,0.43375430192202685,0.5478933313505308,0.5419426339420975,0.08852036350568279,2352,123.34929528657445,20.934654117072494,121.52878478218824,523.847565956083,427.26687777404715,126.40117864005417
EL_0328,Calimon2024_Nernst,synthetic_clinical,nernst_equation,0.12244165662032308,0.5737826032392687,0.4868894095848179,0.0,0.25114925653636827,0.6204295967704019,0.5407537792217483,0.10108478067910802,917,142.31171226220212,22.32103982543171,143.47015100897013,525.7024878773419,428.2485405109443,120.9006066789985
EL_0329,Calimon2024_Nernst,synthetic_clinical,nernst_equation,0.1280192917499025,0.6245412797328541,0.47357450278515106,0.4105842371130614,0.28702923402844194,0.5162617108646791,0.48023052602047195,0.007014985237925047,2401,130.25757199312676,21.48314891116594,123.711537436573,526.3555667817359,428.01141620729646,125.53972658194543
EL_0330,Calimon2024_Nernst,synthetic_clinical,nernst_equation,0.06929016702754959,0.5299683727345651,0.33317016324426213,0.581310067140683,0.4860670420160295,0.6189632105144287,0.49823815098768165,0.09246884027494441,1456,118.64139825673324,19.272327510475517,118.91774488662038,525.1387586465671,425.5109645147921,127.31827296957401
EL_0331,Calimon2024_Nernst,synthetic_clinical,nernst_equation,0.3020587655008249,0.3305378299289302,0.2917454800012328,0.6415173134881587,0.4726624328710798,0.4559105581883237,0.5041454455160673,0.12350755762560882,1863,126.54695803689275,18.503537814644172,121.36680729302144,522.5728154542804,424.77323504243253,127.94548550374674
EL_0332,Calimon2024_Nernst,synthetic_clinical,nernst_equation,0.25032307334872866,0.26106352267472377,0.572227946319686,0.6659990432153169,0.21909899997230228,0.4631675484328605,0.48299212245672263,0.06137181328110558,1133,124.97381739543971,22.165409632152212,119.92747563738888,521.6789346914351,429.768328925692,128.20052536480404
EL_0333,Calimon2024_Nernst,synthetic_clinical,nernst_equation,0.2468054725368412,0.4257523263545363,0.7318946212128893,0.010237368256014746,0.4948640875066858,0.45716883046491213,0.5262525388439309,0.03992217063966131,2417,126.703681821006,24.07545351776088,130.3246213367684,523.797878503667,432.61182228764034,121.36908950090788
EL_0334,Calimon2024_Nernst,synthetic_clinical,nernst_equation,0.4024341700134237,0.3539083703016535,0.5192825441860299,0.6028478900922775,0.33998408684063774,0.5173433194560191,0.5233406086102029,0.14667706309920853,1457,128.2152652163088,21.894530430610185,122.21760086295087,522.8735090096698,428.82542772471544,127.54264450844276
EL_0335,Calimon2024_Nernst,synthetic_clinical,nernst_equation,0.15091108065744896,0.36612865722278176,0.6850174768052097,0.3020931256763558,0.38037505924165305,0.6158461258951103,0.5220003127956497,0.09157838336605285,2363,129.41528258843928,22.379821587599093,134.31528322510155,523.0307395000045,431.77699029129866,124.40951403997481
EL_0336,Calimon2024_Nernst,synthetic_clinical,nernst_equation,0.12071106116563124,0.3477503035905425,0.41034527132860055,0.45718496859011326,0.339877022335212,0.4506767973147955,0.5081249671613931,0.015860290188967573,1814,129.1749326925755,19.979611100230795,120.60937309755651,522.794277167181,426.88537096305214,126.0251924462259
EL_0337,Calimon2024_Nernst,synthetic_clinical,nernst_equation,0.2886481999772602,0.5080478481953266,0.6941237585482893,0.401703529723839,0.3498896023249227,0.5818628388757626,0.512617076395086,0.10292686776588651,2287,130.4370694060066,22.99338411703892,121.0687555475685,524.8567215025995,431.93916346679566,125.44721128977123
EL_0338,Calimon2024_Nernst,synthetic_clinical,nernst_equation,0.2783156604470801,0.5485535904498052,0.5893896714747263,0.6148860985532342,0.2807153165241457,0.5900787159270595,0.4888543671524178,0.007960917325705068,941,134.81344373920817,22.9739319941648,116.4748951736564,525.3778825651139,430.07396096563133,127.66805325396352
EL_0339,Calimon2024_Nernst,synthetic_clinical,nernst_equation,0.29183987537745393,0.5096183804360674,0.6681078275326527,0.5808660141633165,0.43922261781661087,0.5963150955256667,0.4922126212330073,0.035502753895175536,1487,126.29027166453767,20.30696839848244,120.13032085589977,524.8769285203146,431.47584745425047,127.31364702153391
EL_0340,Calimon2024_Nernst,synthetic_clinical,nernst_equation,0.30984530144306016,0.5862900935094801,0.6086071777276147,0.8077825376874477,0.35855455134792813,0.5883804628167242,0.5297845012513817,0.05664436202102169,1500,138.60659339311522,22.256291774918008,110.51697997363925,525.8634136265273,430.41620427657796,129.67756326749262
EL_0341,Calimon2024_Nernst,synthetic_clinical,nernst_equation,0.2592816938970132,0.27529525089114315,0.45014838411639735,0.7887410455173971,0.22460786745668004,0.5553530342181825,0.5387723611464482,0.01784634891490779,897,123.23107744412701,18.62672397444344,107.69575149091774,521.8620450897605,427.5942219933168,129.47919740153887
EL_0342,Calimon2024_Nernst,synthetic_clinical,nernst_equation,0.5093281918772228,0.5971727762843462,0.5288547319125465,0.04108727992429208,0.41274109746782767,0.6441984297047628,0.5245015744778688,0.14453252072445819,1408,134.99060948872446,22.536541787811608,127.30767427833649,526.0034340335679,428.9958981893749,121.69047027233185
EL_0343,Calimon2024_Nernst,synthetic_clinical,nernst_equation,0.22438107957123843,0.570628069731829,0.4130909040487907,0.6839414047849178,0.22748952562911479,0.5671282425276833,0.5210117548646954,0.07407087409352141,1875,141.56050378391313,20.501304390325327,110.43246271496292,525.6619005447078,426.93426775644645,128.3874409730045
EL_0344,Calimon2024_Nernst,synthetic_clinical,nernst_equation,0.320770724596757,0.5825003021669295,0.3553059379171388,0.2644602805240658,0.39463958737366656,0.5130357391031778,0.5300338550949482,0.14626717605685885,820,129.926691654191,19.473407255051267,125.7504743541831,525.8146528441576,425.9051790770106,124.01747165956311
EL_0345,Calimon2024_Nernst,synthetic_clinical,nernst_equation,0.20789323617363487,0.36462684789417976,0.7629417600250348,0.8607682149104537,0.30525146944833625,0.5370919769578296,0.480277328398963,0.07381238613313379,825,132.29624372061485,22.032144732477445,119.29646242910512,523.0114166953397,433.1647387505082,130.22954468006378
EL_0346,Calimon2024_Nernst,synthetic_clinical,nernst_equation,0.44098141944464464,0.1912035054886582,0.29384681847236005,0.3700329686804061,0.3096017790832101,0.6259639953410905,0.5448858436184076,0.0036646963961532164,1212,124.87465642550073,18.618383954768436,129.54944628180354,520.7800912495541,424.81065764171854,125.11728135515703
EL_0347,Calimon2024_Nernst,synthetic_clinical,nernst_equation,0.1433944853768599,0.3020000544237172,0.4790867976577549,0.8584695711397478,0.4550926428744023,0.4983275896154756,0.5212326524130723,0.10285175702492674,2462,127.78971478284107,21.937589321806268,110.58936052451732,522.2056384424224,428.10958430586703,130.20559842322513
EL_0348,Calimon2024_Nernst,synthetic_clinical,nernst_equation,0.3713439068482741,0.6384433308623024,0.4971052042643171,0.4996418063347476,0.22789408293343738,0.5742245205823621,0.4992741395096911,0.002645224357851955,816,141.07746585280165,19.62232176661451,127.11954579341132,526.5344354392273,428.4304729297011,126.46748905353269
EL_0349,Calimon2024_Nernst,synthetic_clinical,nernst_equation,0.1534403560252776,0.578233314336437,0.36757030759586024,0.48998734958331636,0.36717428362347704,0.5795207322720978,0.5429008226285429,0.06752847389664217,2110,135.84280186111147,19.28634648652598,125.22099167446692,525.7597522846887,426.123594433836,126.36691318181488
EL_0350,Calimon2024_Nernst,synthetic_clinical,nernst_equation,0.11785664978448479,0.5964376253935946,0.500597787656715,0.3810420055540237,0.3532791729782443,0.5494508631896943,0.48422813081550486,0.09102895554044212,1442,133.73449820540048,21.4939691493661,125.44111552400618,525.993975324802,428.492672118724,125.23196864506316
EL_0351,Calimon2024_Nernst,synthetic_clinical,nernst_equation,0.43283702101188914,0.27609460098902994,0.4428659583920346,0.2583229057379243,0.288479446328363,0.5745215443704911,0.4931697384564426,0.03284965635818434,1592,118.67634264328626,21.129094525701657,130.86215993226634,521.8723298080041,427.46452975027387,123.95353519632467
EL_0352,Calimon2024_Nernst,synthetic_clinical,nernst_equation,0.43350029306936516,0.37043949147532684,0.7003154519334072,0.19128291192583186,0.35209789111567524,0.4976371411199124,0.5189366407990204,0.05313602979506813,1704,126.48173816218453,23.687159438212095,123.36044391767463,523.086204202892,432.04943092900453,123.25514211308794
EL_0353,Calimon2024_Nernst,synthetic_clinical,nernst_equation,0.06905471864397777,0.8697432278449584,0.4593238174194653,0.8900307828266438,0.3825105772088707,0.5482956468836893,0.49372204411924553,0.14936223405892943,1809,142.17215766798859,19.382862037307486,105.43138715019758,529.5104209010815,427.7576266844192,130.5343892044785
EL_0354,Calimon2024_Nernst,synthetic_clinical,nernst_equation,0.2786279196013052,0.7160088882720669,0.7176841081771287,0.4721313468053964,0.2747953419560289,0.5852916468925806,0.48881281475934907,0.12873700476847375,1681,133.68521624436332,23.558835551128592,126.05764960571555,527.5324210596419,432.3587481911572,126.18089722141207
EL_0355,Calimon2024_Nernst,synthetic_clinical,nernst_equation,0.23941430345719178,0.7065843893414795,0.34654074655214634,0.44009013937986957,0.4416752747430882,0.549681508542641,0.5077604992918104,0.14076327781481546,1216,134.48245458583347,19.613897971297234,125.13606900154149,527.4111621565098,425.74908035773035,125.84710605628662
EL_0356,Calimon2024_Nernst,synthetic_clinical,nernst_equation,0.40020782063681815,0.5926815547725484,0.5236311494617629,0.5481138580164406,0.3163701094815904,0.5820848856288704,0.5455598597432338,0.0281707975253975,1251,132.14984743371562,22.84352459378731,121.11826940874612,525.9456484050422,428.9028717514264,126.97244950623907
EL_0357,Calimon2024_Nernst,synthetic_clinical,nernst_equation,0.3992649227184712,0.5248341957090955,0.2866921361686482,0.4418870006405939,0.4479911443313017,0.5042223523870859,0.5180653132950911,0.14570944004842473,1860,127.14299716571465,23.136565260879795,116.8665768973264,525.0727005272782,424.6832403728923,125.86582496427971
EL_0358,Calimon2024_Nernst,synthetic_clinical,nernst_equation,0.1761543881910908,0.4783771710798698,0.4666429584797514,0.5020422671122635,0.2146157514547244,0.5081807440337853,0.507939751603979,0.09377397100092996,2262,133.18494076301667,21.904690293848752,120.29025442028782,524.4749681819502,427.88797278847636,126.49249599503536
EL_0359,Calimon2024_Nernst,synthetic_clinical,nernst_equation,0.5553619552768889,0.40212763979965443,0.3950605730409655,0.19861914610198303,0.3705746542069993,0.6049353536746909,0.540132685868241,0.10514730090327404,1114,121.28193160819417,20.15820240755469,133.24138560974163,523.4939150145113,426.6131667717308,123.33156776461753
EL_0360,Calimon2024_Nernst,synthetic_clinical,nernst_equation,0.1388171158584089,0.2677933043052662,0.3367444436564123,0.72311625423208,0.22129675734541596,0.4519759213284113,0.5014197486130065,0.05885339407223396,1564,120.8011444731403,19.008961479028375,116.31025614663383,521.7655224182573,425.5746186406921,128.79554727396007
EL_0361,Calimon2024_Nernst,synthetic_clinical,nernst_equation,0.09230232404316047,0.34443639213355204,0.26688397771338745,0.7603606347297891,0.3589589272510033,0.5046638639914284,0.5357226008404494,0.0012078932437921796,1377,126.36159454317742,18.335710920755567,110.4682703047209,522.7516392220434,424.3304781755357,129.18354280095764
EL_0362,Calimon2024_Nernst,synthetic_clinical,nernst_equation,0.3611812715036931,0.3701827976825799,0.9323849844475725,0.6194484225697672,0.376330335548822,0.4735217269266308,0.5220157787602347,0.061462033028607754,2221,132.28792946825257,24.308096797891288,112.40596966883022,523.0829014906758,436.18234204308555,127.71558153306155
EL_0363,Calimon2024_Nernst,synthetic_clinical,nernst_equation,0.5572827841042883,0.4284831605804001,0.5222676181707929,0.4742679820561626,0.4320443610135626,0.5953141416655587,0.5052763405296705,0.08186662281084157,906,121.02978873106805,20.933937816840807,122.60869306961659,523.8330143729904,428.87858871191753,126.20315574495426
EL_0364,Calimon2024_Nernst,synthetic_clinical,nernst_equation,0.37017143065860797,0.5715448853563487,0.2864735700454763,0.11462557858960877,0.4114953915432742,0.46647634781568215,0.5048953902982187,0.06510000248932157,1328,131.8718028019752,19.6656719500678,134.75645576963888,525.6736966155464,424.67934794311134,122.45655982903449
EL_0365,Calimon2024_Nernst,synthetic_clinical,nernst_equation,0.16550661449368026,0.40556288733089585,0.44149337201884453,0.1484292820161988,0.20191315071045043,0.592134018788313,0.513992816094614,0.14249458692555475,1567,124.7047664159419,19.60523784851707,138.55853714119644,523.5381141120648,427.44008544939845,122.80871190003688
EL_0366,Calimon2024_Nernst,synthetic_clinical,nernst_equation,0.5332290472952748,0.4040386627197133,0.5632798340475847,0.4849209806465422,0.4295729968582275,0.5961703546370933,0.4921002367492109,0.09057011520182834,2286,125.56571524166536,21.663543957962613,127.48964834728076,523.5185029045258,429.60897257995043,126.31413398507918
EL_0367,Calimon2024_Nernst,synthetic_clinical,nernst_equation,0.4727901009562196,0.44945599580983925,0.3818076340866724,0.44480759691313027,0.29368172604070253,0.5039794379111556,0.5430974924531348,0.007086238810897916,1630,139.36437037228066,20.780082197341574,115.87352884596324,524.1028582144745,426.37714604938503,125.89625044793031
EL_0368,Calimon2024_Nernst,synthetic_clinical,nernst_equation,0.0676082648454886,0.573652169375961,0.31802624337003954,0.6118009087624713,0.407070000024357,0.4696622920474475,0.48808035479884565,0.11170210896367957,2219,131.29830917005404,18.38671065119456,116.62934670172984,525.7008096695865,425.2412674370203,127.63591310764458
EL_0369,Calimon2024_Nernst,synthetic_clinical,nernst_equation,0.12224907796320023,0.41335222365759966,0.6460219850188673,0.26215966063508805,0.3510605139674401,0.5043265243120112,0.5224408230572946,0.07706209358561361,1617,125.28468363179685,22.757328851057615,129.09596178081182,523.6383344406,431.08252213058483,123.993504816396
EL_0370,Calimon2024_Nernst,synthetic_clinical,nernst_equation,0.42963524692588556,0.662698840654865,0.633966482501867,0.11717692933707696,0.44113531355777913,0.6426086044788429,0.5076877213452797,0.050660240322233145,811,132.25386589094248,21.92592418213174,132.341244261371,526.8465153210352,430.8678264753708,122.4831386756844
EL_0371,Calimon2024_Nernst,synthetic_clinical,nernst_equation,0.4951208291235009,0.4087088804827962,0.5457601823396107,0.8543378602185553,0.4354319609427153,0.5561274513331305,0.48717094813628575,0.10646509259123303,2386,121.6691390373998,24.288660268695146,118.28898139949226,523.5785915614942,429.29696624945854,130.16255608140477
EL_0372,Calimon2024_Nernst,synthetic_clinical,nernst_equation,0.10282519695770509,0.6592967119117763,0.6831910949409485,0.4771514732194587,0.4527399221637877,0.5176433034365011,0.49527741827581,0.13071780969282648,2275,133.50309079464128,23.191042572660624,133.0020875237398,526.8027423414063,431.74446437622663,126.23319468394439
EL_0373,Calimon2024_Nernst,synthetic_clinical,nernst_equation,0.22948541859577992,0.6442891771458449,0.2727740372818487,0.4391659469269674,0.30644042578441205,0.5659257055166288,0.5313409045667461,0.009472380286029519,1942,138.13576321183683,16.689999999999998,121.22553156821351,526.6096501443742,424.4353738608476,125.83747822698676
EL_0374,Calimon2024_Nernst,synthetic_clinical,nernst_equation,0.5364100308917907,0.6247226554917347,0.8143253083194244,0.3504913962026401,0.27862816915398614,0.6317654428193868,0.5465117838534166,0.040373046145663456,1526,135.288446616788,23.624649138924973,127.94570190984179,526.3579004257565,434.0798249986948,124.91370587315006
EL_0375,Calimon2024_Nernst,synthetic_clinical,nernst_equation,0.17938750415978,0.8484330450393909,0.5318365125035615,0.04255664861425909,0.4212833485196398,0.6094839942577652,0.49730439925974546,0.10738043153748524,2160,144.84779440535863,23.295761261361022,131.0157249443025,529.2362366275642,429.0490005247433,121.70577750718444
EL_0376,Calimon2024_Nernst,synthetic_clinical,nernst_equation,0.11241292476124637,0.31945525996144664,0.4202312017251729,0.48438571604911546,0.3568976830714258,0.5645268218099543,0.499730181100046,0.14869437103505967,2498,118.67368111853445,20.243894778801078,112.30981291530809,522.4302232286311,427.0614288503861,126.30855783461604
EL_0377,Calimon2024_Nernst,synthetic_clinical,nernst_equation,0.47147516001110806,0.60746673099219,0.4619884458340278,0.2661333714145048,0.33075189168036584,0.5573241805709918,0.49956695197882733,0.024459880104009533,1734,131.87133242170984,20.720856061316763,126.07424401771834,526.1358796591612,427.80508087743686,124.03490118243545
EL_0378,Calimon2024_Nernst,synthetic_clinical,nernst_equation,0.4447721087317972,0.35313874748701923,0.6124783218969289,0.2912342468544132,0.24062038031651814,0.5380935861957141,0.5291661618074229,0.020296410403145653,1584,122.47503033642133,22.04640841836875,133.03193491338362,522.8636067730612,430.48514522969765,124.29639103041417
EL_0379,Calimon2024_Nernst,synthetic_clinical,nernst_equation,0.4594762562084528,0.507910976850757,0.38723131082199713,0.557195773722645,0.378664668886762,0.5522927848655035,0.5386809687241989,0.14781305250018248,2494,129.95311505366223,19.80768243618898,118.86806505503209,524.8549604679562,426.47373595334943,127.06706089790373
EL_0380,Calimon2024_Nernst,synthetic_clinical,nernst_equation,0.32104190458113824,0.7260609897362295,0.42647001449250005,0.69584873683551,0.2582283617868816,0.5878978312653914,0.543208370653222,0.024555872720762848,1906,131.0698659581543,21.018915676905856,115.33714017869009,527.6617549167196,427.17253545858847,128.51148630581352
EL_0381,Calimon2024_Nernst,synthetic_clinical,nernst_equation,0.33609782568446883,0.8252818263247389,0.633084246571339,0.5202365793638356,0.28048140318662335,0.4765172192809918,0.5444128382109336,0.0543549872807161,2427,145.62821263620714,22.970058789946684,126.3828722995503,528.9383649414208,430.8521147934321,126.68203631430154
EL_0382,Calimon2024_Nernst,synthetic_clinical,nernst_equation,0.4675722987128922,0.4711790836983526,0.5380039749840214,0.5132795658865715,0.3649966946342651,0.6237998815903606,0.5334305486791263,0.13028634480561807,1775,130.678024264593,22.212832816643424,123.81011614679313,524.3823550693635,429.1588364603572,126.6095612167333
EL_0383,Calimon2024_Nernst,synthetic_clinical,nernst_equation,0.5106017872821773,0.5817871078836417,0.4876412000026023,0.38376974532591607,0.22103293781729327,0.5037226385505245,0.49081775786204046,0.08007175713875173,825,130.55883089238108,20.353147920580067,120.52959529732641,525.8054766367912,428.261929097285,125.26038503476181
EL_0384,Calimon2024_Nernst,synthetic_clinical,nernst_equation,0.48485652229019705,0.48644974309798167,0.5488432458034103,0.539220666630545,0.2981534714057954,0.5179140145610505,0.5426893211228815,0.06387257197675524,1370,137.48296669174968,23.00573407392672,122.84424550508653,524.5788327200631,429.35187232487874,126.8798041612944
EL_0385,Calimon2024_Nernst,synthetic_clinical,nernst_equation,0.2723059303933514,0.5091958431383842,0.45825002678975124,0.834821431088226,0.30277040738344374,0.5867694416263376,0.5365289999034454,0.028716793756390756,1786,130.72246908441878,21.8755455621924,110.96750667901834,524.8714920074955,427.73850361738124,129.9592425317003
EL_0386,Calimon2024_Nernst,synthetic_clinical,nernst_equation,0.30633211291526435,0.5997483098068039,0.6516081658087715,0.3735834974659126,0.47031154932020697,0.625407725808661,0.48327697700639594,0.045554770369342,1707,142.7610298108771,21.82186756112659,125.73986429869585,526.0365717496644,431.1820060586203,125.15426919785554
EL_0387,Calimon2024_Nernst,synthetic_clinical,nernst_equation,0.08328370575705468,0.6569769672097617,0.6484994238817816,0.008660589710040339,0.4991527052149139,0.5989822509654045,0.5386603553165852,0.03194107897201252,1818,135.33928388673246,20.59155619011951,134.19929673002332,526.7728956938355,431.12664267712995,121.35266331755543
EL_0388,Calimon2024_Nernst,synthetic_clinical,nernst_equation,0.30104467226223997,0.5971841178920456,0.6654412151277681,0.7670628136068727,0.4215713115904681,0.642241580244572,0.4881582681400638,0.10643515745970913,2268,136.3541346800499,21.389734486439885,117.77150837673742,526.0035799586637,431.42835792847904,129.25336314407238
EL_0389,Calimon2024_Nernst,synthetic_clinical,nernst_equation,0.173510412776756,0.3825345320705342,0.4222398505153004,0.6263053962175701,0.39845578454329683,0.5284221338270715,0.48488274397242376,0.030321390936507795,1886,119.12626644615635,20.184676373856956,116.9616714551938,523.2418232301437,427.09720074521033,127.78701445981547
EL_0390,Calimon2024_Nernst,synthetic_clinical,nernst_equation,0.5097926082310479,0.814881239023849,0.37995026516046004,0.068453106269844,0.42254387277995453,0.6444365936374082,0.5219350057234668,0.036257059813697694,1631,143.74550991236558,18.353334012015267,124.0886396172151,528.8045473435491,426.344068287755,121.97555537974341
EL_0391,Calimon2024_Nernst,synthetic_clinical,nernst_equation,0.4019274625176039,0.4215202386058322,0.42492240249215024,0.41384281265399675,0.4871090315129481,0.622769836594111,0.5038326614883285,0.01690245686332602,2056,126.86522749926982,20.960726299852592,143.1226474460577,523.7434269808703,427.14497413777553,125.57367298452674
EL_0392,Calimon2024_Nernst,synthetic_clinical,nernst_equation,0.07106958147107295,0.4896972780310919,0.5424637194876114,0.2709163866327941,0.2656504032763078,0.4714942807937363,0.5349811521596568,0.016874693672082806,2209,130.9978242296217,21.208220973631164,130.6911689077007,524.6206166416034,429.23825975830226,124.08472852512334
EL_0393,Calimon2024_Nernst,synthetic_clinical,nernst_equation,0.34238419959566996,0.47123321460996404,0.4779344223904189,0.8569353064722851,0.2375607946665102,0.6011416253637225,0.5298424597127299,0.03247540135207941,1327,126.88922204618514,21.615543383795632,122.18947553272739,524.3830515366257,428.0890617301615,130.18961513070553
EL_0394,Calimon2024_Nernst,synthetic_clinical,nernst_equation,0.5073405871663339,0.3375142719166858,0.7413903751681283,0.540931546997529,0.21357749416116545,0.4903639216395526,0.5326432849464103,0.10640668954648337,2253,124.5150341250879,23.303082719438535,123.14194358453122,522.6625767996242,432.7809315482702,126.8976273582639
EL_0395,Calimon2024_Nernst,synthetic_clinical,nernst_equation,0.3132056535110804,0.4182098527369761,0.5365286856711277,0.2974075644803953,0.45480012638437317,0.5101303746010328,0.49824960472956253,0.13361895775354857,2282,123.37814413375597,20.375912793779065,131.39578975439125,523.700834397184,429.13256312955116,124.36070193030318
EL_0396,Calimon2024_Nernst,synthetic_clinical,nernst_equation,0.5151135996412237,0.5550046625398493,0.64804194190154,0.6522093208417178,0.2130639733530126,0.6031608176061776,0.5200731259557096,0.06381736748277254,2419,131.71971419908715,20.82262935448189,116.38524823759295,525.4608843174008,431.118495410489,128.05687011995914
EL_0397,Calimon2024_Nernst,synthetic_clinical,nernst_equation,0.38850607844376717,0.36518470550808924,0.5722315417711071,0.3042019282140639,0.46863906732769206,0.6311489271277895,0.5481216520361731,0.11646978967147291,1310,118.47235948991458,22.60289882826531,127.21560735945056,523.0185942867283,429.768392956851,124.43148261458977
EL_0398,Calimon2024_Nernst,synthetic_clinical,nernst_equation,0.278993010780983,0.5652644393828071,0.5637142225776527,0.6661982684838345,0.3719778710792849,0.5991227810352489,0.5341122329094002,0.1379841271228447,1239,129.50849338407664,20.218540280106502,114.90372033667337,525.5928901986174,429.61670857684885,128.20260080577035
EL_0399,Calimon2024_Nernst,synthetic_clinical,nernst_equation,0.229377056112181,0.45365453181209014,0.5714886761332035,0.6529789618095807,0.41396469393297497,0.5642636871572255,0.48752579891399955,0.08420166718213161,1633,137.8191416562613,21.64138676022931,129.44539244483602,524.1568780487536,429.755163311331,128.06488790006273
EL_0400,Calimon2024_Nernst,synthetic_clinical,nernst_equation,0.5007586286568149,0.4509071237749951,0.47512402909839213,0.40523462769584956,0.22102569272574296,0.5091267970193681,0.5284638660738828,0.00514974538077178,1917,135.09811089917255,20.75899723870396,120.76704472743478,524.1215289349717,428.0390116199824,125.48399671082595
EL_0401,Calimon2024_Nernst,synthetic_clinical,nernst_equation,0.2673438548247158,0.44572343631134065,0.5150133496996591,0.5405277570132717,0.4358881786525095,0.5325718541234146,0.5287571555522956,0.07608205225171347,1940,133.82326212712223,21.01750971914306,124.28894217172963,524.0548337970496,428.74939791955427,126.89342085232543
EL_0402,Calimon2024_Nernst,synthetic_clinical,nernst_equation,0.45662149100061694,0.46179289841075255,0.733759338958419,0.44044680125136876,0.29987084139335185,0.5444799937678728,0.4940471731470702,0.002358001545517474,1276,125.33849277539593,22.590287476060762,120.3048022757389,524.2615891229772,432.64503092391254,125.85082160233526
EL_0403,Calimon2024_Nernst,synthetic_clinical,nernst_equation,0.3114669685416244,0.3462564675449046,0.4614567906413539,0.37015458109113103,0.3498686467804771,0.5913801803351442,0.5321325485136333,0.10916872330393451,1659,120.92485172108216,20.813678702110707,127.8346493705956,522.7750569495665,427.79561266491083,125.118548259607
EL_0404,Calimon2024_Nernst,synthetic_clinical,nernst_equation,0.3758448936132813,0.37469280580414976,0.5871773772991942,0.801950613884288,0.3730835727931881,0.5343123512233839,0.5218048885930195,0.14208718150593938,1836,137.71706442054798,22.64146809136654,121.61626475388279,523.1409288343008,430.03456236346835,129.61680885785609
EL_0405,Calimon2024_Nernst,synthetic_clinical,nernst_equation,0.07116441527669165,0.7229282838556579,0.1156238999085163,0.2774347974266358,0.4346395173373569,0.5771794234341222,0.5146758433444065,0.09039517301287327,1779,128.1911467761423,18.3346800201179,138.2247584045212,527.6214484259755,421.6366973508669,124.15263445340959
EL_0406,Calimon2024_Nernst,synthetic_clinical,nernst_equation,0.12561247588864516,0.3001471639339388,0.3404110826305661,0.4047284817689836,0.4647042835519261,0.6157102816930082,0.5256446073779695,0.06876207476882966,2106,130.5291287622408,19.155504961946445,132.96233723939176,522.1817985046104,425.6399175741774,125.47872390582805
EL_0407,Calimon2024_Nernst,synthetic_clinical,nernst_equation,0.21009101044664735,0.5243480707581044,0.2659701882533464,0.6962906231453313,0.23552620820548045,0.59628965214174,0.5485017433739089,0.017505888180370136,2323,129.79737070586413,17.760425857524304,113.57346472440446,525.0664458734472,424.3142045588553,128.51608968246688
EL_0408,Calimon2024_Nernst,synthetic_clinical,nernst_equation,0.22548803471873563,0.6702274739985412,0.31945996001632443,0.8531524762893319,0.338625381387469,0.4656242861579489,0.5050144084165215,0.10437427730432279,2361,135.35659107753878,19.569740131047862,124.22316768938754,526.9433813537083,425.2668004029279,130.1502072745199
EL_0409,Calimon2024_Nernst,synthetic_clinical,nernst_equation,0.5415320563815101,0.6280738784380538,0.6120095922171244,0.25261546350732217,0.3667168607374675,0.5713244503619164,0.4930004829850677,0.10429621621402961,1274,142.83878953474488,24.3152445506732,128.09430525176347,526.40101843358,430.4767976535114,123.89407758080044
EL_0410,Calimon2024_Nernst,synthetic_clinical,nernst_equation,0.3679895872052225,0.7522734858604233,0.3548660694359183,0.3312075706040476,0.4826369941272512,0.6402254064534756,0.5381803787014581,0.02873161155566991,1668,140.4045708275957,21.372468623366977,119.59790558041632,527.9990140698889,425.8973454880208,124.7128154844345
EL_0411,Calimon2024_Nernst,synthetic_clinical,nernst_equation,0.21516500356728152,0.18154472221468076,0.3849659435068276,0.5675351026029659,0.21893156745760353,0.46495763290057307,0.49762311591521274,0.026702392083228936,886,116.1569958878955,20.267554681781792,131.4928341322095,520.6558179620276,426.43339217511664,127.17477146535344
EL_0412,Calimon2024_Nernst,synthetic_clinical,nernst_equation,0.3592921297314913,0.5298120291538468,0.7129129592004969,0.28561210972691525,0.46324860186434336,0.6498445424047798,0.5394801562614854,0.09853665197793818,1730,129.08843597346305,22.629006715238102,130.65391380928114,525.1367470753155,432.27377911133516,124.23782208582479
EL_0413,Calimon2024_Nernst,synthetic_clinical,nernst_equation,0.38599542693292743,0.15029327081245752,0.4824631479546653,0.5632936616418532,0.3803388229790806,0.634964320386234,0.4959967603394721,0.0740578806693158,2305,122.45430891666653,22.850697359893758,122.26503462126682,520.253725845913,428.16971350730057,127.13058600438069
EL_0414,Calimon2024_Nernst,synthetic_clinical,nernst_equation,0.3798224718790269,0.7662497431182151,0.4437301149835228,0.602983031776193,0.2730639637765771,0.5273564595480298,0.5481293581747375,0.1293273079319443,1611,137.05656039993738,19.48326893192183,129.8462570946025,528.1788374894101,427.479919458447,127.54405235489287
EL_0415,Calimon2024_Nernst,synthetic_clinical,nernst_equation,0.15511994190439948,0.5406224579333336,0.8295038413340524,0.9243598688885473,0.33764069460748763,0.5727196137538824,0.4973990394911718,0.045103678008561306,1031,131.0854544475779,25.322174185219357,105.69608161225403,525.2758378371526,434.35013849961837,130.8920144800218
EL_0416,Calimon2024_Nernst,synthetic_clinical,nernst_equation,0.5025304381018073,0.41237660700461476,0.7482014680742772,0.6266773670141891,0.2845188774348983,0.5787070956571462,0.5075593796050303,0.07883156046895796,1178,134.93331045911097,21.833839423511655,132.5260280500511,523.6257818151406,432.90222985600536,127.79088948749302
EL_0417,Calimon2024_Nernst,synthetic_clinical,nernst_equation,0.28713387160131126,0.5746886802044299,0.6420757787788034,0.38830042000471865,0.4421398486135021,0.5412599283581112,0.5392707786152903,0.14831579710426906,2108,128.54154463313571,22.031692621873315,129.17194267077772,525.7141457808292,431.01224440196046,125.30758360502034
EL_0418,Calimon2024_Nernst,synthetic_clinical,nernst_equation,0.08270507804185184,0.6265650411625999,0.644741279303985,0.550862288273587,0.24487691087400856,0.5268739351468692,0.48917295464018024,0.1305996716428134,1237,124.41841543810105,22.180656047631842,115.11573481351344,526.3816052048902,431.05971412633903,127.00108144028623
EL_0419,Calimon2024_Nernst,synthetic_clinical,nernst_equation,0.172285086198869,0.3457499129693381,0.595095734495071,0.11763603133774123,0.47166277509486965,0.5589028089218427,0.5105470112477516,0.062324466830525824,1331,125.51168612379826,22.177366455972177,124.65338816386112,522.7685394410324,430.1755798684616,122.48792139781088
EL_0420,Calimon2024_Nernst,synthetic_clinical,nernst_equation,0.5461643551551967,0.360496257799774,0.4453954085706879,0.8436007152390861,0.34912947310321074,0.4968638216096053,0.49356101503376126,0.033437829252876076,1156,121.2640490562231,20.424286754598267,108.43286139906525,522.9582710769015,427.5095765629365,130.0507012413165
EL_0421,Calimon2024_Nernst,synthetic_clinical,nernst_equation,0.08568053651635743,0.3531301466140692,0.7922995641480979,0.2818328600615936,0.382442882714945,0.5784114293474814,0.5265684047025723,0.05578207568828868,1857,122.98537829588497,24.716655286811598,117.42442373406364,522.8634961112183,433.6875699624762,124.19845152989241
EL_0422,Calimon2024_Nernst,synthetic_clinical,nernst_equation,0.3268122938633088,0.30137842843310947,0.5873178070464559,0.38716669834552875,0.23163968900282583,0.609419861413469,0.5467147450389321,0.009005446950353801,1295,121.63926737530049,20.952254138612453,130.66095208714677,522.1976403847713,430.0370632676453,125.2957729928757
EL_0423,Calimon2024_Nernst,synthetic_clinical,nernst_equation,0.32507516014395665,0.33458397689825353,0.6249536235285212,0.7042398310627475,0.4703797895009907,0.5772289616878464,0.5175681888303941,0.1123722785521394,1582,124.44185988877422,22.90330291090002,122.76860655215532,522.6248745979044,430.70731705986486,128.5989010240415
EL_0424,Calimon2024_Nernst,synthetic_clinical,nernst_equation,0.395497241014158,0.35548396803030624,0.5702955148941128,0.49955988261624645,0.379413746740107,0.4884285697393109,0.4954492464385634,0.007102260711985397,1926,124.08034253184074,20.654352643112638,122.37439483563232,522.8937812017259,429.7339143809242,126.46663560837106
EL_0425,Calimon2024_Nernst,synthetic_clinical,nernst_equation,0.27336766833604725,0.5090765546632202,0.6847495784876164,0.5131663592788994,0.32417285703080584,0.6056568732356916,0.49976256782430056,0.027316389351459903,1113,133.57825494113033,20.375941590127795,123.1820104774035,524.8699572002064,431.77221930769633,126.60838188023162
EL_0426,Calimon2024_Nernst,synthetic_clinical,nernst_equation,0.36750742918354123,0.5328293631353757,0.7070546014206077,0.6343238887125798,0.23647499212587228,0.45049370059719923,0.5442354356015302,0.011945549567000108,1670,133.32756590934545,24.385927442804054,122.35142091878896,525.1755691508102,432.1694480011008,127.87054757755705
EL_0427,Calimon2024_Nernst,synthetic_clinical,nernst_equation,0.3857929511339026,0.5280110109595331,0.5094708332432951,0.45140493804002296,0.327184852182245,0.4956149878883581,0.4849024657731815,0.08032775466910755,1515,133.5712968818238,21.22985747250842,129.89092678481734,525.1135745446195,428.6506916067767,125.964978637609
EL_0428,Calimon2024_Nernst,synthetic_clinical,nernst_equation,0.25325457415745334,0.740114898163004,0.5012750171928411,0.7494429580033279,0.27140773384424793,0.6175011915373874,0.5400835069554216,0.05580433340553469,1593,138.5682203647876,21.346451694446415,118.45279394513122,527.8425774233697,428.50473285520377,129.06980726076432
EL_0429,Calimon2024_Nernst,synthetic_clinical,nernst_equation,0.06715374489711734,0.6108203483472284,0.5536238499028978,0.43026810758194123,0.2354487915601849,0.6254612380624116,0.5385594124713411,0.04428135013175436,1144,130.55942087410662,21.845279012642866,125.84574404446877,526.1790284742857,429.4370097903648,125.74478446165415
EL_0430,Calimon2024_Nernst,synthetic_clinical,nernst_equation,0.13594320100868112,0.2838459660594219,0.8676923394173263,0.3373892295772591,0.2538928946951124,0.583966390459444,0.5085268496155032,0.023447189751272655,1062,126.07059472464019,25.48477963997366,114.71032222607865,521.9720615850604,435.03023496229724,124.77721328079946
EL_0431,Calimon2024_Nernst,synthetic_clinical,nernst_equation,0.32287395704763033,0.6754008402079184,0.7329982256753966,0.5578690639289217,0.2700535575779794,0.6116022840193547,0.5070872755662417,0.12505458254910393,1915,145.190868850194,24.804955033636638,128.136626505259,527.009943694759,432.631476307275,127.0740749382748
EL_0432,Calimon2024_Nernst,synthetic_clinical,nernst_equation,0.17074907267149314,0.7722104178780047,0.6584377034851223,0.5042303886592794,0.40954424291845665,0.6206805444361757,0.5242595137140467,0.03817241311477974,1490,136.84707732211126,23.41553869507146,120.57183775481239,528.2555296179384,431.30363284806066,126.51529088010054
EL_0433,Calimon2024_Nernst,synthetic_clinical,nernst_equation,0.31521359806360966,0.5891862483811562,0.7658582276518473,0.37159907804767267,0.31435724088807404,0.5709452239265949,0.5290428556546822,0.08907448111727133,1962,132.03332347857713,25.880187454902504,122.56816876614634,525.9006765691651,433.2166779315723,125.13359639171203
EL_0434,Calimon2024_Nernst,synthetic_clinical,nernst_equation,0.5236311628968187,0.5871787703149903,0.4502309456501185,0.5929347259100419,0.2194213298229442,0.4726451584502435,0.5217751761010109,0.05310987926903755,2313,131.589567761011,19.917014549724172,120.28134291532781,525.874847653468,427.59569232626666,127.43937353683037
EL_0435,Calimon2024_Nernst,synthetic_clinical,nernst_equation,0.10316834482580128,0.5959973001944894,0.5380673428091951,0.5530222015138913,0.2690523901687383,0.6032463324407433,0.5263032927479099,0.0249778065800792,1629,132.9108859985529,22.42973786538548,121.18214778833176,525.988309946615,429.15996497380786,127.02358246365517
EL_0436,Calimon2024_Nernst,synthetic_clinical,nernst_equation,0.45343959891048147,0.48985280198122844,0.4173761647041291,0.5322891696202847,0.282099876230548,0.5028690235453392,0.5035128789081905,0.1264889220971614,1518,129.76857281853654,21.519042001639285,115.70634925916436,524.622617667201,427.0105836829591,126.80759488302373
EL_0437,Calimon2024_Nernst,synthetic_clinical,nernst_equation,0.2963883228234249,0.5477923842607996,0.3497930022385692,0.26052512652402676,0.2834703867992425,0.5307912999986059,0.5364473910322733,0.11423262233191536,826,131.87935482020941,18.622532260703704,125.20426044257445,525.3680886197576,425.8069995663685,123.97647696104328
EL_0438,Calimon2024_Nernst,synthetic_clinical,nernst_equation,0.49130905087971527,0.5410827071234161,0.7275677954043234,0.48166572980924266,0.46812725248311393,0.5012262181924231,0.5094357250653573,0.12518936079424756,2427,134.25103603133493,22.127062181142126,126.80920837326605,525.2817595643837,432.53476613003454,126.28022221779378
EL_0439,Calimon2024_Nernst,synthetic_clinical,nernst_equation,0.4006591520231817,0.5678769123342696,0.43531829972135067,0.5677962628773183,0.3817717235946615,0.5233743412964778,0.4956857814104602,0.10014846565947545,1653,126.41743359276018,20.62940242653494,113.38584210461633,525.6265031903414,427.3301139910511,127.17749211789013
EL_0440,Calimon2024_Nernst,synthetic_clinical,nernst_equation,0.4143661662824324,0.3283117360823805,0.5787614820717435,0.59546874902612,0.3618063248020689,0.6209171537618963,0.48568114743873003,0.12655386051571002,1748,120.61799970676135,23.807596320339083,118.61363266942377,522.5441737514069,429.8846842362379,127.46577187185993
EL_0441,Calimon2024_Nernst,synthetic_clinical,nernst_equation,0.5541180149274157,0.31390319611069195,0.6315698756413914,0.5417344572471938,0.4445713148417967,0.6294949436330517,0.5234814867392854,0.07221696157241263,1286,117.79664271318536,20.77981567283176,123.07369855943037,522.3587884311294,430.82514546066614,126.90599172306975
EL_0442,Calimon2024_Nernst,synthetic_clinical,nernst_equation,0.5184152878567234,0.7104889554808651,0.4678455315776103,0.7187372253985606,0.4285534426351205,0.5161956850476106,0.515214352827709,0.057649383264555196,1426,136.73367345298644,20.690529608320137,118.59762525602072,527.4613996716027,427.9093893340599,128.74992848322455
EL_0443,Calimon2024_Nernst,synthetic_clinical,nernst_equation,0.2383832907810965,0.341529460248471,0.7459760415916078,0.8294285551110813,0.46669186528402834,0.6005271370698136,0.49943067520111634,0.05518699696463076,2085,120.94511460023548,23.806918056586547,121.27351010699051,522.7142376185777,432.8625973814442,129.90306192864495
EL_0444,Calimon2024_Nernst,synthetic_clinical,nernst_equation,0.3640311426525556,0.5766881325590588,0.4443049053224599,0.30560415086047543,0.35023384728218043,0.5264438535245782,0.5429070928894547,0.03659452221278449,2476,134.03354812139082,21.29723725387719,134.36664439228892,525.7398714349115,427.49015586196936,124.44609035157967
EL_0445,Calimon2024_Nernst,synthetic_clinical,nernst_equation,0.32028696865741463,0.38269606451052857,0.6315836441128192,0.5809957473290631,0.3068354690651277,0.5081468456917245,0.5029675992774564,0.06585033262350085,1882,123.68366583064243,23.225717979183035,115.61068096753127,523.2439015630756,430.82539066247256,127.31499852442751
EL_0446,Calimon2024_Nernst,synthetic_clinical,nernst_equation,0.3855841945635419,0.41570231791491696,0.6748436374053639,1.0,0.4296375341740592,0.5215777061451379,0.5360943000773198,0.05231858827980314,2012,123.78660840467705,22.066244320679576,106.39722853907932,523.668571576176,431.5958050513709,132.57445639565657
EL_0447,Calimon2024_Nernst,synthetic_clinical,nernst_equation,0.46659601998973677,0.43114346329250713,0.5692692717399077,0.7302578004337922,0.31645127285532193,0.5627638250135281,0.49433178714429676,0.13737866127686862,2291,126.47070992036818,22.08730119424645,118.59697253637904,523.867242759162,429.71563808376527,128.8699447520516
EL_0448,Calimon2024_Nernst,synthetic_clinical,nernst_equation,0.28069954554017773,0.49647282935341236,0.49864519998635204,0.5638488820058398,0.21889337239598994,0.62466826152092,0.519800050719815,0.057765101841077554,800,132.30050445131607,21.016845624577762,120.5235030429446,524.7077932573059,428.4578986127121,127.13637004521708
EL_0449,Calimon2024_Nernst,synthetic_clinical,nernst_equation,0.13285262624460192,0.32802341678497676,0.43946729551230646,0.5973468465805751,0.20123594521780097,0.6381714273734806,0.5380476744064321,0.01162133358869386,2352,122.82589898346718,22.18846977176,119.37127156396528,522.5404641343745,427.40400318551343,127.48533706372662
EL_0450,Calimon2024_Nernst,synthetic_clinical,nernst_equation,0.3609049044284903,0.4590402741525085,0.5649530706996247,0.4579996261835791,0.478989072734153,0.6213387606653129,0.5122266612798184,0.12397490434515117,1829,127.11780151482058,21.193557855176916,124.77393572393613,524.2261728954676,429.63877114196237,126.03367918967754
EL_0451,Calimon2024_Nernst,synthetic_clinical,nernst_equation,0.26062776748950456,0.656336404321823,0.358767160116029,0.6671060603734531,0.2572401798890869,0.5403836150525325,0.545834250097429,0.11724150738458283,2227,130.89565512876624,20.138028587179498,115.54005786991662,526.7646539874328,425.96681975659106,128.21205778123644
EL_0452,Calimon2024_Nernst,synthetic_clinical,nernst_equation,0.12696374658282744,0.49139245868417303,0.5958807721411183,0.6515559247812321,0.42816019640290853,0.6371625516965453,0.5158256495992793,0.00037826425542300535,2050,123.32642715648807,21.236320724953163,114.49200556983466,524.642427429436,430.18956055251425,128.05006332802333
EL_0453,Calimon2024_Nernst,synthetic_clinical,nernst_equation,0.23247005221087108,0.49045382048360925,0.6599413051841186,0.4502229315716943,0.40194223914188365,0.5044310030192536,0.4804777507536844,0.05078169714502072,2486,140.18641663049328,23.42189433821984,118.0576513184089,524.630350581693,431.33041039229755,125.95266501562186
EL_0454,Calimon2024_Nernst,synthetic_clinical,nernst_equation,0.3383947384594233,0.3149284719676261,0.5928224502588949,0.5887962822983397,0.37450717542430406,0.6212592617597943,0.5015848807460266,0.12325068965520239,961,120.05298382482562,22.241534484178445,118.20459699626838,522.3719799892945,430.13509509830084,127.39626105681018
EL_0455,Calimon2024_Nernst,synthetic_clinical,nernst_equation,0.5339847827722488,0.44435795269842415,0.6568412579342692,0.4593782116588172,0.3079695529381768,0.4700247397439741,0.48290440435400994,0.03981088313923597,1549,129.6658989241392,22.60645194818302,137.96038754939772,524.0372650067758,431.2752018537433,126.04804068504485
EL_0456,Calimon2024_Nernst,synthetic_clinical,nernst_equation,0.38489981343937135,0.4781969872889295,0.5444115625788509,0.16228185491404445,0.45408996251228995,0.5125117406940525,0.5204454018472343,0.10954579154715798,1315,139.19153464222137,21.40230377316411,133.91342654124958,524.4726498742065,429.2729487684151,122.95302189391911
EL_0457,Calimon2024_Nernst,synthetic_clinical,nernst_equation,0.1961259075489849,0.4389211940399877,0.4361612552158342,0.7041575015710753,0.45860194168057644,0.45732194316844016,0.5105302969941021,0.017635060570984167,1259,122.596658656739,18.35766945479505,110.97296812102124,523.9673137662513,427.34512613027545,128.59804335171398
EL_0458,Calimon2024_Nernst,synthetic_clinical,nernst_equation,0.1719743616836204,0.5182279818848748,0.5086037182682599,0.6563259843296886,0.430749584636996,0.5471796463977641,0.5331976922187007,0.031663870749321976,2446,130.3594908153835,19.48235725748205,109.11976054021561,524.9877026671181,428.63524921294464,128.09975570425783
EL_0459,Calimon2024_Nernst,synthetic_clinical,nernst_equation,0.41463104688975005,0.7888672181310195,0.37920498709728556,0.6711776039026788,0.32653964578535927,0.535292960045411,0.5443078924560308,0.08646070401530877,1967,131.90896698224373,20.946261280936127,122.24943901294228,528.4698418422006,426.33079567951125,128.25447332570798
EL_0460,Calimon2024_Nernst,synthetic_clinical,nernst_equation,0.3898106842377604,0.4210563425417373,0.37283332278968473,0.35259796465865456,0.2990383063786315,0.5813516791515936,0.4971345625262533,0.10818101707996004,2359,125.9047368117039,19.617952117537858,136.47055648547104,523.7374583316812,426.21732312692416,124.93565117408743
EL_0461,Calimon2024_Nernst,synthetic_clinical,nernst_equation,0.4552406354557186,0.4420854298623217,0.5265123836138513,0.21477666018146463,0.24100697441534408,0.5223955898704571,0.5124752717642279,0.0635768286750865,817,130.56488507201925,20.576758626732484,127.60255896180459,524.008025932266,428.9541834618454,123.49988961898761
EL_0462,Calimon2024_Nernst,synthetic_clinical,nernst_equation,0.26300288664103794,0.4922910075297241,0.37267027801015506,0.2063200722039548,0.44252068993926835,0.5690234261649207,0.5183540110573654,0.13899629513001677,2469,134.6476301048951,20.519929325548702,122.6258538216761,524.6539884735005,426.21441947311786,123.41179261575951
EL_0463,Calimon2024_Nernst,synthetic_clinical,nernst_equation,0.26681420905492703,0.4414771815643588,0.32331332873975377,0.6829618186131093,0.39005861515257934,0.6207062886199608,0.5126646854767161,0.12972020534416015,1540,128.07497093774867,20.56725827799972,119.6127511782932,524.0001999966926,425.33542479429536,128.37723607637602
EL_0464,Calimon2024_Nernst,synthetic_clinical,nernst_equation,0.2641933300088503,0.682018022693831,0.5932353555677228,0.15006906587553406,0.34056841284002376,0.6190773895184924,0.5226472417263045,0.09142523945858716,2393,135.94406623429316,23.656356672827457,130.52939683225853,527.095082681561,430.1424485019184,122.82579444495138
EL_0465,Calimon2024_Nernst,synthetic_clinical,nernst_equation,0.2508897192549272,0.6601837869707954,0.4973299320592553,0.5861998701543109,0.2924970265459194,0.5736630604463064,0.5153905756280738,0.04849636882663206,1639,133.56955070904093,21.31682410836064,124.12728438277553,526.8141557597158,428.4344750922913,127.36921278040812
EL_0466,Calimon2024_Nernst,synthetic_clinical,nernst_equation,0.20115552892710337,0.8236991316792436,0.2659809726169753,0.1645055198982356,0.4011540795856303,0.4935649174657287,0.5273660813146489,0.013669825985069961,1219,127.33526771462957,22.867432148217837,135.1901196882441,528.9180014379476,424.31439661688125,122.97618705483407
EL_0467,Calimon2024_Nernst,synthetic_clinical,nernst_equation,0.3144107242454975,0.506325378343538,0.43607711283162837,0.846166712382006,0.47656874077299277,0.6219135177622228,0.5478127409709963,0.09757185979172563,1815,138.26443340591308,21.6573935629561,110.84354137952819,524.8345596023813,427.3436276440628,130.07743266765348
EL_0468,Calimon2024_Nernst,synthetic_clinical,nernst_equation,0.5194956920483075,0.47671199731467917,0.5054113469157904,0.49637698676077985,0.45929938842986284,0.6062869029449229,0.5120283060376475,0.04821211515300117,2057,126.32541184356485,23.622722174026375,125.8763580143563,524.4535434732438,428.57839648049,126.43347760336958
EL_0469,Calimon2024_Nernst,synthetic_clinical,nernst_equation,0.2812686078886467,0.5419962170373102,0.7134368435227069,0.4968604251002701,0.3570801719177712,0.47567923436045034,0.5051641413696484,0.009517434131490537,2271,136.52915822153932,23.00293798008177,118.84932060707331,525.293513102792,432.28310893293775,126.43851385073884
EL_0470,Calimon2024_Nernst,synthetic_clinical,nernst_equation,0.11926401441006307,0.5093302731400166,0.5270976627053459,0.30717325504574333,0.27755742156348634,0.6282585853406795,0.5137897032367399,0.020345580228094545,2496,126.43992968795203,20.471320084617208,125.80963954869684,524.8732216309658,428.9646066588755,124.46243658682755
EL_0471,Calimon2024_Nernst,synthetic_clinical,nernst_equation,0.4819294939781278,0.6703724407232905,0.7300895027223963,0.5395604828068084,0.47848550349522234,0.4975872904837576,0.5392057152887876,0.09982688740637463,1616,129.0402912370013,24.47975827307814,124.64609651136635,526.9452465463476,432.5796750505999,126.88334421632095
EL_0472,Calimon2024_Nernst,synthetic_clinical,nernst_equation,0.35298458934994775,0.6247418314198906,0.4721438241005779,0.3207349228557791,0.38190359164538357,0.4901168060166481,0.5040725690276656,0.1267863155761248,2369,130.02070298832405,20.686399820981084,126.48882340808017,526.3581471499624,427.98593734425015,124.60371605982736
EL_0473,Calimon2024_Nernst,synthetic_clinical,nernst_equation,0.28552700287822874,0.4320420695281675,0.5795507382687085,0.5160195195221497,0.23508364144792415,0.5263039720611982,0.49634452948168256,0.015079732617932867,2315,133.22354595076385,21.714001045355705,129.82038488504648,523.8788045416277,429.8987400481877,126.63810484507611
EL_0474,Calimon2024_Nernst,synthetic_clinical,nernst_equation,0.4358024341615714,0.3699596850315393,0.4679246956252412,0.1813554415187485,0.435498852017666,0.49592893559802936,0.5481009927375334,0.012673515636724341,1078,115.63806619188858,21.991932127857613,132.7553231679042,523.0800308451869,427.91079916140234,123.15172210553577
EL_0475,Calimon2024_Nernst,synthetic_clinical,nernst_equation,0.09441792575830299,0.33785394539772934,0.668961199902843,0.2784189136516466,0.43703707841651307,0.6066565319312902,0.4891903275873229,0.09930138479019485,2160,133.98671937402017,22.16673267353676,136.75626897327373,522.6669471575644,431.4910451069324,124.16288654213405
EL_0476,Calimon2024_Nernst,synthetic_clinical,nernst_equation,0.3614481697232035,0.2526714607091837,0.6023836445833327,0.43380796578764147,0.28690880617963155,0.5365894242390805,0.5141928637574955,0.009676891610705073,2162,130.40515776412002,22.650002435112686,122.97245542352849,521.5709594837924,430.30536978218225,125.78166114295918
EL_0477,Calimon2024_Nernst,synthetic_clinical,nernst_equation,0.5467896788802731,0.5387255898799791,0.507525755567254,0.57183286517382,0.2240576484334713,0.527239164182046,0.5254979435575389,0.13200850100011255,1483,132.8858796305574,20.211848462566124,118.99846818789456,525.2514320686093,428.6160518457621,127.21954366001222
EL_0478,Calimon2024_Nernst,synthetic_clinical,nernst_equation,0.18550308938718663,0.659661016460724,0.659957843029936,0.5731200080105056,0.2536851320891532,0.5814426399336934,0.5496101125440189,0.09781625107739049,1647,134.27090038794523,22.518366368896984,114.13214900698613,526.8074296112906,431.3307049137112,127.23295254630774
EL_0479,Calimon2024_Nernst,synthetic_clinical,nernst_equation,0.43466108579161733,0.6187048927478938,0.61787017251022,0.4051449866754112,0.457434914959774,0.4823617918954399,0.5284688371258239,0.1462652603128286,1714,133.5764384747642,22.312398524503614,125.95639074338872,526.2804737832366,430.581168344338,125.48306287021695
EL_0480,Calimon2024_Nernst,synthetic_clinical,nernst_equation,0.20510024775327873,0.5566377822320813,0.5390545205866591,0.0068527765936094885,0.4310366623009303,0.4764913581733757,0.5335911766350577,0.1228422561467008,1946,118.23296415406466,21.400741094618862,128.80461151367848,525.481896607181,429.1775455582295,121.3338303179606
EL_0481,Calimon2024_Nernst,synthetic_clinical,nernst_equation,0.3930481088789607,0.4468087261974982,0.5125074260951354,0.5758758981706776,0.47378530946115915,0.5564035638223879,0.5002062042409363,0.019113274193637973,1055,124.28014227374454,21.102102698792123,113.25905202689852,524.068797516728,428.70477009011034,127.26166219433395
EL_0482,Calimon2024_Nernst,synthetic_clinical,nernst_equation,0.26996691923571786,0.5598180574323404,0.41917205334891083,0.2492337643901787,0.26178459341515914,0.5347352819235696,0.5264722884974313,0.010636996617898659,1259,133.18669382034355,20.131280416524636,131.01001468785103,525.5228151414482,427.0425665462814,123.85884853111376
EL_0483,Calimon2024_Nernst,synthetic_clinical,nernst_equation,0.3741925261087525,0.6941573364041146,0.6032927439030981,0.4964281381429348,0.4122593903902817,0.62785554176672,0.5002267495869626,0.07929117340378934,800,132.33605869643628,22.15415132453539,122.13838579006726,527.2512713422132,430.3215598724615,126.43401047590527
EL_0484,Calimon2024_Nernst,synthetic_clinical,nernst_equation,0.07131077856355034,0.418124043420267,0.4583605385281584,0.8648102004216738,0.37698819394282657,0.6052734923598112,0.5351527419131307,0.005142770338980568,1418,126.01475194955071,20.363062853665475,113.91858449619464,523.69973034447,427.7404717136968,130.2716523021422
EL_0485,Calimon2024_Nernst,synthetic_clinical,nernst_equation,0.423909203255369,0.6560105471529207,0.49658853695060184,0.5161096356813378,0.40515791750264996,0.5311704210670042,0.5263123417134637,0.14300791087965012,1148,135.77351448838263,21.773472809213445,116.82019517519811,526.7604613950022,428.4212716353304,126.63904363547101
EL_0486,Calimon2024_Nernst,synthetic_clinical,nernst_equation,0.1829632972657919,0.5673522945668823,0.5532379853905905,0.8344855637759876,0.25586966142926415,0.5947973499947501,0.5047232466719938,0.1483039700980696,1590,129.42144316926837,21.240913434175596,116.1441115299763,525.6197532744567,429.4301379545225,129.95574361419727
EL_0487,Calimon2024_Nernst,synthetic_clinical,nernst_equation,0.12985509532457917,0.5112664199562783,0.3876653093085442,0.504167612008647,0.21365764993992306,0.5582657718539608,0.5355777408230545,0.09156168055404991,2422,136.71979140130506,19.305367613473713,116.27075863353471,524.8981327738256,426.4814650039883,126.51463690064593
EL_0488,Calimon2024_Nernst,synthetic_clinical,nernst_equation,0.28070219993823736,0.6997700750651725,0.5122023265460389,0.2525546947980766,0.2877949893615663,0.5677103629141361,0.4895882150679745,0.08423236092043175,1423,138.7920361801383,19.9345015332194,126.91769794267161,527.3234868030689,428.69933659221124,123.89344451919347
EL_0489,Calimon2024_Nernst,synthetic_clinical,nernst_equation,0.14082016783538714,0.8217837175875661,0.4023803345325097,0.10047126334683291,0.20390758409387733,0.5692392893444985,0.5459666955313944,0.0914111875494457,2243,132.83835010948872,22.035498096704448,129.01045342826248,528.8933570495816,426.7435239250076,122.30910641650563
EL_0490,Calimon2024_Nernst,synthetic_clinical,nernst_equation,0.28986573231514806,0.726016718965454,0.4591083438619162,0.3479894492457913,0.3332115989121124,0.5419564883684999,0.5485923679745741,0.02089177097163905,1090,134.60998035891004,20.57682056106803,134.95791654044518,527.6611853134818,427.753789329937,124.88764169339811
EL_0491,Calimon2024_Nernst,synthetic_clinical,nernst_equation,0.22806524024157276,0.3821483759592539,0.3912421631844,0.6065055857937847,0.2671177197509852,0.5404345911180882,0.5419545185641668,0.05178106512529985,1484,127.17194007964785,20.52328033547457,117.8886577057499,523.2368548104074,426.54516496053503,127.58074876879931
EL_0492,Calimon2024_Nernst,synthetic_clinical,nernst_equation,0.4901836173359659,0.8978106128000602,0.38583781751894547,0.5225503263591476,0.35461229922340254,0.5570897999294869,0.5402560842332549,0.07357901055382098,2313,136.76122108725582,20.200602578476364,125.30184862428177,529.8715457034194,426.4489193223286,126.7061399098719
EL_0493,Calimon2024_Nernst,synthetic_clinical,nernst_equation,0.45961937846856066,0.6416146380809806,0.4803820573332368,0.6054569851824487,0.34068067188255124,0.5869276663726214,0.5442184520858432,0.06126322854206006,1487,132.45381472226163,20.253881909102756,118.25317630187357,526.5752385883034,428.1326515006445,127.5698249101831
EL_0494,Calimon2024_Nernst,synthetic_clinical,nernst_equation,0.545325816523895,0.5606912498371017,0.5558525567999701,0.4880501479785096,0.4553591262436285,0.5131197670571149,0.5474819803582708,0.10340112970143188,1162,129.1767964617857,23.978986433034464,123.00328218932944,525.5340499406672,429.4767006856114,126.34673227002327
EL_0495,Calimon2024_Nernst,synthetic_clinical,nernst_equation,0.15784054272500764,0.4064599575079567,0.4001706413308478,0.7544208188403624,0.2456851855289699,0.5004611062201182,0.5073984782999605,0.023873854777485465,1540,123.27175085073918,19.64169555490275,112.31969164224131,523.5496561310628,426.704171643418,129.12166441915912
EL_0496,Calimon2024_Nernst,synthetic_clinical,nernst_equation,0.242097350645942,0.5718929063972835,0.6632465681730683,0.9681794773055069,0.3501999920668156,0.6310284299291534,0.5242104676635361,0.05972239259014953,1376,127.95802965142481,23.712458095694327,114.86283636078076,525.6781743761151,431.38927360451675,131.3485078310553
EL_0497,Calimon2024_Nernst,synthetic_clinical,nernst_equation,0.3468657719110951,0.4421129953709503,0.3887766600895656,0.31181906300371043,0.29643485541270725,0.5013897023161695,0.5224960746841786,0.1226993070899673,2491,123.97045126847404,20.880751983346702,128.5777906792505,524.0083805997518,426.5012569773024,124.51083456480148
EL_0498,Calimon2024_Nernst,synthetic_clinical,nernst_equation,0.5020520114741056,0.6152195023440219,0.45505287782250514,1.0,0.38117848531559295,0.5887354072903844,0.5072589479784373,0.004363142788346153,2247,135.9259194318225,20.373605446652732,112.29772242100707,526.2356295299269,427.6815658006978,131.78153801531738
EL_0499,Calimon2024_Nernst,synthetic_clinical,nernst_equation,0.2496067073536205,0.6400364230905036,0.488568076578423,0.5286318252604074,0.47435271281559704,0.5189276441092596,0.5298863005419593,0.015099957977901451,1202,138.85854712227285,22.002602995215092,127.23759648986514,526.5549327216402,428.2784357815537,126.7694942827893
EL_0500,Calimon2024_Nernst,synthetic_clinical,nernst_equation,0.4822549591336428,0.7409316400881224,0.7033396838648084,0.6434176959834327,0.38016387170031085,0.47687392277840474,0.5073852715528995,0.14569423679594062,1545,136.9149601811619,21.4832740313046,118.04581874939177,527.853085910952,432.10328927751516,127.96528285029667
EL_0501,Calimon2024_Nernst,synthetic_clinical,nernst_equation,0.3378482543968704,0.8691979646533545,0.5928299765953687,0.8639091736076204,0.46280132403942525,0.6161882792922614,0.48405619594877014,0.13184326669380353,2485,146.94566937371434,21.089925077136197,109.15018094088938,529.50340535394,430.13522913433445,130.26226580224917
EL_0502,Calimon2024_Nernst,synthetic_clinical,nernst_equation,0.11954716509337748,0.4773789821776972,0.5414007555569614,0.4245843269841749,0.2579495633365313,0.6175631181620226,0.48443813929578644,0.04480513520165808,1877,128.11799977163435,21.74521729987475,104.78538630324793,524.4621251340293,429.21932950323924,125.68557334258333
EL_0503,Calimon2024_Nernst,synthetic_clinical,nernst_equation,0.4249628039286574,0.4202990861698523,0.4802150368954578,0.2538019705126567,0.35652693127163443,0.5334003741219375,0.5369151322261005,0.11500638932913669,961,134.87209728380589,21.45840116918994,133.2798447874598,523.727715206055,428.12967704460067,123.90643808739685
EL_0504,Calimon2024_Nernst,synthetic_clinical,nernst_equation,0.4201601066430167,0.4258732325762461,0.5321013201079754,0.6843237904850203,0.44333536182220856,0.47772029961964035,0.5140780599556195,0.037307352296829376,2098,123.51114177631563,21.061511530396448,109.29343474772696,523.7994341254496,429.0537164660369,128.39142449855237
EL_0505,Calimon2024_Nernst,synthetic_clinical,nernst_equation,0.5461493063506682,0.43714268424945785,0.6730738250253872,0.8056254235940491,0.2570559580730578,0.474585357630529,0.489715274361521,0.02771821726112104,1685,129.79956840814882,22.86900877542366,122.4016669739799,523.9444308365595,431.56428657854167,129.6550914044014
EL_0506,Calimon2024_Nernst,synthetic_clinical,nernst_equation,0.4843397823542783,0.33564075959107814,0.37218074504527354,0.3930143515107318,0.4639840228619385,0.5420024194161416,0.5236665084744613,0.05651516103066174,2491,121.61973855541734,19.128246556647476,125.38012965596411,522.6384715340519,426.2057014125894,125.35669126406755
EL_0507,Calimon2024_Nernst,synthetic_clinical,nernst_equation,0.46767706707518286,0.5801448014051057,0.32693336716102817,0.6831773368093009,0.39406386299576035,0.48423833591810506,0.5241500794839602,0.08943119438488054,1952,134.6907616875776,19.96397622763187,113.51000012918914,525.7843461466017,425.3998938215847,128.3794812498758
EL_0508,Calimon2024_Nernst,synthetic_clinical,nernst_equation,0.24356454471845995,0.3816028641525591,0.40905915953376276,0.566030029277277,0.2374711715972609,0.5309664267970451,0.48277629134819894,0.04088240925924681,2305,128.78840827397826,20.162502187335992,118.91889937732269,523.2298360644971,426.8624666822823,127.15909227535573
EL_0509,Calimon2024_Nernst,synthetic_clinical,nernst_equation,0.2954295085302195,0.14161842562431187,0.40266012234130627,0.23661960692607062,0.40018765451840244,0.6412814174219834,0.5262389231220849,0.08731438984238125,963,117.93122086113235,19.73903944064601,126.26922623925563,520.1421122503147,426.7485066477805,123.7274398029375
EL_0510,Calimon2024_Nernst,synthetic_clinical,nernst_equation,0.2180890254381042,0.5063380341679835,0.5461635494190785,0.37001336007062235,0.44906009919694345,0.5591282253187131,0.5032588803122582,0.14210077681211647,1157,126.68273214964495,21.534904776651878,124.94841123592177,524.8347224366499,429.3041497873738,125.11707708130994
EL_0511,Calimon2024_Nernst,synthetic_clinical,nernst_equation,0.5535043751544796,0.7106270916492182,0.5915690283603997,0.6765956634021706,0.388092463520692,0.6299090376171811,0.4838206217412669,0.08493335172159727,1053,142.5180005534119,22.19350870774695,119.5807019667033,527.4631769799117,430.1127729897552,128.31091627959034
EL_0512,Calimon2024_Nernst,synthetic_clinical,nernst_equation,0.5504082912476518,0.5783680253440764,0.34992072466720886,0.15166525326796684,0.38801452403115466,0.6263229881979677,0.5030372401733438,0.06104306737113834,1653,133.68264697953327,18.31882712360215,124.54676096328829,525.7614855236807,425.8092741667399,122.84242282110472
EL_0513,Calimon2024_Nernst,synthetic_clinical,nernst_equation,0.4384333509789094,0.6731896881930455,0.5745896056623073,0.5517355237997364,0.4944230961103717,0.6049528419464484,0.5113960995052762,0.07966020297335445,1474,135.97450211628725,20.65573667533378,122.13208919099868,526.9814942387236,429.81038756233875,127.010178422801
EL_0514,Calimon2024_Nernst,synthetic_clinical,nernst_equation,0.33582336804902396,0.47542759097137793,0.5634800356698472,0.5051990624275767,0.27661921224933356,0.5371239625539899,0.5161421192194383,0.014507975032669434,1575,131.86223433472549,20.894988178537886,115.9506339535148,524.4370178515093,429.6125379575368,126.52538209612284
EL_0515,Calimon2024_Nernst,synthetic_clinical,nernst_equation,0.2147135155996454,0.561137813047659,0.531791898088068,0.5135435962628816,0.3448303693642863,0.5530632671782709,0.48009561481125596,0.09238126968072598,995,129.89983849100648,20.95120614883283,131.40749205222897,525.5397955792937,429.0482059895381,126.61231176872613
EL_0516,Calimon2024_Nernst,synthetic_clinical,nernst_equation,0.20600402473522827,0.6975697141530401,0.26385248645777243,0.5196435204758425,0.38924301387995874,0.45092433100680135,0.5223028628607829,0.06706024641417269,1525,131.15954989824303,19.38241188730955,124.3368345649254,527.2951761891397,424.2764905461953,126.67585808841316
EL_0517,Calimon2024_Nernst,synthetic_clinical,nernst_equation,0.1759919185336864,0.5341920364784116,0.5790211030721557,0.5518382062488014,0.49542248214100215,0.5504560258537056,0.5465745808100915,0.0757543157080499,2275,132.62831510778997,20.90808622966062,109.74473801805783,525.1931017831678,429.88930780964034,127.01124812326067
EL_0518,Calimon2024_Nernst,synthetic_clinical,nernst_equation,0.5286907732827162,0.6518364234458546,0.4818043059198698,0.3588724118779411,0.2038321130012168,0.5951874427999578,0.5066864629959973,0.07838172469669603,1342,124.05239087260951,19.969537059763933,126.57432350210283,526.7067556578606,428.1579802326284,125.00101559746977
EL_0519,Calimon2024_Nernst,synthetic_clinical,nernst_equation,0.19021761671175125,0.6189053924415736,0.4552709973122484,0.6471376227333999,0.2639368400316675,0.6234871204642134,0.521920898405879,0.11455246506745911,2094,135.93596628056937,20.875027942478926,118.47752714804533,526.2830534824984,427.6854502764133,128.00403540626507
EL_0520,Calimon2024_Nernst,synthetic_clinical,nernst_equation,0.49897534029200397,0.5471000436310359,0.32059486704363216,0.49020265884924347,0.4703802741675302,0.5612888638850511,0.5279376444446944,0.0016497601605689693,872,138.2284776738,18.700184795695108,120.79921432258558,525.3591807227991,425.2870118878902,126.36915617877132
EL_0521,Calimon2024_Nernst,synthetic_clinical,nernst_equation,0.295399707467904,0.6199588608168811,0.4830789004439895,0.5119735592627409,0.4686084628557755,0.5619880878073353,0.5004526699592612,0.11139514243012813,1735,129.80379375352572,20.8857317053107,122.9183472194808,526.2966077754762,428.18067940307793,126.59595581582438
EL_0522,Calimon2024_Nernst,synthetic_clinical,nernst_equation,0.23632246077854907,0.47542527425862324,0.3975864754258454,0.6054998600836656,0.29931610355560434,0.5211880950799503,0.48293202213185715,0.04185265256480496,1832,127.71777165475002,20.271117254338883,117.214213778739,524.4369880438718,426.65815040196634,127.57027156199125
EL_0523,Calimon2024_Nernst,synthetic_clinical,nernst_equation,0.24854158694249406,0.5892699707600059,0.3373632680058452,0.3719504327273384,0.22609362531926336,0.5439297846663248,0.5326455606270706,0.05404105795995159,2389,126.31920149226971,20.987904755037384,135.69762958380778,525.9017537706059,425.58563924302507,125.13725664977723
EL_0524,Calimon2024_Nernst,synthetic_clinical,nernst_equation,0.555178378862812,0.7526511345998865,0.4500953103529834,0.7787828139638157,0.44774755721141923,0.5581840614054734,0.513345514607242,0.09738820881945136,2332,142.30139409676391,21.872244555193724,112.22757779608884,528.0038730308006,427.5932768061382,129.37545693793166
EL_0525,Calimon2024_Nernst,synthetic_clinical,nernst_equation,0.11160979572788948,0.4573866590898101,0.43155289596096885,0.4772186741122204,0.384889000067823,0.4731125592946672,0.5389839039203843,0.1489447502728983,2171,128.16998933755318,21.3297659551481,123.26361483836487,524.2048969050746,427.2630561619527,126.23389475320191
EL_0526,Calimon2024_Nernst,synthetic_clinical,nernst_equation,0.2868349234835487,0.7800730346413954,0.4285250177346989,0.44091685313201284,0.41350015309570365,0.6374306012651532,0.542586564148947,0.008638774312477287,1373,135.23467846783092,22.645630466787622,125.575223257823,528.3566927982304,427.20913287681543,125.85571839548122
EL_0527,Calimon2024_Nernst,synthetic_clinical,nernst_equation,0.16401679856552626,0.46337126517770466,0.3801819208673264,0.33045084181568407,0.3636775307854111,0.6089947270351925,0.4813593787338176,0.0758280177945062,898,129.84862408586582,20.83359673128174,123.15343495819937,524.2818969424496,426.3481938290752,124.7049322177212
EL_0528,Calimon2024_Nernst,synthetic_clinical,nernst_equation,0.16939034113134682,0.26379560855136236,0.6728293536703587,0.7309832464886655,0.4613862907203999,0.4605943549640736,0.5347536559547652,0.09237283496848053,1071,129.50320394396243,22.371649164048193,121.50018104363684,521.7140866649356,431.5599328041822,128.87750212904666
EL_0529,Calimon2024_Nernst,synthetic_clinical,nernst_equation,0.39985076018559107,0.566912463623723,0.6679883991927327,0.9732542480413072,0.347030624599529,0.471991192352436,0.5438743094207434,0.10098081149453252,1540,126.17324941568543,23.166229757016858,120.17566542513406,525.6140942555397,431.4737205627622,131.4013745540271
EL_0530,Calimon2024_Nernst,synthetic_clinical,nernst_equation,0.32260303472854424,0.4841511518204378,0.4595530761016654,0.5622369171188085,0.46712494224651135,0.4506334628276801,0.49974781242725186,0.08074158593172451,940,124.85978621995925,21.829802737578405,117.14135878591846,524.5492582398582,427.76170953728405,127.1195773060847
EL_0531,Calimon2024_Nernst,synthetic_clinical,nernst_equation,0.3072838122690712,0.7605635110426264,0.45247804765456523,0.6193310016082089,0.3454538560977469,0.5199823416439935,0.5352539326774264,0.014929467571027043,1776,135.78809365797545,21.367347406064425,117.01509831380937,528.10567643655,427.6357108187764,127.7143582932801
EL_0532,Calimon2024_Nernst,synthetic_clinical,nernst_equation,0.33932650596500474,0.3382533005322409,0.6593829636899072,0.47813732571656364,0.20082529866617632,0.5231401060390147,0.4897153330645679,0.10345330209934366,1513,124.71522535260786,22.050548472160695,131.1088293730266,522.6720854005551,431.32046692517423,126.24346486038563
EL_0533,Calimon2024_Nernst,synthetic_clinical,nernst_equation,0.10223609828113595,0.5558502354092628,0.6464462313196813,0.7015602095637766,0.4222867745187111,0.5850800442839115,0.4997206991520231,0.002319116205691507,899,134.01549794099338,21.885261279403498,119.71476332870189,525.4717637540073,431.09007750518634,128.5709859092845
EL_0534,Calimon2024_Nernst,synthetic_clinical,nernst_equation,0.4927085176480602,0.5069577435733833,0.6207974048143939,0.23058325850697334,0.3534076366200053,0.5737892992277634,0.5011823934636093,0.14500464251914819,1428,131.63883127104677,22.971951522706416,138.0411619476614,524.8426958348447,430.6332992328366,123.66455578782674
EL_0535,Calimon2024_Nernst,synthetic_clinical,nernst_equation,0.2035540899220034,0.7209591495588304,0.6932607767381549,0.2578893891467687,0.4536086469741539,0.47334496808215143,0.48252822643178017,0.09128071813699735,978,135.86936023532232,22.646265151430487,127.62285506982587,527.5961128546404,431.92379468022676,123.94901901170836
EL_0536,Calimon2024_Nernst,synthetic_clinical,nernst_equation,0.4106849308663073,0.5557237072442139,0.531003034372813,1.0,0.2626101248425428,0.5311192420871613,0.5034145333808085,0.05160205624067837,2325,127.16239451132635,22.665148720366894,103.86647643200226,525.4701357983332,429.03415716726937,133.43255365858533
EL_0537,Calimon2024_Nernst,synthetic_clinical,nernst_equation,0.32692551964619354,0.667663632447415,0.5364505392367521,0.4672210625929918,0.395955080624132,0.4905811591110356,0.5438875407038312,0.09816247857780182,1489,137.96212122406342,21.46912075337204,129.14880419554027,526.9103940706088,429.13117142481656,126.12974404648365
EL_0538,Calimon2024_Nernst,synthetic_clinical,nernst_equation,0.5370953651673929,0.552131912004477,0.4241392242692627,0.531615062681771,0.4821592150045896,0.6122255208127947,0.495442933217848,0.0798949116043173,2208,130.15779218044275,21.9357258133272,122.48150218325522,525.4239225031487,427.13102656806825,126.80057233429648
EL_0539,Calimon2024_Nernst,synthetic_clinical,nernst_equation,0.5384399727719853,0.6435651908856111,0.5157019583381568,0.5952917806555141,0.39995410355393235,0.532263399721434,0.5278431197841622,0.03432173645348082,841,147.6209292691681,21.906366233311868,112.96354355862718,526.6003350836537,428.76166130572335,127.46392829343823
EL_0540,Calimon2024_Nernst,synthetic_clinical,nernst_equation,0.2503837860788599,0.4660599414077795,0.38120299142259434,0.32088879920317387,0.35462673440207393,0.5432238838535518,0.5417539845032229,0.10329028144741666,1937,120.74541321957467,19.504414338690903,132.14629702276085,524.316490392238,426.36637800775827,124.60531907573747
EL_0541,Calimon2024_Nernst,synthetic_clinical,nernst_equation,0.44027149232790336,0.8556286916576025,0.4796399821436286,0.2940960022184929,0.4853006037227049,0.5791961356391537,0.5274295658042414,0.015432936798307671,1436,146.58089297631142,23.07819814892774,119.75627143381088,529.3288183364356,428.1194359321664,124.32620353543604
EL_0542,Calimon2024_Nernst,synthetic_clinical,nernst_equation,0.5003094160808451,0.7948958804013023,0.37413078998006905,0.6745327536314493,0.46900579685176125,0.624347817582433,0.515768384093789,0.09896166424041906,1105,130.2525212724213,18.77921386798718,119.1509615947937,528.547408721844,426.24042963519,128.2894257955779
EL_0543,Calimon2024_Nernst,synthetic_clinical,nernst_equation,0.09472391302720046,0.6165935860563865,0.650154515964518,0.5809883359277753,0.3787504690702167,0.45272282945122017,0.5027491186689961,0.13984388638097506,1092,132.48370542998353,22.518133052474447,125.53135292062913,526.2533089720914,431.15611810369484,127.31492131571817
EL_0544,Calimon2024_Nernst,synthetic_clinical,nernst_equation,0.2098327476524809,0.5541478943126403,0.625798555266979,0.3671709820336767,0.40687366109371326,0.5348441843905483,0.4960535600333551,0.06452261294606361,1246,127.19859053201753,21.8191838720666,130.99695201764038,525.4498608374009,430.72236439388877,125.08746644073454
EL_0545,Calimon2024_Nernst,synthetic_clinical,nernst_equation,0.310693884002442,0.43690578379209055,0.67884779150932,0.33782731388384557,0.46463470615824665,0.45804808432212385,0.544553638704406,0.029446169984311203,926,121.03484853758056,20.953667482402345,123.66751621117089,523.9413827923267,431.6671147697103,124.78177704986024
EL_0546,Calimon2024_Nernst,synthetic_clinical,nernst_equation,0.2474168492885797,0.4067886610169675,0.5885686158489258,0.5513467835157186,0.25685546137263715,0.45299594949434036,0.48493659609791573,0.025776504633628832,870,127.6835446267898,22.014168549357212,123.15775375701482,523.5538853455018,430.0593388397349,127.00612869800099
EL_0547,Calimon2024_Nernst,synthetic_clinical,nernst_equation,0.18275869524422983,0.6498666663936752,0.5508866100482888,0.707287258871857,0.27324203560849974,0.6128357793274761,0.48741112789007646,0.03330538595556905,1676,128.723260166665,22.05715384218023,117.89831397709284,526.6814120739372,429.38826246496427,128.63064778269293
EL_0548,Calimon2024_Nernst,synthetic_clinical,nernst_equation,0.3345640904846676,0.5513525378153941,0.23218977769344185,0.2293614063894934,0.4839528623539596,0.4511290901119534,0.4893812825514886,0.04397489710963727,1160,132.22810294434944,19.346754146397668,130.87538876510857,525.4138948019421,423.71261143834204,123.65182707144324
EL_0549,Calimon2024_Nernst,synthetic_clinical,nernst_equation,0.5277827801011098,0.6239137509561273,0.6882622558903934,0.6092074343267266,0.4353919743406797,0.5805656796444004,0.5103534059718936,0.016816523128262945,2381,138.22407402461616,23.62331826286796,123.7361216002985,526.3474927767718,431.83477634963475,127.60889543499157
EL_0550,Calimon2024_Nernst,synthetic_clinical,nernst_equation,0.288937026086216,0.5428996305065481,0.5673830063748423,0.6002074302867713,0.35226322949698696,0.47097424420224293,0.48237108621551245,0.11251582460252191,1855,132.27876934301946,21.513256744547114,121.25484493279096,525.3051367368081,429.6820457073472,127.51513736293349
EL_0551,Calimon2024_Nernst,synthetic_clinical,nernst_equation,0.4048371005514215,0.5526075466129683,0.6247204332748679,0.5032610472903013,0.4159177506802126,0.5616216882433048,0.4956352232913968,0.141330099221482,1791,132.39002586737607,25.034129718129243,120.37151103605355,525.4300421845601,430.7031641899014,126.50519270930883
EL_0552,Calimon2024_Nernst,synthetic_clinical,nernst_equation,0.29180108978167185,0.5205017891171589,0.5736857395437414,0.2693926077838913,0.3944145120434206,0.45242262321997834,0.5032638392010627,0.059027163019567466,1856,133.5161097085424,22.639940514959626,130.17099824057985,525.0169582671189,429.79429066979714,124.06885446923606
EL_0553,Calimon2024_Nernst,synthetic_clinical,nernst_equation,0.07915361099572549,0.3866073795161549,0.5188048567756299,0.5042744586445199,0.21454921066818147,0.5067836581836778,0.52403855535373,0.08762919530018427,1233,119.84599606598718,21.47755383465715,120.9922559943502,523.2942259114446,428.8169206208914,126.51574998176687
EL_0554,Calimon2024_Nernst,synthetic_clinical,nernst_equation,0.31344203307212504,0.36006569249456805,0.482299750439509,0.20957700464739606,0.4477445379324978,0.6171874375717128,0.5380701136973787,0.023676890680409957,1794,120.43646843135038,20.31663832099159,130.1893110411235,522.9527312729267,428.1668035716486,123.44572190127592
EL_0555,Calimon2024_Nernst,synthetic_clinical,nernst_equation,0.09766002127227708,0.3676062347713076,0.5729877702839152,0.5980627828583768,0.3922893187991996,0.6130672954982198,0.5326838660203999,0.12255596679137687,1570,121.49424036115713,21.225981926607414,119.50238811210146,523.0497505301024,429.78186058093553,127.49279537205905
EL_0556,Calimon2024_Nernst,synthetic_clinical,nernst_equation,0.31869009172672524,0.5605606051564451,0.4832274227957611,0.47152877861892256,0.31679932014296674,0.5685726418987036,0.5161061471165835,0.14907037900517942,1962,128.67478004740968,21.635234243874784,128.0028150445331,525.5323690204619,428.1833244279189,126.1746199318468
EL_0557,Calimon2024_Nernst,synthetic_clinical,nernst_equation,0.5476662150532894,0.3578766927343906,0.6769288078366152,0.6310889697067894,0.4964865768061718,0.6089787499412995,0.5240340318991744,0.07800938627769201,1707,119.09974038496338,23.700725342294522,124.33452480403761,522.9245668355566,431.6329397150931,127.83684761832365
EL_0558,Calimon2024_Nernst,synthetic_clinical,nernst_equation,0.38876351734855324,0.4072155110221222,0.68529176066573,0.6748541219197121,0.243387768294059,0.5294136454411608,0.4871729186427909,0.0423139615223459,1972,126.65225758918102,23.32585593986753,116.09062448128223,523.5593773471253,431.781874994617,128.29277366864488
EL_0559,Calimon2024_Nernst,synthetic_clinical,nernst_equation,0.13492746029264718,0.3132501236819211,0.5443498408151085,0.561056660140433,0.4837783583888227,0.5514948709326815,0.5448489715008589,0.05051891830887196,2121,122.31688732457131,22.108836917485664,122.24073018489773,522.3503857725942,429.2718495695647,127.10728190951217
EL_0560,Calimon2024_Nernst,synthetic_clinical,nernst_equation,0.2874798321831044,0.5985335419953743,0.6532116719308615,0.7884909666419183,0.4336691892746172,0.4807398967510052,0.4866382829673446,0.1315352201746092,2178,134.17650157340958,24.177630135701563,107.2629072352239,526.0209421216641,431.21056279418866,129.4765921901275
EL_0561,Calimon2024_Nernst,synthetic_clinical,nernst_equation,0.1856594843131577,0.4952504681833932,0.34173440980222153,0.4750934973672287,0.47290307657152536,0.5088059476310209,0.50601235695106,0.015318554703032006,2002,133.85661946872372,18.23459562652713,117.56243633185322,524.6920659304952,425.663484621157,126.21175559931837
EL_0562,Calimon2024_Nernst,synthetic_clinical,nernst_equation,0.3415558772016764,0.41520837414308065,0.5458491863547165,0.6668412364262105,0.4133381022339708,0.5335844411257842,0.4846382058142638,0.04724583008260904,1608,129.1388845860872,22.12657619684944,111.62601839455131,523.6622163226582,429.29855131613766,128.2092989621717
EL_0563,Calimon2024_Nernst,synthetic_clinical,nernst_equation,0.44466225195184034,0.2522240321641755,0.5389526241219781,0.42772641662788097,0.47390992941613724,0.4657022436421488,0.5377650496433202,0.0821130077809584,2369,118.91924973291324,23.37137351207708,137.08220066343927,521.5652027114699,429.1757308907598,125.71830624647089
EL_0564,Calimon2024_Nernst,synthetic_clinical,nernst_equation,0.17950882335325452,0.5466362767505966,0.6851049808325678,0.8181941984107941,0.3808287956516514,0.5794755191118983,0.51657989459775,0.07820309627802337,1804,129.54465041870284,22.259477301122413,111.70986201396171,525.3532137357322,431.77854864479417,129.78602735617636
EL_0565,Calimon2024_Nernst,synthetic_clinical,nernst_equation,0.2876499238736717,0.7110215056397323,0.2727027270649354,0.20653102145693195,0.24528949793908847,0.6147148554702615,0.5019562636422968,0.06811403169064988,1763,133.15992087725328,19.307491473247104,141.270829265792,527.4682516484137,424.43410390186233,123.4139901920243
EL_0566,Calimon2024_Nernst,synthetic_clinical,nernst_equation,0.2476875824201925,0.6580891676394705,0.6447284057634621,0.1584273487388772,0.41292058336990556,0.6123660754992937,0.49482260596115574,0.1352475265319578,2314,136.2405434036573,23.581425719622935,126.5216702725996,526.7872056539896,431.0594848622985,122.91286734886388
EL_0567,Calimon2024_Nernst,synthetic_clinical,nernst_equation,0.33576712482318033,0.8073291747227783,0.6181626157175583,0.6125885411843813,0.4841264974258085,0.46495156934435605,0.4830158951309805,0.023482601239178353,1978,142.26425556852988,22.59531724449629,119.16566576417449,528.707379839974,430.58637644627515,127.64411831478014
EL_0568,Calimon2024_Nernst,synthetic_clinical,nernst_equation,0.18785072028261762,0.6380396932832572,0.5868452802283766,0.1881518293688217,0.42907217403997266,0.5920871616481739,0.4911796133499517,0.07191959168764919,1538,138.20720337289455,21.93852877753513,128.60128391642027,526.5292420968058,430.0286480684721,123.2225238761742
EL_0569,Calimon2024_Nernst,synthetic_clinical,nernst_equation,0.37336504334439263,0.5726924546335301,0.536256532696747,0.4049428146925034,0.4055518070904642,0.4748406587927548,0.5460663296294218,0.05115662027853137,1423,132.11292202074407,21.538722046115033,118.271055199584,525.6884616436762,429.1277163750446,125.48095673167997
EL_0570,Calimon2024_Nernst,synthetic_clinical,nernst_equation,0.08523423554080617,0.7048775854265197,0.461783769148374,0.5373576466139153,0.21116680552681857,0.6287717354986494,0.5428460258787622,0.016068117763182354,2213,129.23730783543587,24.530112246993543,112.82401197149782,527.3892018197201,427.8014358037395,126.86039604056586
EL_0571,Calimon2024_Nernst,synthetic_clinical,nernst_equation,0.3543037928469277,0.5630697965012974,0.49977539535072174,0.3696950170801195,0.2773477087807819,0.5879703257492603,0.5016318768834302,0.12661181015733522,2020,126.31265112469872,22.097892543660734,123.42298030964686,525.5646531548723,428.4780261879775,125.11376072446052
EL_0572,Calimon2024_Nernst,synthetic_clinical,nernst_equation,0.45856942003519613,0.7771846816144696,0.5117687053222486,0.514163598729315,0.4331952868443162,0.5185325327382274,0.5262940150170032,0.0169632433396242,2406,139.72267951473665,21.02018613578265,127.84451759784284,528.3195302368589,428.6916142602201,126.6187706809295
EL_0573,Calimon2024_Nernst,synthetic_clinical,nernst_equation,0.44159493535974736,0.5254847765351658,0.4149190629087062,0.34860711980919956,0.2724111914012012,0.5913936359825311,0.5204929646109607,0.14793747847078265,1479,132.12451380427729,20.12613575359397,131.96228557426463,525.0810711279806,426.96682531791777,124.8940763128644
EL_0574,Calimon2024_Nernst,synthetic_clinical,nernst_equation,0.23957965608509657,0.5999844889330759,0.6337747042757135,0.2863149040300944,0.3018772224187479,0.4790126672185308,0.5400729087198479,0.13062593038008607,1493,135.08917749348726,22.589320748557522,126.40383838006002,526.0396105129987,430.86441110949437,124.24514348686272
EL_0575,Calimon2024_Nernst,synthetic_clinical,nernst_equation,0.08786261043665816,0.5291184367204724,0.6994680685830017,0.485472281666921,0.47550249819010115,0.47457362645548035,0.5234649224776872,0.09294756752524738,2268,127.28849587463141,22.948386430582694,119.09105987147436,525.1278230722135,432.0343399343839,126.31987719592274
EL_0576,Calimon2024_Nernst,synthetic_clinical,nernst_equation,0.3354811107093621,0.3448101251199303,0.5612946346867598,0.37341987987069314,0.4880321117505686,0.5604372217869472,0.5392362461687408,0.047973043020126976,2311,123.13059107139233,21.488729420539393,132.73028570441545,522.7564478015049,429.57361829447774,125.1525647019226
EL_0577,Calimon2024_Nernst,synthetic_clinical,nernst_equation,0.10238482739930399,0.22526269694593548,0.3909665706945442,0.431865126548554,0.4925950451464833,0.5912720417675231,0.48084679612439807,0.10564710413685562,2131,128.5018419802373,20.524287786641658,131.1403878828006,521.2183087323183,426.5402569519225,125.76142150078047
EL_0578,Calimon2024_Nernst,synthetic_clinical,nernst_equation,0.5437748458676708,0.5566403971971158,0.6016163021282249,0.47333716373367457,0.2832162506487179,0.5920572677427797,0.5239203905262078,0.0018074962344373057,1751,129.12428838150205,23.488188859192917,124.77540479773337,525.4819302522368,430.2917042306268,126.19345889026782
EL_0579,Calimon2024_Nernst,synthetic_clinical,nernst_equation,0.0810638684764976,0.6707962664356452,0.5529368488396056,0.1597725122818897,0.22178325577882405,0.4986766558521218,0.4813670496207843,0.036811588813119224,1132,132.28542585098606,20.00675779421597,131.4807375573833,526.9506996363609,429.42477503339734,122.92688066928416
EL_0580,Calimon2024_Nernst,synthetic_clinical,nernst_equation,0.2783683388973205,0.4734478890788396,0.6922639148245332,0.13882489667260364,0.47393263607586483,0.6082569657850803,0.50138062516064,0.13872082187874704,2441,126.3477974493924,24.492029248691207,138.41584941421183,524.4115463137877,431.9060416316582,122.7086576501587
EL_0581,Calimon2024_Nernst,synthetic_clinical,nernst_equation,0.4783195087034832,0.47308942271946924,0.424694136736416,0.9140256112005285,0.24896598978502146,0.45445648561421415,0.5435704200909681,0.08630834370819089,2428,131.21955742701076,20.24678190519359,118.98968234653262,524.4069341600947,427.14090896787314,130.7843567420165
EL_0582,Calimon2024_Nernst,synthetic_clinical,nernst_equation,0.3956140389283351,0.6130711831270627,0.413524383847847,0.4499602933937916,0.2583446692191381,0.4900097266307265,0.5128706492346278,0.13673597102065468,1754,138.58554360432856,19.39307211825759,116.45429490214501,526.2079885026697,426.94198756981376,125.94992896693792
EL_0583,Calimon2024_Nernst,synthetic_clinical,nernst_equation,0.4378304524067999,0.13375998277672882,0.48965181441750105,0.6294769059967044,0.38129544047458497,0.49186565798256116,0.5317276946056716,0.06120679008226014,1639,120.36977531505771,19.593924285139515,118.7824529641529,520.0410027730849,428.29773599779213,127.82005384969628
EL_0584,Calimon2024_Nernst,synthetic_clinical,nernst_equation,0.2889287618690627,0.2837490328675521,0.31422371313235115,0.9984869179083518,0.3879098461554472,0.6423502983675816,0.5115972929183799,0.08410918472890352,1416,117.53299243739893,19.65773829957962,113.2504917866432,521.9708144086736,425.1735484249177,131.6642373782113
EL_0585,Calimon2024_Nernst,synthetic_clinical,nernst_equation,0.14091433063414527,0.5278949852881467,0.44559985046558676,0.3697851179344597,0.36057180107442005,0.6325384746888831,0.48109113093427547,0.09639506602287819,1092,139.02138949267194,21.028544116662147,127.06944926647084,525.1120817177062,427.5132174552607,125.11469935541626
EL_0586,Calimon2024_Nernst,synthetic_clinical,nernst_equation,0.5594707852842264,0.31072495547470574,0.3271272040774328,0.9978456551100816,0.3744763198882069,0.4862064084752003,0.49984958377602756,0.09266880633136498,2421,121.70742693317369,20.664969150506675,111.39748920643295,522.3178960742786,425.4033458505411,131.6575569852491
EL_0587,Calimon2024_Nernst,synthetic_clinical,nernst_equation,0.3728366061943793,0.36688193541443265,0.5922533721992936,0.21874586801220444,0.323346991386592,0.4968663583932016,0.5159972979998001,0.11961967355589348,882,128.6313401315572,23.008684524984222,131.86690134659048,523.0404314409709,430.12496042438727,123.54123907529406
EL_0588,Calimon2024_Nernst,synthetic_clinical,nernst_equation,0.3031354554240388,0.449172948587523,0.6509197497824121,0.30588306479374816,0.28285588697766767,0.5295558434627295,0.4991778542462922,0.026290142988888647,1610,134.94818516354846,22.78485746000448,118.07406675044476,524.0992164298061,431.16974610266817,124.44899595390359
EL_0589,Calimon2024_Nernst,synthetic_clinical,nernst_equation,0.5341922131363084,0.4172952627088832,0.45811617740203375,0.22190982024714814,0.20412315040728718,0.5380727862357596,0.5253439691889803,0.10526636557313294,2428,130.68154478219375,21.049087637345366,132.53399952777042,523.6890669616483,427.7361199023967,123.57419973401323
EL_0590,Calimon2024_Nernst,synthetic_clinical,nernst_equation,0.4817527693963918,0.6067603813688334,0.9478643988980711,0.7787116061917484,0.3206367774648935,0.6112295928066084,0.48805084766027756,0.13423608070231696,1841,130.59169045316716,26.11,104.6538873159584,526.1267915175861,436.4580139218059,129.37471512677303
EL_0591,Calimon2024_Nernst,synthetic_clinical,nernst_equation,0.13052546053511827,0.4877359157491815,0.49715606813812857,0.30744164847782923,0.3724490080567072,0.570701100689924,0.5280820983014679,0.059027101899543105,1099,131.52261457955893,21.02828512514756,120.11746409074873,524.5953810677336,428.43137876110046,124.46523259121085
EL_0592,Calimon2024_Nernst,synthetic_clinical,nernst_equation,0.08547554289683174,0.6422652612312013,0.4930364656836039,0.6242389507915577,0.3493118754128254,0.5164942453846761,0.5241494432463706,0.006554958618752765,2035,147.1545830944916,21.2374793225513,113.65376583981548,526.5836097335631,428.35801303064267,127.76548714290583
EL_0593,Calimon2024_Nernst,synthetic_clinical,nernst_equation,0.40055474932212976,0.7942860397329916,0.3410221342460126,0.4487192629375939,0.267131770725562,0.5570260400639386,0.5193765990523206,0.10501943436839292,1015,142.438193468311,19.394453821432155,132.495887048828,528.5395622982761,425.65079975239956,125.93700045908149
EL_0594,Calimon2024_Nernst,synthetic_clinical,nernst_equation,0.17336573225872148,0.4864576503533018,0.38956129746132434,0.17769337454374876,0.32691767826355844,0.5673431367843599,0.49515221217281025,0.05737713367084465,920,126.62709527633103,21.273551690338795,134.81465656534726,524.5789344575787,426.5152305328964,123.1135723071802
EL_0595,Calimon2024_Nernst,synthetic_clinical,nernst_equation,0.3712259372451726,0.3643501430807517,0.536179013173883,0.7981954726849155,0.29740066336803755,0.5414639912421422,0.49509642118721897,0.12991598419568132,1457,137.7751758596505,21.866919085484025,106.17015825087243,523.0078565143248,429.12633583493607,129.57768945328738
EL_0596,Calimon2024_Nernst,synthetic_clinical,nernst_equation,0.44781245404691716,0.704825951767053,0.41171102032871637,0.5688346952111748,0.25708252767010686,0.4805271582661689,0.504337367132015,0.061826175066538855,2299,134.29019457101157,19.540773196586716,129.02493429533655,527.3885374829784,426.909693497598,127.18831004787693
EL_0597,Calimon2024_Nernst,synthetic_clinical,nernst_equation,0.4227825986654339,0.5466342265600663,0.4489310234994737,0.23630563834351173,0.2147836250087269,0.5907562010069329,0.5088521132766728,0.04608125802347857,1491,130.93530041041663,20.617054463048778,130.4690539580514,525.353187357263,427.5725420977742,123.72416901674042
EL_0598,Calimon2024_Nernst,synthetic_clinical,nernst_equation,0.4799519772782828,0.5395376265968483,0.5663173614193426,0.5352514957199755,0.21915241369673022,0.5079670924759281,0.5014468025677993,0.02413579259452505,1323,125.25871831382936,21.91340684606171,125.17887381950108,525.2618800173349,429.6630677060881,126.838455089606
EL_0599,Calimon2024_Nernst,synthetic_clinical,nernst_equation,0.06585131340544631,0.5573447864168082,0.3995113227693677,0.16373592118751637,0.29029265462312276,0.6367258888066128,0.5017370698539404,0.05406890806601274,840,133.94424172093653,20.57600829781179,127.0477227630136,525.490993170572,426.6924298823133,122.96816971494677
EL_0600,Calimon2024_Nernst,synthetic_clinical,nernst_equation,0.4314937514129779,0.6971908830206603,0.3279322827470727,0.28045940799921176,0.38156518520871247,0.6343598458026666,0.491352717735039,0.02085240791464151,2250,129.10436947823837,20.247370099377616,126.53431170520201,527.2903020151467,425.41768344387106,124.18414351215581
EL_0601,Calimon2024_Nernst,synthetic_clinical,nernst_equation,0.42132516733077763,0.45830998397812833,0.5841976326168614,0.3402706201160123,0.22604137211439057,0.45432813799491695,0.5215808890635659,0.12947009437847418,1985,128.63461112120268,22.627948832300188,129.05090039184086,524.2167767263804,429.9814962854644,124.80723033640972
EL_0602,Calimon2024_Nernst,synthetic_clinical,nernst_equation,0.29297481318278185,0.15672239206876862,0.38871426883351573,0.8276528525705009,0.25114545916882136,0.45830705419122647,0.508983891386717,0.11392895039826448,2458,126.15841406507242,19.387081316521087,115.08163467180846,520.3364451710872,426.5001458555073,129.8845634428649
EL_0603,Calimon2024_Nernst,synthetic_clinical,nernst_equation,0.07409515774826814,0.5314931426273777,0.3784359452416215,0.19497626761435338,0.3224850539669591,0.5665437404266045,0.5294201686697034,0.12149175137293541,2417,137.4488722995889,19.691961865607958,131.4075197324129,525.1583768698905,426.31709986344254,123.29361786345908
EL_0604,Calimon2024_Nernst,synthetic_clinical,nernst_equation,0.23603738647282346,0.5224904233274436,0.5484430616589894,0.32938248522972613,0.30960377905349806,0.49187916514899827,0.5472012892618099,0.06847310349904251,817,126.15415406095825,21.678485564717317,124.35054591157545,525.0425447311682,429.3447454716454,124.69380255007601
EL_0605,Calimon2024_Nernst,synthetic_clinical,nernst_equation,0.21108507667917042,0.483112436436719,0.6649526388442256,0.5102123159701439,0.42523645293620016,0.6202206891930291,0.5274828343241884,0.03758426348519708,2495,126.19308692320047,22.728470042502245,123.92325693916098,524.5358937640358,431.41965690542594,126.57760796011165
EL_0606,Calimon2024_Nernst,synthetic_clinical,nernst_equation,0.3571364052996762,0.600189672112945,0.6097224429563464,0.47489427202680806,0.24328419520662475,0.4831810088601379,0.5261457911530609,0.04682081874949073,1103,136.03102233483816,21.879672626975793,126.89436963859642,526.0422504716337,430.43606596203506,126.209680157603
EL_0607,Calimon2024_Nernst,synthetic_clinical,nernst_equation,0.1072419375894818,0.4110346301641683,0.5609688677592464,0.53179906580653,0.4221093716468284,0.6098650334517239,0.5307790941550516,0.030339131652601936,2364,130.13772831073823,21.04849700909075,113.81212622353367,523.6085154712321,429.5678167325892,126.80248919768381
EL_0608,Calimon2024_Nernst,synthetic_clinical,nernst_equation,0.06536140144719255,0.5308150388696177,0.5646335639994833,0.6497697859374636,0.29153364190352277,0.5297643062815087,0.5384672864219852,0.05855915596041064,2311,130.30969563300772,20.920539867849573,111.79949164458422,525.1496521495121,429.63308106805334,128.03145612144027
EL_0609,Calimon2024_Nernst,synthetic_clinical,nernst_equation,0.2916796531988174,0.636570528893147,0.6576855568021303,0.6660745532771071,0.45935232825336775,0.635246413870163,0.5029841041257411,0.033704173767053376,1104,137.66018936334578,22.98639375603766,121.99825100440353,526.5103393133498,431.29023791701616,128.2013119953192
EL_0610,Calimon2024_Nernst,synthetic_clinical,nernst_equation,0.15257327086972577,0.6612336515318362,0.6308296989819545,0.11104354778081653,0.24901443693936515,0.6077843864828207,0.4804215428257884,0.0190765797287816,1031,139.45454690935048,22.748632249763972,133.84999719143127,526.8276636847575,430.8119637029876,122.41924381215338
EL_0611,Calimon2024_Nernst,synthetic_clinical,nernst_equation,0.3174939401729482,0.38409245205928333,0.6815654071918632,0.7169416663029183,0.2469577128269295,0.6482001280186742,0.49208222604687907,0.11272610408563646,1253,117.4630658368448,21.47826332539336,114.42007568365254,523.2618679742086,431.71551260951503,128.73122314061288
EL_0612,Calimon2024_Nernst,synthetic_clinical,nernst_equation,0.5496167969150979,0.5487465791629851,0.5489633041552854,0.39282237680815785,0.23729139104447555,0.5245453409668188,0.5452389512510732,0.13153095652407337,1380,130.23713251192868,20.964138642355664,124.10709961754529,525.3803656254706,429.3540104362087,125.35469135629891
EL_0613,Calimon2024_Nernst,synthetic_clinical,nernst_equation,0.31247756279615035,0.36846478888173795,0.44519056694892156,0.7988253328761193,0.24260661323634614,0.6003506715782598,0.5207250084586444,0.017802092288607522,2059,122.04840966496816,21.455377342453126,117.75721057549512,523.0607969879011,427.5059285519027,129.58425105891902
EL_0614,Calimon2024_Nernst,synthetic_clinical,nernst_equation,0.3092451135172071,0.38523192920463056,0.2766310470637567,0.7005520834769623,0.2561955859105731,0.5767576397814584,0.521330609654524,0.09778995892136258,2048,128.58839057109168,20.258300005708872,116.80103358371896,523.2765288861368,424.5040630955872,128.56048369641087
EL_0615,Calimon2024_Nernst,synthetic_clinical,nernst_equation,0.2987980094131957,0.6980291998300567,0.4763534630546397,0.5484872711083257,0.471934139568213,0.45045059652258473,0.49866470571296884,0.11997886517221275,2162,131.0169559624309,21.164224227310005,126.42532836575512,527.3010880927444,428.0609065288347,126.97633955911249
EL_0616,Calimon2024_Nernst,synthetic_clinical,nernst_equation,0.4158607958636188,0.7363023848782356,0.512501527259734,0.3086282030316018,0.38187981905971147,0.6191525292235609,0.5006961000290169,0.13681020898324775,1175,128.79247927805577,20.63142742497481,128.2667535556529,527.7935242925356,428.7046650381368,124.47759359314591
EL_0617,Calimon2024_Nernst,synthetic_clinical,nernst_equation,0.2575058350068485,0.6410742349086775,0.5827048007286889,0.7261814726717118,0.2285786196876368,0.5013967324974965,0.5469737752050395,0.0465545063826119,1754,124.50848999802061,21.241673635145816,117.25263354098186,526.5682855718719,429.9549105400835,128.82747936755257
EL_0618,Calimon2024_Nernst,synthetic_clinical,nernst_equation,0.2281129864960496,0.5140238289621252,0.3584876851770366,0.4165107120918468,0.37576523901563275,0.5540558625394765,0.5023599151009178,0.11239912705236833,1815,124.18431758500246,20.687715696632385,132.7372218224835,524.9336105635732,425.961842605696,125.60146598402176
EL_0619,Calimon2024_Nernst,synthetic_clinical,nernst_equation,0.27686413988730485,0.4144911655079646,0.6285027097045959,0.5073890294373143,0.3234022371245065,0.5507487390749457,0.5370159015731483,0.12289275611130329,1130,135.71154547591607,22.22260444208266,125.86822582062686,523.6529884652356,430.77052250326375,126.5481962064046
EL_0620,Calimon2024_Nernst,synthetic_clinical,nernst_equation,0.1352902470517114,0.47469817794559843,0.6923412123937395,0.4863433837880094,0.23159135532435424,0.6150677951048669,0.48308059607707254,0.09969409348748383,2271,140.86743466100364,22.684896477763612,121.13925289266551,524.4276329681231,431.90741821900855,126.32895195356467
EL_0621,Calimon2024_Nernst,synthetic_clinical,nernst_equation,0.45322170196089967,0.2647772864465902,0.523160091481602,0.46648581424774077,0.47381422591812455,0.5473686331669123,0.5363179260708607,0.10596157992753426,1097,117.89355242411494,20.80384616226294,125.33432841564552,521.72671727646,428.89448271069153,126.12208455355136
EL_0622,Calimon2024_Nernst,synthetic_clinical,nernst_equation,0.17606947618266638,0.5015944805973118,0.45906676811225,0.0,0.25013745845563984,0.6019161500030146,0.5041433356495871,0.0202605534458901,1709,128.96651672384135,20.12534891987923,137.35879430435227,524.7736902155033,427.7530489101326,120.74534692903413
EL_0623,Calimon2024_Nernst,synthetic_clinical,nernst_equation,0.5452435453185323,0.5989837856336931,0.5748816043381927,0.6401089405600737,0.37494851343012076,0.5423222835331555,0.5260430225518342,0.12237587567665405,1652,135.7372508379497,22.51724612266915,128.22513894783685,526.0267351139629,429.8155877476444,127.93081369583534
EL_0624,Calimon2024_Nernst,synthetic_clinical,nernst_equation,0.5115698702370903,0.5595439025502801,0.4933275258397739,0.507232722456001,0.3536002569842479,0.6311359270753962,0.5083013260643859,0.034563099803493695,1839,130.85166197103857,21.69007133607785,117.88527782095728,525.5192877687431,428.3631965019121,126.54656786922251
EL_0625,Calimon2024_Nernst,synthetic_clinical,nernst_equation,0.18412126609055518,0.26631145417639646,0.539464772502175,0.4467099025879245,0.47292521558941225,0.45271241912089416,0.5184122665824392,0.023801646779093365,817,123.9435424860236,20.824224356728273,122.7268026336276,521.7464564156447,429.18485170773926,125.91606782931615
EL_0626,Calimon2024_Nernst,synthetic_clinical,nernst_equation,0.08701979617395117,0.6804618915543922,0.7004873434780872,0.28381133842598805,0.35980331797737497,0.4882070955520154,0.5242773638163108,0.08282786087559721,1853,128.00692570803375,23.559616503980234,123.79463436274112,527.0750609534578,432.0524921342723,124.21906244475764
EL_0627,Calimon2024_Nernst,synthetic_clinical,nernst_equation,0.28650340684672954,0.7448213447777929,0.4240148010287184,0.49582737071943783,0.47068858662212676,0.5876346064053366,0.48432247929174443,0.0058892881554861165,1433,132.99074001718958,20.512896211067606,127.59734032803208,527.9031322134293,427.1288107227217,126.42775194589436
EL_0628,Calimon2024_Nernst,synthetic_clinical,nernst_equation,0.3387493798399737,0.3571158094428796,0.4987151736669483,0.534446232038611,0.25802887750398695,0.5862891752239642,0.5456357649890585,0.03177998095984536,2299,129.09704242105954,18.271089984382122,124.56557977258893,522.9147770447125,428.4591447694096,126.83006620778684
EL_0629,Calimon2024_Nernst,synthetic_clinical,nernst_equation,0.34251367117840253,0.31843103983090637,0.3085335590732871,0.19267464248589514,0.24479035974306235,0.48519226373219715,0.4997251443146817,0.031025840202290537,1401,130.7534082222604,20.28850378810776,136.35470623173944,522.4170452538115,425.07221284373753,123.26964054815048
EL_0630,Calimon2024_Nernst,synthetic_clinical,nernst_equation,0.33883595235128333,0.5278034131089954,0.654960319200127,0.18869941047270494,0.29932828760010677,0.5187965952122194,0.5003175854133635,0.06832202585889627,2120,130.9375644204533,23.940854208719358,121.24599262764767,525.1109035179862,431.24170433894665,123.22822833456861
EL_0631,Calimon2024_Nernst,synthetic_clinical,nernst_equation,0.3950812887696411,0.6355624511526362,0.4136508574622462,0.6503347440537027,0.49950630539696794,0.48373119186529706,0.486150748510748,0.020909590119951593,968,127.7098405142835,20.901205142225113,110.54307143432123,526.4973690321724,426.9442399301341,128.03734160588417
EL_0632,Calimon2024_Nernst,synthetic_clinical,nernst_equation,0.4800630799561254,0.6143415301543074,0.48939273181243664,0.52801359592494,0.22046187042281765,0.46565945339738096,0.5189319047634827,0.09586726925847049,1256,136.27787606317492,20.590760312445546,124.38744341482042,526.2243332323211,428.2931220126372,126.76305384228218
EL_0633,Calimon2024_Nernst,synthetic_clinical,nernst_equation,0.3835350092694913,0.5233999365975505,0.35130518247673637,0.5923194720263099,0.2793223142167852,0.4812027632047076,0.5408619858460635,0.016425927078024587,1477,128.00882869618536,21.441766900368094,119.71918858172371,525.0542468473581,425.833929885248,127.43296409326692
EL_0634,Calimon2024_Nernst,synthetic_clinical,nernst_equation,0.10182154529163351,0.3884946657855647,0.722785835365547,0.7105151799311501,0.3695877228553692,0.5603790278998292,0.5071869531252718,0.1266856721502851,1538,124.63505952963598,22.987369047991855,112.15129935014022,523.3185083974007,432.44960451671443,128.66427484040662
EL_0635,Calimon2024_Nernst,synthetic_clinical,nernst_equation,0.32008970094926037,0.7632591971609975,0.5885336091397498,0.5338660301389235,0.26514606495055626,0.5986997238232866,0.4830147198414268,0.12473320322723663,2402,145.30739597957424,21.26984701457406,117.85090925053015,528.1403600780156,430.0587154075426,126.82402192033123
EL_0636,Calimon2024_Nernst,synthetic_clinical,nernst_equation,0.3215339787038639,0.642654165741005,0.5964369540385906,0.3167101197651411,0.473965395582993,0.4544732445931532,0.5246357298717329,0.04604317528899303,886,130.5628957684949,22.328415703596566,120.30827766657748,526.5886135151571,430.1994655595206,124.56178743662716
EL_0637,Calimon2024_Nernst,synthetic_clinical,nernst_equation,0.42148759675431025,0.31747956410343564,0.4663377171941475,0.4732796719361945,0.3593461192697758,0.5961182866193234,0.486602686765624,0.07929837482652845,956,114.4452287257285,21.10285201742921,130.97540601970346,522.4048032339524,427.8825367664011,126.19285996608212
EL_0638,Calimon2024_Nernst,synthetic_clinical,nernst_equation,0.5357069571786354,0.7258001502717321,0.635048769792353,0.5065560399450848,0.368710099586363,0.6421512569982941,0.5424718820703204,0.019288761183816904,2244,139.0778195105876,22.340761538699795,112.29927197656713,527.6583988648391,430.8871008588843,126.5395184893181
EL_0639,Calimon2024_Nernst,synthetic_clinical,nernst_equation,0.5104399494940906,0.46450526766572414,0.5592887951724332,0.41334563592124574,0.2975714696320131,0.5965593439382306,0.5315491838243515,0.002752481468114021,928,139.0572694742768,21.68301258642537,125.35047110513602,524.2964874155198,429.53789642986237,125.56849361663669
EL_0640,Calimon2024_Nernst,synthetic_clinical,nernst_equation,0.24763243786779293,0.8334428479304755,0.5500824599510549,0.04469086452952552,0.2418910644883484,0.4921167107257199,0.5319174221753833,0.022130150858934487,1086,133.98135164409342,20.77515291342392,138.66982202523087,529.0433675028978,429.3739414085195,121.7280108271566
EL_0641,Calimon2024_Nernst,synthetic_clinical,nernst_equation,0.16063180113044623,0.40819325170855714,0.5293961333047886,0.6604481111734489,0.34551580042864183,0.5714857521842301,0.49121433280768817,0.11678331898673078,910,135.09614899075407,21.805204403264096,121.61498515398203,523.5719573011428,429.0055399713311,128.14269820338717
EL_0642,Calimon2024_Nernst,synthetic_clinical,nernst_equation,0.15576294277244457,0.7582942072911883,0.43876859618927055,0.6054195012438267,0.4585309130511181,0.4729596382533217,0.5408771192611755,0.08991506794102044,1770,144.8607533779494,20.548259444887865,121.40580771358398,528.0764787799106,427.3915600950039,127.56943441904524
EL_0643,Calimon2024_Nernst,synthetic_clinical,nernst_equation,0.3016753316944416,0.426581384842526,0.44963965723940175,0.34002813149056044,0.3077791324176793,0.515103596326253,0.49872945361570553,0.08168217805687158,1803,124.9076967282413,19.23624428762202,127.98480881868122,523.8085454604598,427.5851621096639,124.80470419687495
EL_0644,Calimon2024_Nernst,synthetic_clinical,nernst_equation,0.26804023858441633,0.5405995933194929,0.5639134788727754,0.5182438557709665,0.4742203083412962,0.6148325077824053,0.4916699178131849,0.08645817753070481,1252,131.91140394489904,21.36877616365214,126.57793296290488,525.2755436530251,429.62025711916607,126.66127699892984
EL_0645,Calimon2024_Nernst,synthetic_clinical,nernst_equation,0.3191791331509668,0.824654670811576,0.35462794106210827,0.08274103126471628,0.34891244239185626,0.5100890759100045,0.5433271406272216,0.013572943777432905,1134,143.64640011913667,19.375682258112935,132.9530430341966,528.9302957389964,425.89310467539866,122.12440067973245
EL_0646,Calimon2024_Nernst,synthetic_clinical,nernst_equation,0.17633458501363247,0.6594609069181839,0.6055172696120116,0.5048034812642882,0.3182135765566457,0.5575078408848665,0.49339374421009385,0.03850317280538709,2222,145.00022642738685,22.33796437078035,121.67016876936142,526.80485493185,430.3611763052018,126.5212611060602
EL_0647,Calimon2024_Nernst,synthetic_clinical,nernst_equation,0.40108841684975255,0.4537208650146529,0.5242411229208622,0.2419872611333361,0.20969057387460455,0.476740536421934,0.5244939639084987,0.09939007543204274,1905,128.72067012051957,21.34113948839203,127.85961353094537,524.1577315149636,428.91373472883276,123.78335765671994
EL_0648,Calimon2024_Nernst,synthetic_clinical,nernst_equation,0.5217033031591973,0.593162560940987,0.6952873617727185,0.5392872569620526,0.2883402563471793,0.6272928696367724,0.5148334045727253,0.12752257465659608,2185,143.90486393206956,23.63456835902542,127.97287761678302,525.9518371988247,431.9598860004541,126.8804978699941
EL_0649,Calimon2024_Nernst,synthetic_clinical,nernst_equation,0.5161883068653591,0.7476125640648195,0.5841872813981206,0.5945747271574854,0.20546420927959338,0.523312343974298,0.5310209205168015,0.06407340617245115,1884,136.1888101814579,20.881527735691932,120.47084204076272,527.9390450180929,429.9813119412874,127.45645834639829
