sample_id,source,subject_type,signal_source,ch0_tg_proxy,ch1_na_proxy,ch2_k_proxy,ch3_cl_proxy,ch4_chol_proxy,ch5_ph_proxy,ch6_temp_proxy,ch7_noise,contact_ms,TG_mM,delta_I_I0,is_diabetic,is_human
TG_0000,Park2024_Fig2h,normal_beagle,computed_park_eq,0.1110385042042225,0.6829984854528512,0.47959754525911097,0.44680559213273097,0.24679835610086082,0.4616167224336399,0.5406323302042455,0.09016725176148131,2487,0.327,6.884387260661795,0,0
TG_0001,Park2024_Fig2h,normal_beagle,measured,0.17921145161290322,0.6627221182372132,0.31692347370813007,0.6165996316800474,0.48156581270472504,0.4501557531682029,0.5494548091503852,0.09262222644415748,2137,0.328,11.11111,0,0
TG_0002,Park2024_Fig2h,normal_beagle,computed_park_eq,0.10160330135113317,0.6311891079080595,0.4295835055926347,0.4873687420594126,0.38355586841671385,0.4778987721304084,0.5004501253974653,0.05495427649405375,989,0.331,6.299404683770256,0,0
TG_0003,Park2024_Fig2h,normal_beagle,measured,0.17921145161290322,0.5226516086332051,0.4855158027999262,0.5147385973801488,0.4949692657420365,0.543352578649596,0.5401958284715425,0.10204613078816695,1640,0.332,11.11111,0,0
TG_0004,Park2024_Fig2h,normal_beagle,computed_park_eq,0.0944319996062138,0.6710582566280392,0.43204574812188035,0.4366114704534337,0.34855307303338107,0.4568777042230437,0.5436524281455148,0.03881699724000254,2211,0.333,5.8547839755852555,0,0
TG_0005,Park2024_Fig2h,normal_beagle,measured,0.17921145161290322,0.5779277690223528,0.45602040635334323,0.5640130838029839,0.2554563366576581,0.6439169255529118,0.534259297635278,0.14092484123462837,1795,0.334,11.11111,0,0
TG_0006,Park2024_Fig2h,normal_beagle,measured,1.0,0.6494749947027713,0.5765622705069351,0.42654775061557587,0.2587948587257436,0.45904545778210765,0.5027731231534285,0.0583015934534223,1137,0.33,133.33333,0,0
TG_0007,Park2024_Fig2h,normal_beagle,measured,1.0,0.6349230330972699,0.47602534969915444,0.6895765921792414,0.3821102743060054,0.5051998364045087,0.5007391453992858,0.024790040859450375,1320,0.333,77.77778,0,0
TG_0008,Park2024_Fig2h,normal_beagle,measured,0.8960574193548387,0.6930611923241643,0.3596147044602517,0.4016566351370807,0.44463842853645025,0.5913714687695234,0.5310305017628691,0.11569055200289186,2313,0.33,55.55556,0,0
TG_0009,Park2024_Fig2h,normal_beagle,measured,0.5376343548387096,0.5896164321360682,0.3347607178575389,0.6589310277626781,0.38698943804826735,0.5161796049705298,0.48444908452002167,0.04664734825734933,1604,0.333,33.33333,0,0
TG_0010,Park2024_Fig2h,normal_beagle,computed_park_eq,0.09966413165672677,0.682401544584516,0.4912672414065639,0.6661638227728979,0.34166447754858476,0.47391884918766036,0.5299271351056096,0.11411775729253461,2041,0.333,6.17917616271706,0,0
TG_0011,Park2024_Fig2h,normal_beagle,measured,0.17921145161290322,0.558996229937239,0.3768204968283972,0.4121300768615294,0.41319886690573626,0.4721781641623663,0.5107535551306039,0.030257880350309428,1663,0.332,11.11111,0,0
TG_0012,Park2024_Fig2h,normal_beagle,computed_park_eq,0.07925841642708109,0.6271426727911757,0.5722699421778279,0.4747876687446625,0.3231148769106889,0.6011102277086098,0.49601587158441357,0.011546986474318949,2066,0.329,4.914021818479028,0,0
TG_0013,Park2024_Fig2h,normal_beagle,measured,0.17921145161290322,0.5403053218135011,0.5789092957027719,0.6424361138693251,0.3900211269531271,0.6242921180375436,0.5362570453829381,0.027985508832905376,2154,0.327,11.11111,0,0
TG_0014,Park2024_Fig2h,normal_beagle,measured,0.35842290322580644,0.5810862552513185,0.336626386410202,0.5068893514230924,0.4720485324637262,0.5044264498769271,0.5253383084378954,7.805654929737282e-05,1772,0.33,22.22222,0,0
TG_0015,Park2024_Fig2h,normal_beagle,measured,0.17921145161290322,0.7151826458140859,0.3020856391593572,0.5532241907732697,0.3252233009446337,0.49442156209414606,0.4883905757133578,0.05064227571054419,2197,0.331,11.11111,0,0
TG_0016,Park2024_Fig2h,normal_beagle,computed_park_eq,0.16642776771300632,0.5546910548932675,0.46743060060520236,0.5211508513174122,0.21946767413269447,0.5007830827868689,0.4972813243987021,0.10444564092596825,2210,0.467,10.318521598206392,0,0
TG_0017,Park2024_Fig2h,normal_beagle,computed_park_eq,0.12302765119100903,0.5092217368386331,0.482869300193969,0.5508037069686584,0.2154436253749968,0.5057292928473223,0.5435786120176658,0.035934283600045865,1953,0.444,7.62771437384256,0,0
TG_0018,Park2024_Fig2h,normal_beagle,measured,0.17921145161290322,0.632733645829284,0.4343349493719275,0.5658679267213984,0.3778090171638181,0.46617066526654305,0.5058758119242983,0.03632399074161388,1093,0.432,11.11111,0,0
TG_0019,Park2024_Fig2h,normal_beagle,computed_park_eq,0.11284500502623628,0.5919457831798133,0.4896917491780738,0.5900589132282684,0.36073240522242755,0.4680579540108817,0.5384711746912467,0.04811700974576037,2149,0.409,6.996390311626649,0,0
TG_0020,Park2024_Fig2h,normal_beagle,measured,0.17921145161290322,0.6739532016977204,0.5575076414441159,0.4977876715605654,0.2660723142696645,0.5922299064876035,0.5366650732297801,0.05229989809375941,1288,0.413,11.11111,0,0
TG_0021,Park2024_Fig2h,normal_beagle,measured,1.0,0.6727344345256165,0.4160206038901612,0.6810189966210203,0.241256283243798,0.5182132702100517,0.48794314648684123,0.1387040427417844,2121,0.383,111.11111,0,0
TG_0022,Park2024_Fig2h,normal_beagle,measured,1.0,0.5644854069287889,0.4979952138102537,0.6451666600603647,0.36656024347983873,0.5559301156712013,0.4969296603630316,0.013965415170884881,2475,0.378,77.77778,0,0
TG_0023,Park2024_Fig2h,normal_beagle,measured,0.8960574193548387,0.6395733634017744,0.5647909029568019,0.45661213250241384,0.2836614057776546,0.5900715659945542,0.5392662799566814,0.12844864378171386,853,0.367,55.55556,0,0
TG_0024,Park2024_Fig2h,normal_beagle,measured,0.7168458064516129,0.6949688864644059,0.4926094938462863,0.42524198949851466,0.24848861422838414,0.6297108377054159,0.5224500341761713,0.0013795577424944472,1309,0.375,44.44444,0,0
TG_0025,Park2024_Fig2h,normal_beagle,computed_park_eq,0.0974750566615811,0.6214034383965567,0.4345272428958742,0.6983372387832462,0.25277757580320365,0.4536150727231042,0.5145725600628405,0.02682340638319932,2327,0.362,6.0434535130180285,0,0
TG_0026,Park2024_Fig2h,normal_beagle,computed_park_eq,0.09794387694319519,0.6624082247618037,0.5547670231482533,0.597283867690103,0.37049258100064153,0.4687349535656185,0.5057401062141603,0.03978035515225881,1549,0.369,6.0725203704781014,0,0
TG_0027,Park2024_Fig2h,normal_beagle,measured,0.17921145161290322,0.647467711890136,0.5936678574825027,0.5460226458878366,0.4718296363155662,0.5368788731020857,0.5045054885386273,0.09676550430458472,1678,0.36,11.11111,0,0
TG_0028,Park2024_Fig2h,normal_beagle,measured,0.17921145161290322,0.623129423454716,0.35857289633941336,0.6167356345784516,0.2842317087322567,0.45486319328629077,0.5251830607135017,0.02656660191105734,2043,0.361,11.11111,0,0
TG_0029,Park2024_Fig2h,normal_beagle,computed_park_eq,0.07934812878590644,0.7208735055665647,0.5243156321692242,0.6859215541071859,0.2992250914011541,0.560552993367098,0.5200604728419587,0.14704973755740686,1939,0.348,4.9195839847261995,0,0
TG_0030,Park2024_Fig2h,normal_beagle,measured,0.17921145161290322,0.5736122230173964,0.41552931858057757,0.655341001455057,0.2950766015468833,0.4838985493372185,0.5189760883720845,0.14042321612411715,1369,0.328,11.11111,0,0
TG_0031,Park2024_Fig2h,normal_beagle,computed_park_eq,0.09817919381568764,0.7325042087027079,0.3211248392548632,0.46267561528460804,0.4013430550472152,0.5217293562592328,0.49779145543488174,0.044293588262840806,1584,0.326,6.087110016572634,0,0
TG_0032,Park2024_Fig2h,normal_beagle,measured,0.17921145161290322,0.7121674487311687,0.3409863994326086,0.6126732990730356,0.3658459930723723,0.5093020287295598,0.5093846599512394,0.03843104153916871,1207,0.33,11.11111,0,0
TG_0033,Park2024_Fig2h,normal_beagle,measured,0.35842290322580644,0.7283101381391178,0.45340271965828133,0.5504548884061599,0.43948855369003254,0.579992786155553,0.5291376814080393,0.11936890041541515,1771,0.333,22.22222,0,0
TG_0034,Park2024_Fig2h,normal_beagle,measured,0.17921145161290322,0.721654287237665,0.3082850315621114,0.5736594686522676,0.33154223690542606,0.5844052270590399,0.5029706867232312,0.02325624250916163,2013,0.332,11.11111,0,0
TG_0035,Park2024_Fig2h,normal_beagle,measured,0.17921145161290322,0.571635313032071,0.47724997817070325,0.40915007498171485,0.21120445662476434,0.6145201121319317,0.5052133448987884,0.019059076897782717,1792,0.329,11.11111,0,0
TG_0036,Park2024_Fig2h,normal_beagle,measured,1.0,0.7069672509468972,0.38146287474592255,0.6895755491172308,0.3371795484841186,0.6184046150023963,0.4936066023796411,0.06170308575850178,1666,0.327,122.22222,0,0
TG_0037,Park2024_Fig2h,normal_beagle,measured,1.0,0.6593574753745517,0.5178274001167984,0.6927556238387603,0.3548901044903586,0.5145912945882491,0.5356630336338093,0.04062483768931113,2427,0.327,88.88889,0,0
TG_0038,Park2024_Fig2h,normal_beagle,measured,0.8960574193548387,0.6860106607497789,0.3752581582039983,0.45530010229941104,0.2242618899851593,0.5356628949880216,0.5281949930535756,0.00872903932626654,1433,0.325,55.55556,0,0
TG_0039,Park2024_Fig2h,normal_beagle,measured,0.35842290322580644,0.5391092606677715,0.37507286944937857,0.5647679994118361,0.41437877681001867,0.5820394753435463,0.499595372786216,0.14322979209947911,1503,0.328,22.22222,0,0
TG_0040,Park2024_Fig2h,normal_beagle,measured,0.17921145161290322,0.6385885131278501,0.4835162238703057,0.525880018728337,0.2743192968503472,0.5211945357302523,0.5330492277325058,0.0021590232944633803,2043,0.329,11.11111,0,0
TG_0041,Park2024_Fig2h,normal_beagle,computed_park_eq,0.11047232257344419,0.6185434572718314,0.32935024819530045,0.5474847625350496,0.3420415312341697,0.48464037398200305,0.5103696154466582,0.05977571015960601,1321,0.328,6.84928399955354,0,0
TG_0042,Park2024_Fig2h,normal_beagle,measured,0.17921145161290322,0.7372864328978465,0.5660041161894143,0.4782680870025142,0.20459136208711542,0.6366872616158966,0.5150727918740682,0.08090661726000938,1315,0.326,11.11111,0,0
TG_0043,Park2024_Fig2h,normal_beagle,measured,0.35842290322580644,0.6539627910974785,0.583167481368227,0.6832754791375502,0.46015968006650115,0.5772807194892022,0.536066450627768,0.10157525135744726,2498,0.325,22.22222,0,0
TG_0044,Park2024_Fig2h,normal_beagle,measured,0.17921145161290322,0.6608220546105883,0.437475867147455,0.5636850367947804,0.48243944263295757,0.5272205275601549,0.547283339467674,0.13580259629340954,2379,0.324,11.11111,0,0
TG_0045,Park2024_Fig2h,normal_beagle,measured,0.17921145161290322,0.5684902818302835,0.36437673591251224,0.5131777249683928,0.2116889396930701,0.5736507768675786,0.5035587950422109,0.09835839530711132,1404,0.326,11.11111,0,0
TG_0046,Park2024_Fig2h,normal_beagle,measured,0.35842290322580644,0.7112188277423637,0.30698158072074777,0.6443405447766807,0.28455643243202,0.47363296552433126,0.5287716015754905,0.0943414270169826,1212,0.323,22.22222,0,0
TG_0047,Park2024_Fig2h,normal_beagle,measured,0.17921145161290322,0.5097965816689116,0.4253838095146736,0.6902741654560742,0.3643915649744262,0.5346941884616238,0.5197964198624971,0.08638868628871268,1922,0.324,11.11111,0,0
TG_0048,Park2024_Fig2h,normal_beagle,computed_park_eq,0.11541559606614199,0.6031544192278566,0.41160542573783493,0.632923888222599,0.30224106207590534,0.636151465120713,0.5400888926290108,0.06434910410625275,2348,0.326,7.155766956100804,0,0
TG_0049,Park2024_Fig2h,normal_beagle,measured,0.17921145161290322,0.6849771901118437,0.3714708457211938,0.5133186658528884,0.36029824205916905,0.5493122381366156,0.5072732660353443,0.04464527617639663,1842,0.324,11.11111,0,0
TG_0050,Park2024_Fig2h,normal_beagle,measured,0.17921145161290322,0.5973004196835408,0.3032512954440895,0.6716145929257791,0.22738600303584008,0.5138627275180829,0.5465043376935563,0.1425910720406334,1650,0.326,11.11111,0,0
TG_0051,Park2024_Fig2h,normal_beagle,computed_park_eq,0.08751680743322782,0.5229260368146202,0.48073227777033567,0.5661109157037402,0.2638183685072687,0.6392389085763381,0.5346907235329842,0.017019690302617203,1865,0.325,5.426042060860125,0,0
TG_0052,Park2024_Fig2h,normal_beagle,computed_park_eq,0.1004068649178976,0.7435620521336026,0.5987793726090986,0.41676134640320506,0.42111066703730266,0.5591831540329978,0.5294082038715087,0.14529779159612022,1832,0.321,6.225225624909651,0,0
TG_0053,Park2024_Fig2h,normal_beagle,computed_park_eq,0.11203326142821282,0.5252806690306976,0.3252320418344992,0.6102907394377359,0.22182890190925808,0.6143720118580713,0.5294369559009547,0.012202317096284965,1988,0.324,6.946062208549195,0,0
TG_0054,Park2024_Fig2h,normal_beagle,computed_park_eq,0.1252931617339514,0.5583070181061319,0.4743916251680347,0.6589415565967012,0.464107990591525,0.49733703873641577,0.5435385594443982,0.08878331082319264,1893,0.326,7.768176027504988,0,0
TG_0055,Park2024_Fig2h,normal_beagle,computed_park_eq,0.10084012053812716,0.5944968975305636,0.511525309288998,0.4746172463290864,0.29907575870572956,0.5368903688976543,0.4977577521711197,0.06078031301721257,2461,0.33,6.252087473363884,0,0
TG_0056,Park2024_Fig2h,normal_beagle,computed_park_eq,0.135128434787502,0.5140758189204593,0.33564537488042157,0.4352578740331315,0.39476309063481907,0.5992089758530846,0.5208358135568012,0.1443258822711813,2014,0.33,8.377962956825124,0,0
TG_0057,Park2024_Fig2h,normal_beagle,computed_park_eq,0.0892720254175799,0.6320925303243023,0.43090074948196677,0.6406327747080202,0.49337020062628123,0.5612010077285169,0.5025880471794308,0.006510117494725914,2036,0.33,5.534865575889954,0,0
TG_0058,Park2024_Fig2h,normal_beagle,computed_park_eq,0.10284893379151153,0.7482411990298251,0.32213896942061965,0.5661562853203962,0.4907907606857297,0.5546195688340297,0.5240579046694684,0.10436230334769257,2238,0.33,6.376633895073715,0,0
TG_0059,Park2024_Fig2h,normal_beagle,computed_park_eq,0.12959547429317794,0.7288135854172766,0.5876107222223539,0.4173591693273122,0.318356539582439,0.4713512131871769,0.5034962045357875,0.02545198558433483,1475,0.335,8.034919406177032,0,0
TG_0060,Park2024_Fig2h,normal_beagle,computed_park_eq,0.09239086167970612,0.6159246012349955,0.4060056684078158,0.5750968335552616,0.22332039108949547,0.6448789615332333,0.5490347521135722,0.10472425710296177,1968,0.332,5.728233424141779,0,0
TG_0061,Park2024_Fig2h,normal_beagle,computed_park_eq,0.1279553400055264,0.6506954705058247,0.38128729275453893,0.4399555375671249,0.22286011387974897,0.6381063654270767,0.5091647340416936,0.08717439317712394,1249,0.437,7.9332310803426385,0,0
TG_0062,Park2024_Fig2h,normal_beagle,computed_park_eq,0.10979936516969327,0.5206871050088265,0.5629984457777377,0.565476361763221,0.24945027834110028,0.5322510233170739,0.5344321598614659,0.0720555122799532,2062,0.431,6.8075606405209825,0,0
TG_0063,Park2024_Fig2h,normal_beagle,computed_park_eq,0.13498860323619902,0.5952227141577554,0.5909743193443809,0.6526356769407126,0.45149861141334136,0.5437386319589941,0.5090373651636366,0.04101106078960593,1622,0.41,8.36929340064434,0,0
TG_0064,Park2024_Fig2h,normal_beagle,computed_park_eq,0.11238931351620979,0.7161805940637633,0.5438703027390233,0.6999153019858391,0.4989910511221716,0.5610863411205255,0.5338291190626357,0.1417148594823642,2281,0.413,6.968137438005007,0,0
TG_0065,Park2024_Fig2h,normal_beagle,computed_park_eq,0.10249479273244223,0.5512613321266312,0.37543273185353954,0.48241953910777263,0.2621682947024169,0.6256441334958385,0.5329899392520561,0.007034470168682988,894,0.396,6.354677149411418,0,0
TG_0066,Park2024_Fig2h,normal_beagle,computed_park_eq,0.11325956598903758,0.5283893980499073,0.5014719586778399,0.5560923102711379,0.4316955175206918,0.5540327002223987,0.5396527050222979,0.08278602581617282,1188,0.392,7.02209309132033,0,0
TG_0067,Park2024_Fig2h,normal_beagle,computed_park_eq,0.11616048158010676,0.6051339446662688,0.5354004791832928,0.5918084070922727,0.44151340025580854,0.6306302117353253,0.5232084598468104,0.14706940876385668,2129,0.397,7.2019498579666195,0,0
TG_0068,Park2024_Fig2h,normal_beagle,computed_park_eq,0.1644180883995393,0.6474794217136582,0.4176732135299197,0.5312424766071187,0.4712476083481245,0.5196510934046601,0.5159792642411868,0.11754795191117146,1819,0.384,10.193921480771436,0,0
TG_0069,Park2024_Fig2h,normal_beagle,computed_park_eq,0.1238231297619968,0.6744104678733658,0.5389415327021632,0.5378040423838517,0.4526274245056129,0.6037835482630796,0.48463651844963057,0.006879189960694942,852,0.38,7.6770340452438015,0,0
TG_0070,Park2024_Fig2h,normal_beagle,computed_park_eq,0.08159926348878083,0.5868533520563536,0.36273923732355423,0.5738949803415215,0.30246896313696353,0.5574526833428141,0.51220834112885,0.08771491589237305,2197,0.36,5.059154336304411,0,0
TG_0071,Park2024_Fig2h,normal_beagle,computed_park_eq,0.09449962990727483,0.6741253665567697,0.4234983643072584,0.6622952814563251,0.35457081645926325,0.6446220698540208,0.5221354776878673,0.03357735988594809,1828,0.349,5.8589770542510395,0,0
TG_0072,Park2024_Fig2h,normal_beagle,computed_park_eq,0.1157535535620099,0.5862706569555967,0.404285764344805,0.40954140444554954,0.36461459276222263,0.5568847007465046,0.504919403899039,0.13413258943438885,1901,0.338,7.176720320844614,0,0
TG_0073,Park2024_Fig2h,normal_beagle,computed_park_eq,0.08396839478466268,0.5230726465571865,0.44434361821688795,0.6063354151288249,0.35349710406417834,0.48139553654323874,0.506410017566945,0.00038925365754698403,1603,0.333,5.206040476649086,0,0
TG_0074,Park2024_Fig2h,normal_beagle,computed_park_eq,0.08297574392689079,0.7015503199482653,0.5244779071150975,0.4553563058069132,0.2628047970010131,0.5240944205582764,0.5139166089633715,0.0927382157295444,877,0.327,5.144496123467229,0,0
TG_0075,Park2024_Fig2h,normal_beagle,computed_park_eq,0.1314735822447798,0.5091708007226494,0.3757310833032062,0.6140048757653657,0.4685620513061598,0.5523354884231333,0.5172479439685721,0.016075801700966407,2329,0.33,8.151362099176348,0,0
TG_0076,Park2024_Fig2h,normal_beagle,computed_park_eq,0.09972732836235167,0.5885366676982814,0.41914914975122475,0.43146074995974426,0.42122156182814574,0.48645677569519163,0.5194775564413185,0.12610649788168965,885,0.331,6.183094358465803,0,0
TG_0077,Park2024_Fig2h,normal_beagle,computed_park_eq,0.0908499351778151,0.7226318201849737,0.4780777360662146,0.6037306957433468,0.43675137158220145,0.5496884397858115,0.48608442016611964,0.08056598127278217,833,0.331,5.632695981024536,0,0
TG_0078,Park2024_Fig2h,normal_beagle,computed_park_eq,0.09800408858981431,0.6394355664876094,0.47596063039822767,0.5693375627567924,0.3136317877853868,0.5174893667743836,0.5429753178001508,0.09113328334403592,2266,0.331,6.076253492568488,0,0
TG_0079,Park2024_Fig2h,normal_beagle,computed_park_eq,0.08091868786274035,0.5254456181551009,0.3458577417552996,0.47378731851535244,0.24820441197786672,0.48731340481026114,0.4999566618085693,0.02600603929421322,1622,0.333,5.016958647489902,0,0
TG_0080,Park2024_Fig2h,normal_beagle,computed_park_eq,0.1124901822342758,0.7105785088245454,0.31549064336235383,0.40547274442850834,0.4090884387099265,0.6494511069536789,0.5427627184081815,0.08639976267084899,874,0.328,6.9743912985250995,0,0
TG_0081,Park2024_Fig2h,normal_beagle,computed_park_eq,0.10631599683867307,0.5644757067612349,0.3512662762170197,0.6005929659773293,0.47881279673827576,0.561352578602786,0.520012888262893,0.041996864049042626,2123,0.326,6.591591803997731,0,0
TG_0082,Park2024_Fig2h,normal_beagle,computed_park_eq,0.10725957537573484,0.5512693900373647,0.5903982199512703,0.6132857436510244,0.2598520782014959,0.5972494367396977,0.5170888016226782,0.10608451434666667,1453,0.327,6.65009367329556,0,0
TG_0083,Park2024_Fig2h,normal_beagle,computed_park_eq,0.11377089809219747,0.5385906788185506,0.4443420305564452,0.5597768297654757,0.21554706104672808,0.5173208556387842,0.48940902738572817,0.00950624557091516,971,0.328,7.053795681716243,0,0
TG_0084,Park2024_Fig2h,normal_beagle,computed_park_eq,0.07349891507447728,0.550432615582559,0.50537146436395,0.42636043337279705,0.24164743203260614,0.45054217988286593,0.48816872448991766,0.07097493015778383,2373,0.324,4.556932734617591,0,0
TG_0085,Park2024_Fig2h,normal_beagle,computed_park_eq,0.07132802019743568,0.7323822860619564,0.5491858223363187,0.6895080731999537,0.23728916704566344,0.5961734950407289,0.5456838319774727,0.027184959924849022,2370,0.323,4.422337252241013,0,0
TG_0086,Park2024_Fig2h,normal_beagle,computed_park_eq,0.08316063995990308,0.7316123558974278,0.5164789652253832,0.4144283931892263,0.4344543445254245,0.6155881774354984,0.532535134733572,0.11993056963792734,2114,0.321,5.155959677513991,0,0
TG_0087,Park2024_Fig2h,normal_beagle,computed_park_eq,0.10732895079834213,0.66629930517405,0.4569196274307358,0.5076491452370507,0.46316016224393247,0.528489021484527,0.5371619607630105,0.06587023628553276,2349,0.321,6.654394949497212,0,0
TG_0088,Park2024_Fig2h,normal_beagle,computed_park_eq,0.09417836927643103,0.7249168613230432,0.48723046325455127,0.5619343185743899,0.3316234026165017,0.5654972541812251,0.5048753716272877,0.058722316530225284,1620,0.323,5.839058895138724,0,0
TG_0089,Park2024_Fig2h,normal_beagle,computed_park_eq,0.10595742396796765,0.529224510177091,0.5819496370840425,0.5883124159214254,0.30047168439712585,0.47785441453267746,0.5355817632489207,0.09301091338927703,1277,0.325,6.569360286013994,0,0
TG_0090,Park2024_Fig2h,normal_beagle,computed_park_eq,0.11436292021905346,0.7234731457627395,0.5365791633673592,0.44550246391982534,0.2935166203386645,0.4996978279628932,0.5320762404800874,0.005029865210366907,1397,0.323,7.090501053581315,0,0
TG_0091,Park2024_Fig2h,normal_beagle,computed_park_eq,0.10043138171063604,0.6886588229650291,0.33087480922324347,0.5609444054453784,0.3136464696670747,0.5414000438563357,0.5222770510450759,0.07534325211937952,2471,0.323,6.2267456660594345,0,0
TG_0092,Park2024_Fig2h,normal_beagle,computed_park_eq,0.13314443908764625,0.5374793568371934,0.36877541856979246,0.6166757705179199,0.4160109609638223,0.5782295265770595,0.528576391112697,0.08140866650213942,2106,0.325,8.254955223434068,0,0
TG_0093,Park2024_Fig2h,normal_beagle,computed_park_eq,0.0847021407582354,0.7271126403334071,0.47501753842983613,0.520255425029092,0.3386017410932398,0.6394566679223631,0.4907345982181256,0.08793447480251958,1757,0.327,5.251532727010595,0,0
TG_0094,Park2024_Fig2h,normal_beagle,computed_park_eq,0.09295110816580668,0.5251986507539717,0.37680465955609865,0.6178286758187201,0.3778888715776465,0.47044253284503995,0.5443125365582523,0.118512695568613,926,0.324,5.762968706280014,0,0
TG_0095,Park2024_Fig2h,normal_beagle,computed_park_eq,0.10686441176132792,0.651678761595714,0.4272392013907158,0.6209332706874169,0.48031010443070443,0.6351137025813554,0.5115587559982893,0.016985706876113286,2228,0.327,6.625593529202331,0,0
TG_0096,Park2024_Fig2h,normal_beagle,computed_park_eq,0.08299450081347513,0.5413801275918224,0.3558962638482362,0.6512472367007476,0.2996439237964817,0.5122888528091283,0.49591769346139786,0.0911841590691388,2254,0.326,5.145659050435459,0,0
TG_0097,Park2024_Fig2h,normal_beagle,computed_park_eq,0.0989616210724526,0.7007133621495029,0.30138960690138084,0.5000497515073432,0.319450608077283,0.5574791205875846,0.5443898931488933,0.051951899154894184,2033,0.324,6.135620506492061,0,0
TG_0098,Park2024_Fig2h,normal_beagle,computed_park_eq,0.09440812381540659,0.6202092445222684,0.5755364174817903,0.5761204672409701,0.2098540010730315,0.6325498925758257,0.49737585099300063,0.08664479311373208,2003,0.324,5.853303676555209,0,0
TG_0099,Park2024_Fig2h,normal_beagle,computed_park_eq,0.11493151073574853,0.5905984747791583,0.474176505083413,0.5896792863758591,0.2039283369765001,0.5827074744033421,0.4924625176808826,0.14416054762041827,1488,0.323,7.125753665616409,0,0
TG_0100,Park2024_Fig2h,normal_beagle,computed_park_eq,0.09930468406398914,0.639326342222512,0.5581896053672202,0.5605209156800975,0.2553388614256568,0.5099191823532954,0.5016955848388027,0.05959771731863968,1234,0.325,6.156890411967327,0,0
TG_0101,Park2024_Fig2h,normal_beagle,computed_park_eq,0.10466260643235883,0.5512849101205017,0.3572063161990999,0.4109649003544285,0.3416200835329998,0.5629682266525233,0.48459960475998465,0.11632914250425158,1998,0.323,6.489081598806248,0,0
TG_0102,Park2024_Fig2h,normal_beagle,computed_park_eq,0.0991927478625784,0.6319119325361965,0.46033676737717405,0.5443263845162758,0.3491035846463747,0.6030712562132481,0.48720870355319207,0.050154421696572325,854,0.324,6.14995036747986,0,0
TG_0103,Park2024_Fig2h,normal_beagle,computed_park_eq,0.10008815378870026,0.5676861682858885,0.4931998629717047,0.5226202513294289,0.20761590669810348,0.4812305194732381,0.5301180560193178,0.0988385912865227,1632,0.327,6.205465534899416,0,0
TG_0104,Park2024_Fig2h,normal_beagle,computed_park_eq,0.11090512901577815,0.637930648814835,0.3761665692129913,0.45883392990803584,0.35165236373181014,0.5690097959400842,0.5037489872127334,0.08541652766452505,1874,0.325,6.876117998978245,0,0
TG_0105,Park2024_Fig2h,normal_beagle,computed_park_eq,0.0815994677526364,0.5248603481898363,0.3729516572998362,0.6166800795566977,0.4567089404318857,0.6160439729133984,0.5078028470732918,0.10021277048559692,1268,0.326,5.059167000663457,0,0
TG_0106,Park2024_Fig2h,normal_beagle,computed_park_eq,0.15557378309162914,0.6015980770683805,0.39719701833203985,0.42607750448510484,0.38997223247328816,0.5971809226392004,0.5393689666826819,0.018416533449406275,1714,0.451,9.645574551681007,0,0
TG_0107,Park2024_Fig2h,normal_beagle,computed_park_eq,0.10763912047303516,0.7231679277692438,0.5452330685215323,0.5025452055093628,0.27782703002938774,0.5259384816334534,0.5213206459760366,0.04020954612343144,1060,0.428,6.673625469328179,0,0
TG_0108,Park2024_Fig2h,normal_beagle,computed_park_eq,0.16745154646735247,0.586298036220319,0.532150356960402,0.5088273683997836,0.45832040599241647,0.49390210501619175,0.548218308563921,0.11696381621820462,1392,0.433,10.381995880975854,0,0
TG_0109,Park2024_Fig2h,normal_beagle,computed_park_eq,0.13000641874925659,0.7236380567235229,0.5399565767841945,0.52756405134077,0.20674079249603522,0.5037354718769892,0.5179143950262607,0.0950217329739221,2182,0.412,8.060397962453909,0,0
TG_0110,Park2024_Fig2h,normal_beagle,computed_park_eq,0.14768065122769916,0.5545057768735216,0.4935162503307988,0.5265111803659845,0.23968286333759914,0.6301144602472771,0.5283855300326759,0.1024775784668222,1637,0.407,9.156200376117347,0,0
TG_0111,Park2024_Fig2h,normal_beagle,computed_park_eq,0.0948054316891106,0.6385445006289483,0.49542611650555923,0.6489225411121604,0.261926381528181,0.4521991657316961,0.4895819941048165,0.13500279627721576,1445,0.387,5.877936764724857,0,0
TG_0112,Park2024_Fig2h,normal_beagle,computed_park_eq,0.1268052135173383,0.6830461446147655,0.3752191981684793,0.5899294190072343,0.3482821550414814,0.5646588756358801,0.5386674874224807,0.060657225232353645,1501,0.372,7.861923238074976,0,0
TG_0113,Park2024_Fig2h,normal_beagle,computed_park_eq,0.10391098537773447,0.5415708421890199,0.5214100849279111,0.424839600377538,0.38094563283991645,0.4990698219362642,0.5072506929829383,0.04330406051560498,2335,0.363,6.442481093419537,0,0
TG_0114,Park2024_Fig2h,normal_beagle,computed_park_eq,0.1142752226245383,0.7288784193229785,0.5164598583365717,0.5831214001023872,0.4847920391173297,0.5293298746104109,0.5467860855577744,0.020250191613181038,2135,0.361,7.085063802721375,0,0
TG_0115,Park2024_Fig2h,normal_beagle,computed_park_eq,0.12346356463786978,0.5128564533710626,0.44890987416037087,0.5790528546750667,0.30027316724508823,0.6041824407491644,0.487461877719364,0.011270667260371315,1840,0.359,7.654741007547926,0,0
TG_0116,Park2024_Fig2h,normal_beagle,computed_park_eq,0.08579799706233088,0.6031983876516881,0.5114776649066859,0.5794858174804464,0.33790445382833934,0.46518668207392444,0.48544357408552696,0.00035090859386673886,2258,0.354,5.3194758178645145,0,0
TG_0117,Park2024_Fig2h,normal_beagle,computed_park_eq,0.1197493848440009,0.5902434742350067,0.3274746219979902,0.6751940726386728,0.24104558927568842,0.6400474707641606,0.5112204041070569,0.027769939325792945,2141,0.347,7.424461860328056,0,0
TG_0118,Park2024_Fig2h,normal_beagle,computed_park_eq,0.07603389425991969,0.7395426982509826,0.5275177241837044,0.5916848156002785,0.42771075366165495,0.5948206658546278,0.5246062105852641,0.1470865200269982,1265,0.327,4.714101444115021,0,0
TG_0119,Park2024_Fig2h,normal_beagle,computed_park_eq,0.07743274750350591,0.7469170019991618,0.5832178019059839,0.4118280434105518,0.4116725517547065,0.6350496634831332,0.4926402741589133,0.08519178458289442,1049,0.329,4.800830345217367,0,0
TG_0120,Park2024_Fig2h,normal_beagle,computed_park_eq,0.10065691366605364,0.5782137141263969,0.3361567736359393,0.6193071014374845,0.25777970833568914,0.4730564042494569,0.5095233861811359,0.1193012756938646,2046,0.324,6.240728647295326,0,0
TG_0121,Park2024_Fig2h,normal_beagle,computed_park_eq,0.10178753056349975,0.579775118310814,0.5486746422452031,0.4111022904146478,0.3788809635446159,0.49600176745754065,0.4884396820044095,0.011542980244381372,1604,0.323,6.310826894936985,0,0
TG_0122,Park2024_Fig2h,normal_beagle,computed_park_eq,0.1031303442979118,0.6325662831587251,0.4323096485244485,0.5213456349045552,0.37172832783003973,0.6107953958801795,0.5176881043266551,0.09924827626208123,2220,0.327,6.394081346470532,0,0
TG_0123,Park2024_Fig2h,normal_beagle,computed_park_eq,0.11765204637708762,0.6539657970455761,0.36988784242609013,0.4073202344669614,0.46102966217027896,0.45425388217007745,0.541229117087894,0.0793405701040818,2239,0.328,7.294426875379433,0,0
TG_0124,Park2024_Fig2h,normal_beagle,computed_park_eq,0.108078929284919,0.7331474773563132,0.3210089117242413,0.40284563008854946,0.2158051507931686,0.46770868212272365,0.48263177412443825,0.07196719902847572,1071,0.329,6.700893615664977,0,0
TG_0125,Park2024_Fig2h,normal_beagle,computed_park_eq,0.09508160891176112,0.6053392505692675,0.5212746904766674,0.4716331437304907,0.2331422339394184,0.5209244315281554,0.5001067294157857,0.04444621806839851,1092,0.327,5.89505975252919,0,0
TG_0126,Park2024_Fig2h,normal_beagle,computed_park_eq,0.12756979517699332,0.5105232974090905,0.3053621804200241,0.6963167169208094,0.3283319401207587,0.5268653294319363,0.527575309788515,0.032738083179759625,860,0.328,7.909327300973586,0,0
TG_0127,Park2024_Fig2h,normal_beagle,computed_park_eq,0.1115031906076,0.7455826287700205,0.5652596934394509,0.5802395339326594,0.47111719015258113,0.6478369819626718,0.5320346976025537,0.009747961422434103,2407,0.325,6.9131978176712,0,0
TG_0128,Park2024_Fig2h,normal_beagle,computed_park_eq,0.07634270146752924,0.7356829435337814,0.49489399469771056,0.5823210384636577,0.3538065533049526,0.4961339623435518,0.49235696224038555,0.0330729313605263,1552,0.326,4.7332474909868125,0,0
TG_0129,Park2024_Fig2h,normal_beagle,computed_park_eq,0.11069357251025974,0.5540810057591383,0.4554781100029176,0.5791822217291023,0.35750945025808045,0.5020466735903055,0.5160673547020308,0.07367795113029398,1968,0.325,6.863001495636104,0,0
TG_0130,Park2024_Fig2h,normal_beagle,computed_park_eq,0.12416892355933262,0.5384739765849638,0.5447499374971854,0.4673321715509982,0.2671452844467869,0.5573948845786827,0.5215057954389193,0.08701293117567167,2433,0.331,7.698473260678623,0,0
TG_0131,Park2024_Fig2h,normal_beagle,computed_park_eq,0.06426533292026568,0.5682398437140788,0.44300304849911054,0.41331299905997104,0.4556580600041023,0.457084473683709,0.503033595575891,0.1397384232478485,2218,0.326,3.984450641056472,0,0
TG_0132,Park2024_Fig2h,normal_beagle,computed_park_eq,0.08742115247665447,0.5217466899778526,0.4225359639212096,0.5118065551036942,0.2779261351280979,0.594684022737717,0.514711301455514,0.01215693238614719,2139,0.326,5.420111453552577,0,0
TG_0133,Park2024_Fig2h,normal_beagle,computed_park_eq,0.10270000450776622,0.726628429861145,0.4713956825758722,0.5986336030319693,0.3631336723992198,0.6228985760614697,0.5313736943267592,0.07818904682706224,1135,0.325,6.367400279481505,0,0
TG_0134,Park2024_Fig2h,normal_beagle,computed_park_eq,0.11842989502351002,0.6646129586646063,0.5551745187282726,0.6601882602879408,0.41250889301451044,0.6174026656727345,0.5288230023168499,0.10202111576404506,990,0.322,7.342653491457622,0,0
TG_0135,Park2024_Fig2h,normal_beagle,computed_park_eq,0.08525763670988269,0.7204092831925876,0.5883945864554723,0.539641002630995,0.4637214440684395,0.451029034150943,0.537396284218567,0.03429377422873853,2374,0.322,5.285973476012727,0,0
TG_0136,Park2024_Fig2h,normal_beagle,computed_park_eq,0.11170348466724722,0.540189974012077,0.5453901072357186,0.6496402533873226,0.3522403201282509,0.4512771743433667,0.5000926693222439,0.09253903775636133,1936,0.324,6.925616049369328,0,0
TG_0137,Park2024_Fig2h,normal_beagle,computed_park_eq,0.08452182701466851,0.5941738404966996,0.3027217213958175,0.6456038261499525,0.23853461542795742,0.5066685896531163,0.4812899403116752,0.06483611758387685,1793,0.323,5.240353274909448,0,0
TG_0138,Park2024_Fig2h,normal_beagle,computed_park_eq,0.10392290710983511,0.5854680415096716,0.4897865679401844,0.6796084316530052,0.2307529183972038,0.6374456974472902,0.5281520005610569,0.010175558865775786,1530,0.323,6.443220240809777,0,0
TG_0139,Park2024_Fig2h,normal_beagle,computed_park_eq,0.10928382177883718,0.6771430011506574,0.4420721665305265,0.4173761381676395,0.22240832532735622,0.6204829318397296,0.5493103860925453,0.10140783857801317,1515,0.322,6.775596950287905,0,0
TG_0140,Park2024_Fig2h,normal_beagle,computed_park_eq,0.08976417014491657,0.6874129579357312,0.3390258720391896,0.6274789587787067,0.20737607493764046,0.45442471030579945,0.5026527153404678,0.07329647856069986,1746,0.319,5.565378548984827,0,0
TG_0141,Park2024_Fig2h,normal_beagle,computed_park_eq,0.0980759101457824,0.7360759087394575,0.3306580859081157,0.6562629323384698,0.3581072288635586,0.6151841531599793,0.5008862101692995,0.1259920747008708,1773,0.319,6.080706429038509,0,0
TG_0142,Park2024_Fig2h,normal_beagle,computed_park_eq,0.08056307737583225,0.5575134207578585,0.3394005379228134,0.6604162967596878,0.4889709960320396,0.45626046274950327,0.531188904688158,0.13642867664217276,1668,0.323,4.9949107973016,0,0
TG_0143,Park2024_Fig2h,normal_beagle,computed_park_eq,0.08019409080698549,0.5685538005871675,0.5951932943879484,0.5228002018945129,0.4682297611037403,0.49599092117821725,0.4949173292817558,0.004670112432676704,1592,0.322,4.9720336300331,0,0
TG_0144,Park2024_Fig2h,normal_beagle,computed_park_eq,0.1297527838890428,0.6787310100505619,0.46882508590301475,0.5414597380307538,0.36296984173698743,0.4818491476558529,0.49425908744933916,0.013674673560928751,1319,0.324,8.044672601120654,0,0
TG_0145,Park2024_Fig2h,normal_beagle,computed_park_eq,0.11161646200393249,0.6902559977357497,0.4878660964894246,0.43937346330471627,0.20975785384737558,0.6341695695631374,0.5231655220164517,0.11948059364642644,1976,0.325,6.920220644243814,0,0
TG_0146,Park2024_Fig2h,normal_beagle,computed_park_eq,0.11152703529061582,0.5003079587916065,0.4794981795367281,0.5821919344788014,0.27426198668101254,0.5616825345166396,0.4957878099710615,0.02412382036172851,1525,0.331,6.914676188018181,0,0
TG_0147,Park2024_Fig2h,normal_beagle,computed_park_eq,0.07666405032465963,0.699389775159297,0.39310858767707213,0.5365660447245404,0.2034861619724302,0.4644893775589118,0.507474548948468,0.07199082520756853,1406,0.33,4.753171120128897,0,0
TG_0148,Park2024_Fig2h,normal_beagle,computed_park_eq,0.1128491276719833,0.6804719069817338,0.49709515726934794,0.627117780283367,0.48579459141161513,0.631563730596928,0.5306999715688488,0.11237424586519246,2376,0.329,6.996645915662964,0,0
TG_0149,Park2024_Fig2h,normal_beagle,computed_park_eq,0.101906166676692,0.6545389335795297,0.5107394911632311,0.5678946050460743,0.20293125422575511,0.5152922616487984,0.5162398150369298,0.013179974871725003,1388,0.325,6.318182333954904,0,0
TG_0150,Park2024_Fig2h,normal_beagle,computed_park_eq,0.08202009477980371,0.5196446242887551,0.4190769828604788,0.4398147262129181,0.37026225447846745,0.5878929938274532,0.5360410689376358,0.03002253663672151,1686,0.324,5.08524587634783,0,0
TG_0151,Park2024_Fig2h,normal_beagle,computed_park_eq,0.10693777453712512,0.5310549916820149,0.5688663908055115,0.5784329912130808,0.3849813745587422,0.5725888349731212,0.5009185120436119,0.14028027229491893,2141,0.322,6.630142021301758,0,0
TG_0152,Park2024_Fig2h,normal_beagle,computed_park_eq,0.10289741827705426,0.6958556814854037,0.4836773957643474,0.5453195342722121,0.3982460354897752,0.5606002905183917,0.5218233103842351,0.11757488301282928,1694,0.321,6.379639933177364,0,0
TG_0153,Park2024_Fig2h,normal_beagle,computed_park_eq,0.10810489368348435,0.682897380438833,0.32448899460917685,0.41810562519716915,0.27413097020304394,0.4819089360226377,0.5410248496614541,0.032882098103706646,2390,0.323,6.702503408376029,0,0
TG_0154,Park2024_Fig2h,normal_beagle,computed_park_eq,0.1382697576675152,0.6175456481741662,0.5232837196784866,0.6615498336919363,0.33009660018691667,0.45873233154147225,0.4913170780902762,0.003129170893730715,1461,0.323,8.572724975385942,0,0
TG_0155,Park2024_Fig2h,normal_beagle,computed_park_eq,0.11053638170092761,0.6233192116959498,0.324457946865728,0.5209784083371496,0.266168337476697,0.5336799577335305,0.49425047962395696,0.12606786094154002,1661,0.325,6.853255665457512,0,0
TG_0156,Park2024_Fig3c,normal_beagle,computed_park_eq,0.10044243047366962,0.7401951378717442,0.4247722098440822,0.6538735876057147,0.3886294454617836,0.5970700597331505,0.5337406721646747,0.07572673228395267,2385,0.423,6.227430689367516,0,0
TG_0157,Park2024_Fig3c,normal_beagle,computed_park_eq,0.12818227434658017,0.6096538547973976,0.5175772981245409,0.5460006824274108,0.46202697142449817,0.6301403728022517,0.5095204648811419,0.04152416958525774,2194,0.393,7.947301009487971,0,0
TG_0158,Park2024_Fig3c,normal_beagle,computed_park_eq,0.13552186802810906,0.5709636321521613,0.40774530889986943,0.5151541455603389,0.33974384210607456,0.6171996127562419,0.4965054465771447,0.11640003105531442,899,0.373,8.402355817742762,0,0
TG_0159,Park2024_Fig3c,normal_beagle,computed_park_eq,0.12162438280622971,0.6230694641120087,0.3741693223209531,0.6612249703817534,0.3335915765007996,0.5529634707859381,0.5051463358579836,0.08894262771523911,1637,0.368,7.540711733986242,0,0
TG_0160,Park2024_Fig3c,normal_beagle,computed_park_eq,0.12175186325898123,0.6630308113826094,0.3936444170089341,0.5197137838411333,0.4573958761768117,0.45180608082591006,0.5211888843338424,0.08980709701501613,2499,0.4,7.548615522056836,0,0
TG_0161,Park2024_Fig3c,normal_beagle,computed_park_eq,0.12226798697059447,0.559012615836616,0.3220490241990038,0.4509273715262622,0.3559321845668053,0.5174006352862572,0.5380218356117827,0.06463312854927089,2099,0.389,7.580615192176857,0,0
TG_0162,Park2024_Fig3c,normal_beagle,computed_park_eq,0.14234847529974637,0.6469710927775967,0.58457500645543,0.4757583346226258,0.3077752243748737,0.5258717179844847,0.5223876710351418,0.05350980795600025,2027,0.423,8.825605468584275,0,0
TG_0163,Park2024_Fig3c,normal_beagle,computed_park_eq,0.1406643669285583,0.7014175382375133,0.4756063093190256,0.6604813841539776,0.2617523630110305,0.4723839238795456,0.49888247280618925,0.008563028413397228,1310,0.38,8.721190749570615,0,0
TG_0164,Park2024_Fig3c,normal_beagle,computed_park_eq,0.131764600955479,0.5577827281069117,0.3155090511724581,0.592000890051074,0.267410353091804,0.4860020874945447,0.4861988908956269,0.015496343568602348,1490,0.42,8.1694052592397,0,0
TG_0165,Park2024_Fig3c,normal_beagle,computed_park_eq,0.13528490094254203,0.6136849639084647,0.4546788085737751,0.546653974077076,0.4000592772638313,0.47793025095126257,0.48209815129108746,0.04618949123867864,2159,0.379,8.387663858437605,0,0
TG_0166,Park2024_Fig3c,normal_beagle,computed_park_eq,0.12003092418859503,0.7349549479817105,0.5198696755024025,0.4487145683986963,0.2565047251296804,0.5961658949741753,0.49093146913545216,0.0351841940002243,2318,0.362,7.441917299692892,0,0
TG_0167,Park2024_Fig3c,normal_beagle,computed_park_eq,0.13991114733806215,0.7095288224120275,0.5833842658422069,0.6049744084868938,0.3491524292025282,0.5735694480402428,0.5408233489135104,0.08559146199582444,1387,0.412,8.674491134959853,0,0
TG_0168,Park2024_Fig3c,normal_beagle,computed_park_eq,0.12796626458942195,0.5282774547691432,0.5386531115089209,0.6756033390980513,0.3801828627638708,0.638175071267613,0.5378787218598314,0.1000457275486361,1160,0.451,7.9339084045441615,0,0
TG_0169,Park2024_Fig3c,normal_beagle,computed_park_eq,0.1413725328790481,0.7498534314426666,0.3144636116581668,0.6931522552663951,0.3220723882168612,0.6241506900674518,0.5347669838840792,0.08505243914800016,1288,0.429,8.765097038500983,0,0
TG_0170,Park2024_Fig3c,normal_beagle,computed_park_eq,0.1435798122174141,0.5272774079414374,0.4951534943375147,0.6295572593667353,0.4777024492642135,0.5376344692823976,0.5430962954711911,0.1316836738561991,2102,0.49,8.901948357479673,0,0
TG_0171,Park2024_Fig3c,normal_beagle,computed_park_eq,0.18478881217409904,0.5300522638426521,0.46334672938825483,0.4017275981494365,0.2973757489700811,0.5232923069742796,0.5077320884126478,0.10432008100347932,1627,0.51,11.45690635479414,0,0
TG_0172,Park2024_Fig3c,normal_beagle,computed_park_eq,0.1697261754644697,0.6371249304128692,0.47894564249562643,0.563706066548642,0.33332583582536046,0.45293341140925275,0.5210943195390806,0.025266657771407946,1773,0.544,10.523022878797121,0,0
TG_0173,Park2024_Fig3c,normal_beagle,computed_park_eq,0.14898468931553854,0.5949464450448074,0.5590000948715476,0.5557245355408654,0.3437545632889193,0.45512841316128716,0.5038873479338309,0.05702934281787855,1103,0.503,9.23705073756339,0,0
TG_0174,Park2024_Fig3c,normal_beagle,computed_park_eq,0.21394728057437945,0.6450430923068331,0.4600807640180635,0.5823715278380334,0.4294649784626385,0.6125971477432187,0.5302686153358547,0.1433285543932402,1804,0.549,13.264731395611525,0,0
TG_0175,Park2024_Fig3c,normal_beagle,computed_park_eq,0.17781077280247515,0.7241785724600306,0.32138408101654914,0.6863980090099921,0.3964079244294044,0.526014901787441,0.4938007888601014,0.07187748441653999,1586,0.569,11.024267913753459,0,0
TG_0176,Park2024_Fig3c,normal_beagle,computed_park_eq,0.20145573925130347,0.5253552071123041,0.44576152775589767,0.4770329703161524,0.28546187058857686,0.5114579929852573,0.5362118128482865,0.08087419150128818,1967,0.562,12.490255833580814,0,0
TG_0177,Park2024_Fig3c,normal_beagle,computed_park_eq,0.1932916687797044,0.5999763017010391,0.5930175715987737,0.6469522046786981,0.3567443121548355,0.4746445308344332,0.5401591055296413,0.11996716431360324,958,0.589,11.984083464341673,0,0
TG_0178,Park2024_Fig3c,normal_beagle,computed_park_eq,0.18778870239098386,0.6772615654306082,0.33206307692842313,0.570193665888671,0.27696883511040915,0.642585375047516,0.5138481952703947,0.12089888246627371,2208,0.61,11.642899548241,0,0
TG_0179,Park2024_Fig3c,normal_beagle,computed_park_eq,0.2102487694413682,0.5280760861028048,0.3007752044534947,0.5913955617379892,0.3545525511001195,0.5687077138246295,0.5355620695266362,0.09699088701342902,1783,0.629,13.035423705364828,0,0
TG_0180,Park2024_Fig3c,normal_beagle,computed_park_eq,0.16426909462895822,0.6027571174516761,0.5519583908600161,0.6700069370194033,0.3060264137908154,0.49737411179489643,0.5346367860670703,0.04122090533222041,1330,0.631,10.18468386699541,0,0
TG_0181,Park2024_Fig3c,normal_beagle,computed_park_eq,0.2204241619482831,0.7023824939421104,0.5299968405601218,0.4449111903870873,0.32718344387399056,0.48059676016571257,0.4964664909361389,0.13038894369765788,1472,0.662,13.666298040793553,0,0
TG_0182,Park2024_Fig3c,normal_beagle,computed_park_eq,0.2393656781191716,0.5541849500226939,0.32871436665604853,0.40709157581390093,0.3925914501329798,0.5714188072177562,0.5182688188899849,0.03479206441739631,1389,0.696,14.840672043388638,0,0
TG_0183,Park2024_Fig3c,normal_beagle,computed_park_eq,0.22388907318941195,0.5354435983817755,0.3823620762000376,0.5791140750687075,0.4027523735262128,0.5385433933559054,0.5112053640204061,0.1086775277097927,1258,0.723,13.881122537743542,0,0
TG_0184,Park2024_Fig3c,normal_beagle,computed_park_eq,0.23130996455432395,0.7478139984255471,0.3385182868362376,0.4312328948152499,0.41730164513862233,0.5656773834012818,0.4991912466591864,0.01191290534834799,1543,0.709,14.341217802368085,0,0
TG_0185,Park2024_Fig3c,normal_beagle,computed_park_eq,0.25889572700072944,0.6002969785097456,0.4100868237614402,0.5030681424327111,0.385146735018694,0.538481987296134,0.5382304179275996,0.10044039242009428,1227,0.743,16.051535074045226,0,0
TG_0186,Park2024_Fig3c,normal_beagle,computed_park_eq,0.27341758590506626,0.5584280204776082,0.4620035743813532,0.6640237262684374,0.39526321071415826,0.5565915573102671,0.5027033627180763,0.04995028695872969,1953,0.757,16.951890326114107,0,0
TG_0187,Park2024_Fig3c,normal_beagle,computed_park_eq,0.2799387226803159,0.6163014030709295,0.31804270278023555,0.5686890447633729,0.48728758535161404,0.48506058847153194,0.5283003423574466,0.03014005329885847,1007,0.779,17.356200806179586,0,0
TG_0188,Park2024_Fig3c,normal_beagle,computed_park_eq,0.26859767354571523,0.602369463251301,0.4268067340188568,0.646541933170326,0.20037100392782284,0.510170621670651,0.5486865462041013,0.07123298152593278,2365,0.809,16.653055759834345,0,0
TG_0189,Park2024_Fig3c,normal_beagle,computed_park_eq,0.26004054586479614,0.5381040033326043,0.5977450506475126,0.6781002903772886,0.3619871390841679,0.6184066588752843,0.516467058409043,0.09353785320041395,1777,0.832,16.12251384361736,0,0
TG_0190,Park2024_Fig3c,normal_beagle,computed_park_eq,0.2389891834270054,0.6969754970730663,0.559405857610062,0.5825459237979373,0.3520515295461448,0.48186080412379606,0.4844176323155405,0.017647354271033793,2486,0.813,14.817329372474335,0,0
TG_0191,Park2024_Fig3c,normal_beagle,computed_park_eq,0.2656599268784944,0.5219106866909596,0.5810873469093187,0.5661406722137129,0.2916572931974071,0.5293963034148567,0.5113041778353385,0.0900891500040926,1110,0.862,16.47091546646665,0,0
TG_0192,Park2024_Fig3c,normal_beagle,computed_park_eq,0.2551074999800699,0.5404410528380275,0.5358827870271283,0.57237621469533,0.36997260865142556,0.5282085526116349,0.5150807099427407,0.059576816614381654,1477,0.858,15.816664998764331,0,0
TG_0193,Park2024_Fig3c,normal_beagle,computed_park_eq,0.27385066505532,0.7194935801112674,0.5604170070322351,0.6417776200352863,0.4370091308921184,0.5109358278196081,0.48566434981358764,0.060447026814774214,1377,0.869,16.97874123342984,0,0
TG_0194,Park2024_Fig3c,normal_beagle,computed_park_eq,0.3076225755580424,0.5384477874170077,0.3670843303488934,0.6871968663683761,0.3719124286792548,0.636546148095251,0.5202614345347638,0.07190316602067777,2112,0.889,19.07259968459863,0,0
TG_0195,Park2024_Fig3c,normal_beagle,computed_park_eq,0.29107260795673545,0.6515632344377443,0.5294429402708987,0.45245158817812375,0.3507698229390327,0.5297326055544627,0.49024617945135746,0.055130163343729714,2215,0.9,18.046501693317598,0,0
TG_0196,Park2024_Fig3c,normal_beagle,computed_park_eq,0.31391573893806934,0.6195585057620181,0.45183226645402524,0.46976540750961404,0.2239896183077906,0.6053447260943385,0.48854245364870763,0.0891436125842662,1342,0.926,19.4627758141603,0,0
TG_0197,Park2024_Fig3c,normal_beagle,computed_park_eq,0.24884488765399415,0.526416171065436,0.49224789440706185,0.4648114547528799,0.38587638646934885,0.5800402184796307,0.4906417397190054,0.009202444066600224,2290,0.919,15.428383034547638,0,0
TG_0198,Park2024_Fig3c,normal_beagle,computed_park_eq,0.3086589061264545,0.5479456138979651,0.36352660519964347,0.5453804761056594,0.4262760633031589,0.5738995502815175,0.5008148533765787,0.06455057662633817,1922,0.937,19.13685217984018,0,0
TG_0199,Park2024_Fig3c,normal_beagle,computed_park_eq,0.2919743044875013,0.6729045138923299,0.4854155022861558,0.5899568878040392,0.2686683814539841,0.4965291077125362,0.49545618408499476,0.026062889349344174,1219,0.941,18.10240687822508,0,0
TG_0200,Park2024_Fig3c,normal_beagle,computed_park_eq,0.3017818410775171,0.631760365977913,0.42782501516711147,0.43921311302205984,0.46598126457214,0.5399569297642646,0.49362357582745353,0.05516390263159344,891,0.96,18.71047414680606,0,0
TG_0201,Park2024_Fig3c,normal_beagle,computed_park_eq,0.2912774523741661,0.5967696900839077,0.5891466826447053,0.47457407731448265,0.24014112088384662,0.5337161243247871,0.5353236415102104,0.08732223446699584,2294,0.967,18.059202047198298,0,0
TG_0202,Park2024_Fig3c,normal_beagle,computed_park_eq,0.3159388313672324,0.5342774264322497,0.46059303943577745,0.46456056160517123,0.203636232393168,0.49824029151990834,0.5483111628437038,0.12023056678244844,972,0.978,19.58820754476841,0,0
TG_0203,Park2024_Fig3c,normal_beagle,computed_park_eq,0.3194195153584974,0.5664627841635783,0.4938270370387524,0.5498001504935854,0.2798057834016142,0.4798475555900352,0.48890398338812147,0.12969905882106264,1423,0.991,19.80400995222684,0,0
TG_0204,Park2024_Fig3c,normal_beagle,computed_park_eq,0.3095073060040728,0.6843392693469499,0.44280543881062995,0.5127664855437308,0.3183428835710106,0.5418893536811973,0.5349511580685941,0.13381270334103515,904,0.977,19.18945297225251,0,0
TG_0205,Park2024_Fig3c,normal_beagle,computed_park_eq,0.3313716067640709,0.7357077853533154,0.5426650384908984,0.42292505783141543,0.2838103141804149,0.6360637769675648,0.4977140902960549,0.11717556356803788,2107,1.006,20.545039619372396,0,0
TG_0206,Park2024_Fig3c,normal_beagle,computed_park_eq,0.3249386409355811,0.6593003692020701,0.49780617666173477,0.6685353222119609,0.39100090465016224,0.5727867169520123,0.4846656428392483,0.07776120329178061,1266,1.039,20.14619573800603,0,0
TG_0207,Park2024_Fig3c,normal_beagle,computed_park_eq,0.3251006221751374,0.5095054620593638,0.5238621772445515,0.5977106602611042,0.44063916743827625,0.4710735067905612,0.4824899606924884,0.07628689341713676,1031,1.033,20.15623857485852,0,0
TG_0208,Park2024_Fig3c,normal_beagle,computed_park_eq,0.34163256345791737,0.5883128521255161,0.38896067438629656,0.5049109689237549,0.43239605935435454,0.5822741222140829,0.49296368975072274,0.02611640030011265,2084,1.056,21.181218934390877,0,0
TG_0209,Park2024_Fig3c,normal_beagle,computed_park_eq,0.36516280981735344,0.5171782081295669,0.42728906576546644,0.4247852990377806,0.3543972759720535,0.6297801648012471,0.5347739447194757,0.03417636263146649,1128,1.059,22.64009420867591,0,0
TG_0210,Park2024_Fig3c,normal_beagle,computed_park_eq,0.34412978723729515,0.595484909913224,0.3617061786586665,0.43641592544782193,0.38450389041166,0.6049267561275576,0.5250732977478791,0.07954531998737374,989,1.05,21.3360468087123,0,0
TG_0211,Park2024_Fig3c,normal_beagle,computed_park_eq,0.3314284244877826,0.5313083926082067,0.4423008329718642,0.43418699041429515,0.34580465089326196,0.6340594362438816,0.5164537699283949,0.09247495903426252,2049,1.037,20.54856231824252,0,0
TG_0212,Park2024_Fig3c,normal_beagle,computed_park_eq,0.34927648092386426,0.53202393659155,0.4014802517983495,0.6784250920978149,0.2673846835531556,0.5244334047675027,0.5102453818060937,0.06591074845416782,1784,1.04,21.655141817279585,0,0
TG_0213,Park2024_Fig3c,normal_beagle,computed_park_eq,0.3230479567205203,0.7320793832121443,0.5027946826759067,0.548814351603966,0.20381446699606806,0.648483080097894,0.5270018454426251,0.04753837160174174,838,1.022,20.028973316672257,0,0
TG_0214,Park2024_Fig3c,normal_beagle,computed_park_eq,0.3152060987411294,0.7116285846725695,0.5756779600918663,0.4756723060520085,0.4265125786238835,0.5421078994548281,0.5389398987023043,0.10927360157424197,1446,1.011,19.542778121950025,0,0
TG_0215,Park2024_Fig3c,normal_beagle,computed_park_eq,0.3362555189810137,0.5673328245755063,0.4618668661486515,0.6183841530192229,0.23238311439393933,0.5870596032231747,0.4864309621397031,0.14476946131904947,2286,0.978,20.847842176822848,0,0
TG_0216,Park2024_Fig3c,normal_beagle,computed_park_eq,0.30300915193597566,0.6264631732379573,0.55221090840336,0.6198404634298751,0.36267116164755453,0.5680695380917546,0.5155852382841396,0.04463226769782309,818,0.976,18.78656742003049,0,0
TG_0217,Park2024_Fig3c,normal_beagle,computed_park_eq,0.3318677432448605,0.6084501280636929,0.34825445218732387,0.56741269754469,0.44352566505971297,0.598342412302586,0.5417015545772516,0.04168531458733017,2306,0.971,20.575800081181352,0,0
TG_0218,Park2024_Fig3c,normal_beagle,computed_park_eq,0.32100835195830596,0.6003735789653221,0.5400212906097478,0.4612106903886697,0.3665254847906859,0.5966142592059349,0.5231189815182126,0.02820371019231242,1736,0.979,19.90251782141497,0,0
TG_0219,Park2024_Fig3c,normal_beagle,computed_park_eq,0.3222415146203087,0.6310397926815405,0.5544143373392316,0.6519891940846547,0.44980414080411296,0.4522063228524932,0.5324681839128222,0.11380145851665072,1843,0.958,19.97897390645914,0,0
TG_0220,Park2024_Fig3c,normal_beagle,computed_park_eq,0.27049518200922296,0.5817329040845198,0.3446664150997334,0.49168126464706446,0.46299522854846015,0.6492668675254495,0.5057816671354793,0.06729159464318138,1843,0.95,16.770701284571825,0,0
TG_0221,Park2024_Fig3c,normal_beagle,computed_park_eq,0.3004592735508545,0.5344557247898089,0.49891260135014764,0.4005639650574732,0.253511775292199,0.45581427606879077,0.49168195824984096,0.027197891988825783,1740,0.962,18.628474960152978,0,0
TG_0222,Park2024_Fig3c,normal_beagle,computed_park_eq,0.31671669444566375,0.523247659955783,0.47646068008451714,0.5442918669658371,0.39269765777156823,0.4629707188965937,0.5205988651199692,0.08422268819392856,1699,0.942,19.636435055631154,0,0
TG_0223,Park2024_Fig3c,normal_beagle,computed_park_eq,0.3102758935458726,0.6498422414157334,0.4806436932157443,0.4068798433804126,0.2966324012687557,0.5772981302098308,0.49042998153044703,0.10431234724920799,1899,0.958,19.2371053998441,0,0
TG_0224,Park2024_Fig3c,normal_beagle,computed_park_eq,0.2966894112042388,0.6962242442778669,0.5123042804222747,0.6365844894017219,0.3551807169324828,0.5380397995910982,0.4903216768694399,0.04922891304139673,2006,0.95,18.394743494662805,0,0
TG_0225,Park2024_Fig3c,normal_beagle,computed_park_eq,0.29716659591693295,0.5156355567243421,0.5404100747458557,0.629976557191493,0.42008474901269377,0.5098887020983773,0.492143605198617,0.09563298967053446,1459,0.95,18.424328946849844,0,0
TG_0226,Park2024_Fig3c,normal_beagle,computed_park_eq,0.2821427490106123,0.696412904520058,0.3355008572770162,0.5229714669088865,0.4519406856906852,0.5267665903866088,0.5200310589859031,0.08816540412932973,2328,0.939,17.492850438657964,0,0
TG_0227,Park2024_Fig3c,normal_beagle,computed_park_eq,0.30840564227558204,0.5413235277425437,0.5100755878333563,0.5757430437915706,0.3759437276566121,0.5895341255040151,0.5450731846012979,0.11738729097770069,2249,0.933,19.121149821086085,0,0
TG_0228,Park2024_Fig3c,normal_beagle,computed_park_eq,0.29924272226198656,0.7131820049689278,0.3676623989777198,0.5130742494209116,0.33851984408371466,0.5461812001506139,0.510462627947875,0.14060299413237967,1155,0.921,18.553048780243167,0,0
TG_0229,Park2024_Fig3c,normal_beagle,computed_park_eq,0.30058934112414243,0.6092126756537949,0.518852468595719,0.6296538696973328,0.2476724503008061,0.5720450298955283,0.489474785759438,0.11270626290435684,2487,0.929,18.63653914969683,0,0
TG_0230,Park2024_Fig3c,normal_beagle,computed_park_eq,0.32810271252424567,0.6180151085492496,0.30402078792964965,0.48482370687362863,0.21337847251188846,0.45725752452270046,0.49930038971668866,0.04134185080184181,1069,0.92,20.342368176503232,0,0
TG_0231,Park2024_Fig3c,normal_beagle,computed_park_eq,0.27990280802919376,0.689849565604491,0.434921952735162,0.6330131670865543,0.2196098472693156,0.5475142387346769,0.4823529520128298,0.009397980518303178,1049,0.908,17.353974097810013,0,0
TG_0232,Park2024_Fig3c,normal_beagle,computed_park_eq,0.2791640371094649,0.6404982118667017,0.4037761342505083,0.4945568563292077,0.43155731785448637,0.46728492215250933,0.49657490165179696,0.10986730977571346,2026,0.91,17.308170300786824,0,0
TG_0233,Park2024_Fig3c,normal_beagle,computed_park_eq,0.2929605879530019,0.734205615508273,0.31567736378580713,0.5256379957222485,0.27804733728861536,0.596164192996146,0.5486907963348073,0.03847950936663717,1954,0.901,18.163556453086116,0,0
TG_0234,Park2024_Fig3c,normal_beagle,computed_park_eq,0.2969379706224081,0.6812889318877787,0.3573572104394367,0.5014789315997045,0.2926096230119586,0.6394071975477447,0.5477149324451793,0.027452316635209074,960,0.89,18.410154178589302,0,0
TG_0235,Park2024_Fig3c,normal_beagle,computed_park_eq,0.28064333592376656,0.5627416653350745,0.5551848173523413,0.5683668364847575,0.35701727341230993,0.4729537743738435,0.5402097785344605,0.10842214548127256,1222,0.889,17.399886827273527,0,0
TG_0236,Park2024_Fig3c,normal_beagle,computed_park_eq,0.27440942682174074,0.6769587743074421,0.4630614652027938,0.42451760372403347,0.3374901924585969,0.5469392574260095,0.49160421781142927,0.14185472205004235,1935,0.876,17.013384462947926,0,0
TG_0237,Park2024_Fig3c,normal_beagle,computed_park_eq,0.27425105722249754,0.715496727101068,0.4380486793465319,0.6247851138087329,0.28717626794190654,0.6073940269835333,0.4878355148915071,0.053396006069227904,1410,0.858,17.003565547794846,0,0
TG_0238,Park2024_Fig3c,normal_beagle,computed_park_eq,0.27920828290564503,0.5129891443885671,0.5358834598152099,0.4604091346407923,0.2775862504664116,0.4829412706864592,0.5031150545410048,0.11351272585329525,1013,0.87,17.310913540149993,0,0
TG_0239,Park2024_Fig3c,normal_beagle,computed_park_eq,0.2595087188020359,0.5638733361639012,0.5839913862598821,0.5680546775124735,0.42521885209980415,0.561596147756528,0.5186759530347907,0.014122786518854685,1867,0.853,16.089540565726228,0,0
TG_0240,Park2024_Fig3c,normal_beagle,computed_park_eq,0.2854343834092617,0.6346754494881786,0.449343752410287,0.4316421099869892,0.3970340314172882,0.6144206321200452,0.5066294005255294,0.11634177763879912,1106,0.858,17.696931771374224,0,0
TG_0241,Park2024_Fig3c,normal_beagle,computed_park_eq,0.2687227315894801,0.5235090261085666,0.4070012922425294,0.6272445654368252,0.28293250717501883,0.5124698203771028,0.5249872260370697,0.02937612188803783,1037,0.858,16.660809358547766,0,0
TG_0242,Park2024_Fig3c,normal_beagle,computed_park_eq,0.26304293293317066,0.633257216811535,0.3473864468506044,0.6087697354506407,0.43797840513147634,0.5133523354135053,0.5400025479899128,0.13592148821486497,2449,0.84,16.30866184185658,0,0
TG_0243,Park2024_Fig3c,normal_beagle,computed_park_eq,0.26888604675657063,0.6495281573422544,0.31001508053591437,0.5091079374268421,0.4197905704102498,0.6140755014897947,0.5019213396372098,0.11978899085741268,1165,0.83,16.67093489890738,0,0
TG_0244,Park2024_Fig3c,normal_beagle,computed_park_eq,0.24009976936570487,0.5208660212473458,0.5647249105222016,0.6410810606324605,0.35156203207299147,0.6434253230518341,0.5092432685492569,0.14761654785547468,2356,0.81,14.886185700673702,0,0
TG_0245,Park2024_Fig3c,normal_beagle,computed_park_eq,0.2386266295661946,0.7492695392704154,0.5939347373563566,0.5968402054061742,0.23894793468551528,0.5873721995350059,0.4865121340522019,0.004404623865358848,1729,0.787,14.794851033104065,0,0
TG_0246,Park2024_Fig3c,normal_beagle,computed_park_eq,0.2797309378649954,0.5524382369209203,0.4137081378657292,0.6920372169928519,0.301052150558331,0.5092979562566631,0.5442745599735943,0.016612266797843715,2395,0.804,17.343318147629716,0,0
TG_0247,Park2024_Fig3c,normal_beagle,computed_park_eq,0.2388890741924565,0.7054092244276179,0.43777955915196415,0.5073394795976325,0.34826373417508993,0.6156498504874437,0.5034645633159611,0.02606423897036157,2100,0.756,14.811122599932304,0,0
TG_0248,Park2024_Fig3c,normal_beagle,computed_park_eq,0.20861086374797405,0.5282358021027934,0.32615384034954936,0.6157232342061567,0.3260356183543175,0.6310719748555741,0.5317769910508735,0.028689062687188002,1898,0.749,12.933873552374392,0,0
TG_0249,Park2024_Fig3c,normal_beagle,computed_park_eq,0.26365604914301244,0.5880937366524136,0.552434265925428,0.5413861502194494,0.49373148140454637,0.5768284276591473,0.4888385319095152,0.1014266343113151,1889,0.753,16.34667504686677,0,0
TG_0250,Park2024_Fig3c,normal_beagle,computed_park_eq,0.2645220944277189,0.578729897153242,0.30114514023730415,0.604500844720486,0.2501396034413664,0.5810564819383317,0.5494219832017487,0.010900630741502442,1439,0.74,16.400369854518573,0,0
TG_0251,Park2024_Fig3c,normal_beagle,computed_park_eq,0.25876266906198636,0.6281636882862632,0.39159320300901934,0.46379331291132886,0.20995680636872788,0.5107892802481447,0.5257213953371899,0.1407457227672724,1259,0.73,16.043285481843153,0,0
TG_0252,Park2024_Fig3c,normal_beagle,computed_park_eq,0.2559058274372021,0.5581907867753222,0.5422188091019854,0.417728167023476,0.4696542164540742,0.5801537095117495,0.5411958706896847,2.8259933487284614e-05,2266,0.74,15.866161301106528,0,0
TG_0253,Park2024_Fig3c,normal_beagle,computed_park_eq,0.2335451091338435,0.6150895678004815,0.559369082856801,0.5639944660563365,0.3141201646911229,0.6453600657021319,0.4877504415328421,0.06338226424679169,1080,0.731,14.479796766298296,0,0
TG_0254,Park2024_Fig3c,normal_beagle,computed_park_eq,0.21599103919509396,0.6053610103948118,0.30815250482725326,0.6898730232120394,0.2382361878268607,0.5915376652661237,0.548094342602446,0.12390585774998578,2098,0.721,13.391444430095826,0,0
TG_0255,Park2024_Fig3c,normal_beagle,computed_park_eq,0.24326008856820172,0.5703802996037325,0.5618261518698384,0.4337741171235811,0.4111057932382387,0.5581396953289821,0.48675741291368085,0.03628407423882585,1119,0.708,15.082125491228506,0,0
TG_0256,Park2024_Fig3c,normal_beagle,computed_park_eq,0.21764121605987516,0.6417926949798464,0.3851485341070561,0.6473604424261097,0.22227226189651594,0.4952702988682972,0.5311172302963102,0.08982124445752371,867,0.703,13.49375539571226,0,0
TG_0257,Park2024_Fig3c,normal_beagle,computed_park_eq,0.20231620860600918,0.7472570895875434,0.48785285147794144,0.5593949561704177,0.4514456550655773,0.5070580676714633,0.510042781537745,0.04016650132325012,1293,0.691,12.543604933572569,0,0
TG_0258,Park2024_Fig3c,normal_beagle,computed_park_eq,0.20005625552089254,0.7139240234593849,0.4564337067130768,0.4190922727859927,0.44941205431571296,0.5697957016354421,0.48804530979416966,0.01407859272350343,2268,0.688,12.403487842295338,0,0
TG_0259,Park2024_Fig3c,normal_beagle,computed_park_eq,0.20000600334020646,0.5852039249474617,0.3494474026040286,0.451174573467127,0.4844324960514327,0.5390492224569576,0.5352161584733752,0.09594083417665228,2278,0.68,12.4003722070928,0,0
TG_0260,Park2024_Fig3c,normal_beagle,computed_park_eq,0.21250442901389205,0.5329233596180096,0.37025533404464567,0.6360251005463311,0.4912298619424349,0.5025351285197304,0.4990098135325728,0.07093456992163573,2184,0.666,13.175274598861307,0,0
TG_0261,Park2024_Fig3c,normal_beagle,computed_park_eq,0.25481158581101127,0.5177330540334434,0.3763174742525541,0.5085559279615416,0.3417480065019541,0.45912974910047677,0.4898016868287322,0.041522146168695866,2272,0.671,15.7983183202827,0,0
TG_0262,Park2024_Fig3c,normal_beagle,computed_park_eq,0.21288293066423625,0.6126163254144545,0.441891403828653,0.5867559087189236,0.3409231288972051,0.5394936282644915,0.5132001894301883,0.08863011619065622,1500,0.656,13.198741701182648,0,0
TG_0263,Park2024_Fig3c,normal_beagle,computed_park_eq,0.21077775272738133,0.7006464198949532,0.47161459301079023,0.5538003177869248,0.2880466469624365,0.6363507438865633,0.5077910528866034,0.013063915019365723,1352,0.671,13.068220669097643,0,0
TG_0264,Park2024_Fig3c,normal_beagle,computed_park_eq,0.20624277055048204,0.7045516671870619,0.45947983938132925,0.6639588032083479,0.37243386627932457,0.455933644612948,0.5272794145282963,0.006728035203535298,1706,0.68,12.787051774129887,0,0
TG_0265,Park2024_Fig3c,normal_beagle,computed_park_eq,0.20233326701914697,0.5986440188994115,0.4265484535616494,0.5233063225796637,0.47228330076696645,0.5928065288933713,0.5225533649863493,0.04640590767941731,2124,0.65,12.544662555187113,0,0
TG_0266,Park2024_Fig3c,normal_beagle,computed_park_eq,0.19375028691883645,0.6796073074546838,0.5862099382755122,0.6164180353318864,0.45886415087372373,0.4504207686351767,0.5302300487312116,0.12443813352978754,1649,0.637,12.012517788967859,0,0
TG_0267,Park2024_Fig3c,normal_beagle,computed_park_eq,0.22328594185272407,0.7000887197558516,0.4987993539178066,0.4276854376219772,0.3788964556581105,0.5599167313444288,0.5430224887651991,0.060635959446631374,1454,0.651,13.843728394868892,0,0
TG_0268,Park2024_Fig3c,normal_beagle,computed_park_eq,0.18769625327171002,0.6874626911091166,0.42380259782501895,0.5938288525015188,0.3939350270373821,0.6276078128720236,0.5219084681623368,0.07532304149429803,1362,0.647,11.637167702846021,0,0
TG_0269,Park2024_Fig3c,normal_beagle,computed_park_eq,0.20962684596140713,0.7184246483665863,0.5171919166398281,0.4361675249211071,0.4707359921857525,0.463288768871155,0.5173777230783435,0.02132056856901865,1904,0.641,12.996864449607243,0,0
TG_0270,Park2024_Fig3c,normal_beagle,computed_park_eq,0.2146938569375491,0.6737205934189898,0.45974780983114394,0.5346559215024125,0.22531771416336271,0.5298737496789382,0.5437094245747495,0.12120339448598294,1950,0.628,13.311019130128045,0,0
TG_0271,Park2024_Fig3c,normal_beagle,computed_park_eq,0.21635430053077315,0.6630729121479849,0.5536813088969721,0.6077478480007675,0.3289793232170445,0.5845933244788865,0.4992766821978793,0.0459470248167319,2457,0.607,13.413966632907934,0,0
TG_0272,Park2024_Fig3c,normal_beagle,computed_park_eq,0.18519407757056083,0.6475713857382899,0.36788373246426953,0.5152718860412144,0.33503700835457967,0.5658532707641054,0.5331545718026829,0.01483104264609531,1898,0.622,11.482032809374772,0,0
TG_0273,Park2024_Fig3c,normal_beagle,computed_park_eq,0.17273081105636873,0.6502685417000582,0.5116757587931473,0.6065215055476411,0.3123658661060364,0.48337204033975056,0.5101370536923545,0.02138912161228631,2391,0.634,10.709310285494862,0,0
TG_0274,Park2024_Fig3c,normal_beagle,computed_park_eq,0.21838031739980032,0.6904767050331039,0.5839933301980639,0.5019306481453354,0.3551718145142996,0.5257820556117629,0.4804697273212842,0.057881175434267386,2298,0.618,13.53957967878762,0,0
TG_0275,Park2024_Fig3c,normal_beagle,computed_park_eq,0.16739793384141938,0.6692801599337523,0.4817337748358071,0.509378118459262,0.26536776627649705,0.6476071932311184,0.5117801134837281,0.10324113536703555,2257,0.61,10.378671898168001,0,0
TG_0276,Park2024_Fig3c,normal_beagle,computed_park_eq,0.1835784391964355,0.6213974249148495,0.30826101596083966,0.551636535373135,0.4892052221353107,0.5268413425971601,0.4827297208802438,0.0046433686379015295,1247,0.614,11.381863230179,0,0
TG_0277,Park2024_Fig4e_normal,normal_beagle,computed_park_eq,0.04105322547151444,0.5783015652675435,0.3441185551699765,0.5463553591577219,0.2390143347533416,0.6170960472764655,0.5059277890392715,0.05622053516726945,1858,0.231,2.5452999792338953,0,0
TG_0278,Park2024_Fig4e_normal,normal_beagle,computed_park_eq,0.042784549587691255,0.7221009180771703,0.4808828629438384,0.6480122079224462,0.4952039489631393,0.5076810875637492,0.5472794839785315,0.05842228423536305,908,0.22,2.6526420744368577,0,0
TG_0279,Park2024_Fig4e_normal,normal_beagle,computed_park_eq,0.0693548184157651,0.633064382787244,0.35050108677573905,0.4740722280002757,0.4515647644708485,0.5212371294235189,0.5378770481657493,0.10635205864305476,1561,0.227,4.299998741777436,0,0
TG_0280,Park2024_Fig4e_normal,normal_beagle,computed_park_eq,0.07738117483392784,0.5144118955497562,0.40273439365041397,0.481074307639235,0.4899252157599222,0.5615417652500088,0.5043093927321355,0.0870701401490544,2103,0.23,4.797632839703526,0,0
TG_0281,Park2024_Fig4e_normal,normal_beagle,computed_park_eq,0.0555522789533498,0.6955970823650218,0.5203733769364239,0.49014681568012974,0.29774693526933493,0.6085042783925838,0.5123011858321119,0.10962270430677132,1319,0.211,3.4442412951076875,0,0
TG_0282,Park2024_Fig4e_normal,normal_beagle,computed_park_eq,0.0868113686639851,0.5098648832227248,0.442663811246048,0.5629073751872989,0.2683249208309629,0.6428057694331027,0.5436618227656069,0.10832148531838588,2382,0.25,5.382304857167076,0,0
TG_0283,Park2024_Fig4e_normal,normal_beagle,computed_park_eq,0.06716394157615073,0.6985526656373513,0.3827302704754071,0.6631271743054566,0.48321262814761934,0.4797591938810231,0.5123872923545776,0.14714810672440276,1619,0.238,4.164164377721345,0,0
TG_0284,Park2024_Fig4e_normal,normal_beagle,computed_park_eq,0.07210147513577293,0.7158868806286363,0.476619456639396,0.5125989723758806,0.28573506665776105,0.4906446182172175,0.5333258733964388,0.057981076023454176,1514,0.22,4.470291458417922,0,0
TG_0285,Park2024_Fig4e_normal,normal_beagle,computed_park_eq,0.06294150773678861,0.6814291158049872,0.5683357670472696,0.5367937827279811,0.33303675091457124,0.5704233970709559,0.5213984731595742,0.12098840134894154,962,0.218,3.902373479680894,0,0
TG_0286,Park2024_Fig4e_normal,normal_beagle,computed_park_eq,0.082074956509178,0.5501186288821007,0.3327792630928864,0.6561885900866267,0.3317449449901245,0.6193937708414121,0.5425163143636791,0.009368639042860715,2146,0.23,5.088647303569036,0,0
TG_0287,Park2024_Fig4e_normal,normal_beagle,computed_park_eq,0.08037619932895007,0.6566481277733025,0.577914782019026,0.4057348283289292,0.34305304049534513,0.5875444084861121,0.530589487038876,0.1038798647305662,1119,0.229,4.9833243583949045,0,0
TG_0288,Park2024_Fig4e_normal,normal_beagle,computed_park_eq,0.01756057957423396,0.5748488970929203,0.407614657625104,0.6413311623038515,0.2836279617243659,0.49214099277344064,0.5470213613326668,0.0013294927670203349,818,0.22,1.0887559336025054,0,0
TG_0289,Park2024_Fig4e_normal,normal_beagle,computed_park_eq,0.07185440720837852,0.6582265826696085,0.32070886226635487,0.4016997443588702,0.4811273085376384,0.614385327187986,0.5366428219797322,0.13266364132529657,1346,0.24,4.454973246919468,0,0
TG_0290,Park2024_Fig4e_normal,normal_beagle,computed_park_eq,0.06890163517360084,0.6534010285593645,0.3265814141909037,0.5462883429001633,0.22329480040148153,0.5315086062064862,0.5084974542387939,0.009901476621036237,2178,0.243,4.271901380763253,0,0
TG_0291,Park2024_Fig4e_normal,normal_beagle,computed_park_eq,0.1100038874899126,0.6442601661154777,0.5093268828220289,0.4018266244719517,0.23028235999325647,0.6237888504558291,0.5277224050863113,0.016939746402901693,961,0.241,6.820241024374582,0,0
TG_0292,Park2024_Fig4e_normal,normal_beagle,computed_park_eq,0.0905335537799765,0.6986288861226871,0.5121259431800094,0.41506780343919214,0.22187055061037106,0.5305746565265275,0.5006703345833561,0.03485764845840717,1094,0.25,5.613080334358544,0,0
TG_0293,Park2024_Fig4e_normal,normal_beagle,computed_park_eq,0.045989488087729215,0.5380823973661338,0.3798504037546612,0.40660807636714513,0.3749772477368347,0.6184461492687896,0.518428631460915,0.032891094288581356,1580,0.237,2.8513482614392114,0,0
TG_0294,Park2024_Fig4e_normal,normal_beagle,computed_park_eq,0.06507572908385088,0.6508732740108447,0.40734422523406466,0.5943452337971584,0.23687620353961628,0.6277318160530798,0.5152158765545886,0.0674024613059463,1833,0.252,4.034695203198755,0,0
TG_0295,Park2024_Fig4e_normal,normal_beagle,computed_park_eq,0.08722146856681812,0.6592727092702262,0.45788353810146076,0.5389518150254025,0.2703960325327548,0.5106388118922092,0.5002979083260526,0.08449333964307221,1059,0.269,5.407731051142723,0,0
TG_0296,Park2024_Fig4e_normal,normal_beagle,computed_park_eq,0.10962809283631318,0.5357189903348529,0.5326038451209407,0.48142281413401433,0.349008626845384,0.5068548185855033,0.4893679854099785,0.09443365453376049,1898,0.282,6.796941755851417,0,0
TG_0297,Park2024_Fig4e_normal,normal_beagle,computed_park_eq,0.08589783660447826,0.5256870631131059,0.3567118574182595,0.6349049911950199,0.4145116156552051,0.5686971525951869,0.5427008708148321,0.0874899776719568,1189,0.31,5.325665869477652,0,0
TG_0298,Park2024_Fig4e_normal,normal_beagle,computed_park_eq,0.10063534679166923,0.5617059673004756,0.5222712168456214,0.49488104491879203,0.23056771641980406,0.5220467837600856,0.4989275300469168,0.12640678532408323,1227,0.4,6.239391501083492,0,0
TG_0299,Park2024_Fig4e_normal,normal_beagle,computed_park_eq,0.16166392275999794,0.7357459542040106,0.42671535665529176,0.5131940984218971,0.48089634619074706,0.5850280122299336,0.48812158769437186,0.006343762383402179,1728,0.462,10.023163211119872,0,0
TG_0300,Park2024_Fig4e_normal,normal_beagle,computed_park_eq,0.13881124794012686,0.7325427413596062,0.5532746107217454,0.602754323939301,0.24173475466732627,0.5008462767497391,0.5412857858586831,0.02742108549853507,2359,0.429,8.606297372287866,0,0
TG_0301,Park2024_Fig4e_normal,normal_beagle,computed_park_eq,0.14902806503311108,0.5263412305627141,0.5345471590034807,0.5932447664427747,0.2144558037179889,0.5220100931801956,0.5469759870839,0.07506017185653018,2376,0.522,9.239740032052888,0,0
TG_0302,Park2024_Fig4e_normal,normal_beagle,computed_park_eq,0.18746443178559422,0.618991932752914,0.33329325737554444,0.5903272435859751,0.4312341854791639,0.45057625033312293,0.5401269679794442,0.027903450000849844,1540,0.53,11.622794770706841,0,0
TG_0303,Park2024_Fig4e_normal,normal_beagle,computed_park_eq,0.2014413548843941,0.5529985136746645,0.49720604465103857,0.5416845412488945,0.46404702137644555,0.4931481358352908,0.5274469240217031,0.09116281833790839,961,0.61,12.489364002832435,0,0
TG_0304,Park2024_Fig4e_normal,normal_beagle,computed_park_eq,0.2145107141546995,0.5986835884612071,0.5792421891949469,0.4377172806976679,0.4211289651296154,0.644918362267066,0.483653904033148,0.10232908209399157,1621,0.651,13.299664277591368,0,0
TG_0305,Park2024_Fig4e_normal,normal_beagle,computed_park_eq,0.22553363914595143,0.571852399116395,0.41033579632684586,0.417427585624105,0.23345366369638293,0.5531723805424656,0.498731487370958,0.12532203386132915,1357,0.69,13.983085627048988,0,0
TG_0306,Park2024_Fig4e_normal,normal_beagle,computed_park_eq,0.25206921900852647,0.5604722208885364,0.5733206108302151,0.6514796078637115,0.4128148901262173,0.6397691911662261,0.4821995275057891,0.1104300637591143,1413,0.788,15.628291578528641,0,0
TG_0307,Park2024_Fig4e_normal,normal_beagle,computed_park_eq,0.3138967579466703,0.5024809552819589,0.43922854783605114,0.6890497722662765,0.3557096840388646,0.5855084534917907,0.5018304700541818,0.11609870672291438,1264,0.844,19.46159899269356,0,0
TG_0308,Park2024_Fig4e_normal,normal_beagle,computed_park_eq,0.291599459714402,0.6303240119135347,0.592804146983764,0.43766506442879605,0.20508429946687431,0.6040316423514192,0.5365008876155418,0.018031084368086436,1957,0.86,18.079166502292924,0,0
TG_0309,Park2024_Fig4e_normal,normal_beagle,computed_park_eq,0.2628213857868892,0.5854509263730456,0.5217079673363876,0.4669790156515589,0.39255798765660666,0.564129924776187,0.5197664758636508,0.09945110192126638,1772,0.91,16.29492591878713,0,0
TG_0310,Park2024_Fig4e_normal,normal_beagle,computed_park_eq,0.27526057825496486,0.7435486109540893,0.5541182480951699,0.40707848939365876,0.4695681814024518,0.6066396826597252,0.5346263286499686,0.06869936385053572,2037,0.888,17.06615585180782,0,0
TG_0311,Park2024_Fig4e_normal,normal_beagle,computed_park_eq,0.2918372593174954,0.6508229514287358,0.44202026444847375,0.41791494669126683,0.4014926844638089,0.5664417519536462,0.5493146225511335,0.03587381666733645,1407,0.885,18.093910077684715,0,0
TG_0312,Park2024_Fig4e_normal,normal_beagle,computed_park_eq,0.2706328718317187,0.6627393337795182,0.4933773524227031,0.5683880628845208,0.43307840309816764,0.4909962419053633,0.5307939040192091,0.09296018571496338,2264,0.829,16.77923805356656,0,0
TG_0313,Park2024_Fig4e_normal,normal_beagle,computed_park_eq,0.284525106205709,0.6445745998550901,0.34408881287646287,0.6433371309800413,0.3907864121491186,0.5276331412253992,0.5271891206875244,0.03898574688642493,1872,0.813,17.640556584753956,0,0
TG_0314,Park2024_Fig4e_normal,normal_beagle,computed_park_eq,0.27523116151228033,0.7368488123966117,0.40120204230510703,0.6174943509772157,0.36164390271188573,0.46212578521329367,0.5282999816116261,0.10351448373567651,804,0.822,17.06433201376138,0,0
TG_0315,Park2024_Fig4e_normal,normal_beagle,computed_park_eq,0.21907427704099344,0.5111409558621698,0.42469265600577166,0.49057501002325055,0.42832649180716265,0.5208535529682093,0.5464349837420391,0.14434653044816764,2213,0.761,13.582605176541593,0,0
TG_0316,Park2024_Fig4e_normal,normal_beagle,computed_park_eq,0.23882241185962452,0.568675953761973,0.542089647265198,0.5378994611207983,0.3639731426096885,0.5365632004418939,0.48307299598501036,0.024862466973023387,1916,0.741,14.80698953529672,0,0
TG_0317,Park2024_Fig4e_normal,normal_beagle,computed_park_eq,0.2568864590657108,0.6685872447558672,0.3410997189161014,0.6984944107975278,0.3581697982261738,0.5283716592818157,0.5261379635128669,0.01633399709715586,1379,0.746,15.926960462074067,0,0
TG_0318,Park2024_Fig4e_normal,normal_beagle,computed_park_eq,0.22118933471361557,0.7378574525904581,0.5984457881897853,0.6135168417238146,0.49434311953754656,0.5639079559134208,0.4981679248223263,0.06554938284984313,1842,0.689,13.713738752244165,0,0
TG_0319,Park2024_Fig4e_normal,normal_beagle,computed_park_eq,0.2176689229365433,0.5032573919392709,0.30425701481873013,0.6488174880875537,0.4196367820528868,0.5210082112903917,0.5288817810059301,0.059280888946495525,1647,0.702,13.495473222065685,0,0
TG_0320,Park2024_Fig4e_normal,normal_beagle,computed_park_eq,0.1964288419832478,0.744326976997876,0.5271930621403316,0.44850143087108857,0.343070031940391,0.5936662350744009,0.4973138221073358,0.0960922775323331,1862,0.641,12.178588202961365,0,0
TG_0321,Park2024_Fig4e_normal,normal_beagle,computed_park_eq,0.20147548470410354,0.6507660765426291,0.5506223492526378,0.6353262574010252,0.313095662577884,0.5603980604241442,0.5363327185392787,0.006908510128493456,969,0.598,12.491480051654419,0,0
TG_0322,Park2024_Fig4e_normal,normal_beagle,computed_park_eq,0.18946007129437248,0.5804174974148871,0.5544126268804452,0.6186584326809841,0.2286197831939632,0.5357404041972867,0.4820418834551685,0.07213352199045135,2476,0.569,11.746524420251093,0,0
TG_0323,Park2024_Fig4e_normal,normal_beagle,computed_park_eq,0.1901823637406475,0.628180061953157,0.4444648020827563,0.5906330936978568,0.22721651067047932,0.4565235896683133,0.4840392049891129,0.06665480238622716,1517,0.593,11.791306551920146,0,0
TG_0324,Park2024_Fig4e_normal,normal_beagle,computed_park_eq,0.19973128553969247,0.6555098905927484,0.5977326868124337,0.5158969519229397,0.372152376231354,0.5331207791814672,0.5393090167405302,0.1353354605193357,953,0.59,12.383339703460933,0,0
TG_0325,Park2024_Fig4e_normal,normal_beagle,computed_park_eq,0.16148961699099476,0.5097324908314169,0.3108056454874279,0.4525665316317482,0.46003110635180006,0.5064957487954054,0.5465321419402708,0.08724334394837903,1450,0.584,10.012356253441675,0,0
TG_0326,Park2024_Fig4e_normal,normal_beagle,computed_park_eq,0.18096749929482236,0.6408311605082617,0.4282505493984335,0.4979015292795962,0.4518978967126371,0.47876287006296275,0.510107201357086,0.1355636357662713,953,0.563,11.219984956278987,0,0
TG_0327,Park2024_Fig4e_normal,normal_beagle,computed_park_eq,0.16963179983361473,0.6950913757517204,0.44290071999032965,0.5492619556438306,0.2614040327171852,0.5682260606517033,0.49302951284273433,0.04973470486007906,1414,0.54,10.517171589684114,0,0
TG_0328,Park2024_Fig4e_normal,normal_beagle,computed_park_eq,0.18481745834710775,0.5082024060321522,0.4908127406339905,0.5093062715284696,0.28857254074689265,0.6258993141456253,0.5122001676906559,0.014257956829903917,2106,0.529,11.45868241752068,0,0
TG_0329,Park2024_Fig4e_normal,normal_beagle,computed_park_eq,0.16868527090134003,0.6734045143684488,0.531336844755566,0.5963952060597864,0.24547852244002982,0.6251766167034114,0.5177366186915207,0.042370863955500555,1078,0.552,10.458486795883081,0,0
TG_0330,Park2024_Fig4e_normal,normal_beagle,computed_park_eq,0.1933392360700824,0.7327524927213249,0.41754718898505,0.5640101561670305,0.3596065036952756,0.5680862179645387,0.48429316689502977,0.05432643821980924,2473,0.553,11.98703263634511,0,0
TG_0331,Park2024_Fig4e_normal,normal_beagle,computed_park_eq,0.16264668752451691,0.5025226516722562,0.4312445779824629,0.6648203142020266,0.21557028307619272,0.48822374189920054,0.5017059176839929,0.10975871048463193,1219,0.539,10.084094626520049,0,0
TG_0332,Park2024_Fig4e_normal,normal_beagle,computed_park_eq,0.16353515955835776,0.6854740817396787,0.5545276137271574,0.5267887591040827,0.2908792716921288,0.5150590268046062,0.5298834933168959,0.1225169199758454,1005,0.542,10.13917989261818,0,0
TG_0333,Park2024_Fig4e_normal,normal_beagle,computed_park_eq,0.17038720023499324,0.7498859796797736,0.42172535058451827,0.46614653040673193,0.42874486534266587,0.5584942006925312,0.4904721014668867,0.05710345217412986,1737,0.551,10.564006414569581,0,0
TG_0334,Park2024_Fig4e_normal,normal_beagle,computed_park_eq,0.15162725510296834,0.6773302071181524,0.3501963912003181,0.6341895152276671,0.37513183415423346,0.640444357139519,0.4829695608744824,0.039798920633320044,2383,0.518,9.400889816384037,0,0
TG_0335,Park2024_Fig4e_normal,normal_beagle,computed_park_eq,0.1853760290098236,0.6897513206304827,0.33075478921994234,0.5541563392620303,0.3526671666773168,0.5238561540431083,0.5453047403798771,0.12412594798098317,903,0.524,11.493313798609064,0,0
TG_0336,Park2024_Fig4e_normal,normal_beagle,computed_park_eq,0.1529654603438688,0.545048938532037,0.32947049765672415,0.6410554325304803,0.2366091482965546,0.4750250514283494,0.5395330130332586,0.05169061266713394,2241,0.531,9.483858541319865,0,0
TG_0337,Park2024_Fig4e_normal,normal_beagle,computed_park_eq,0.1568359789890362,0.5863354880612219,0.4006831362809528,0.6935576405167421,0.45696116712437806,0.590233972318052,0.5308939733130773,0.08431091916038566,982,0.519,9.723830697320244,0,0
TG_0338,Park2024_Fig4e_normal,normal_beagle,computed_park_eq,0.1760471265031898,0.637327442870026,0.39359520609792553,0.5447501260706082,0.35200179469482373,0.5274474542356192,0.5434600547470514,0.0024092797471509217,842,0.522,10.914921843197767,0,0
TG_0339,Park2024_Fig4e_normal,normal_beagle,computed_park_eq,0.13724023493524432,0.6762177525108455,0.5451384426046755,0.5639290948233542,0.49011058257684387,0.46033374433159224,0.515335691881317,0.1077680920983825,1189,0.51,8.508894565985148,0,0
TG_0340,Park2024_Fig4e_normal,normal_beagle,computed_park_eq,0.16645856676053322,0.5296230896921001,0.5884540016949253,0.6143232290879794,0.48574013500635405,0.4953454764659927,0.541553871412357,0.12131849768453076,1918,0.539,10.32043113915306,0,0
TG_0341,Park2024_Fig4e_normal,normal_beagle,computed_park_eq,0.14798222591580104,0.7178535085477136,0.5018108982626694,0.6390044191574117,0.2751403696377497,0.5749748199213998,0.5200222188200624,0.12492455651824066,1394,0.522,9.174898006779664,0,0
TG_0342,Park2024_Fig4e_normal,normal_beagle,computed_park_eq,0.14613546080504103,0.6569983456510246,0.37425302194212356,0.44884451490305916,0.2560743321825385,0.4539591316694509,0.5073477477690157,0.028714152074931373,939,0.511,9.060398569912543,0,0
TG_0343,Park2024_Fig4e_normal,normal_beagle,computed_park_eq,0.13749388797534215,0.6831747626475702,0.4213582156721609,0.4205059600929876,0.4351279527452322,0.5071516649185412,0.5102936815719484,0.10281658248328522,996,0.511,8.524621054471213,0,0
TG_0344,Park2024_Fig4e_normal,normal_beagle,computed_park_eq,0.17849391602805514,0.5180277732323588,0.36162042254340876,0.5144323124239935,0.49461486110478875,0.6069723645917761,0.5313440722544474,0.017428643478816896,1014,0.5,11.06662279373942,0,0
TG_0345,Park2024_Fig4e_normal,normal_beagle,computed_park_eq,0.16792802579314478,0.5253432243882898,0.38335583282691366,0.4828957325397561,0.3296056782783518,0.6460737481884371,0.48472517826786754,0.07780514915708925,816,0.447,10.411537599174977,0,0
TG_0346,Park2024_Fig4e_normal,normal_beagle,computed_park_eq,0.13149367753136726,0.525780340602019,0.4643354083149958,0.6936872521123312,0.36664862723175806,0.48796306059443123,0.5207528261064813,0.030666086092432026,2027,0.44,8.15260800694477,0,0
TG_0347,Park2024_Fig4e_normal,normal_beagle,computed_park_eq,0.1490770367491202,0.6291974847820395,0.5220484106284389,0.5892101413476355,0.364881880559227,0.5879557698496243,0.49007593395005616,0.0893039491887906,1018,0.459,9.242776278445453,0,0
TG_0348,Park2024_Fig4e_normal,normal_beagle,computed_park_eq,0.12535861852930885,0.5188959034635168,0.5854269662536697,0.4891872370922001,0.22762009582474263,0.5698089174300763,0.5236554144803186,0.09727572301780323,2237,0.432,7.772234348817149,0,0
TG_0349,Park2024_Fig4e_normal,normal_beagle,computed_park_eq,0.1565590988294495,0.5933149536156898,0.4690979913086286,0.535205942481674,0.40161681162567603,0.5667113934649637,0.5168029353691395,0.03742865502573729,1057,0.42,9.706664127425869,0,0
TG_0350,Park2024_Fig4e_normal,normal_beagle,computed_park_eq,0.14253682338789228,0.7165239084029229,0.5840201186770186,0.4317717413211273,0.24644858377931597,0.6389472517566159,0.5315574659834355,0.13244907372446596,1690,0.399,8.837283050049322,0,0
TG_0351,Park2024_Fig4e_normal,normal_beagle,computed_park_eq,0.13417433376644042,0.5933887002619205,0.31514668332372237,0.5882459715352838,0.31568405385969445,0.6372534278826438,0.5179393052422836,0.14094772669402622,2473,0.392,8.318808693519307,0,0
TG_0352,Park2024_Fig4e_normal,normal_beagle,computed_park_eq,0.14903369272680708,0.5997588294106087,0.551940481999328,0.45656218172477536,0.4017381494075086,0.6454013908877887,0.48713251706110555,0.0012479913340788017,853,0.401,9.24008894906204,0,0
TG_0353,Park2024_Fig4e_normal,normal_beagle,computed_park_eq,0.12880014686373117,0.5210753286528376,0.5421567956373564,0.6583958877445273,0.44517569341004637,0.5525452788523553,0.5106869486021532,0.14943934297873152,1659,0.369,7.985609105551332,0,0
TG_0354,Park2024_Fig4e_normal,normal_beagle,computed_park_eq,0.12484697601719451,0.6533229212218448,0.49130647406878064,0.4726066239942632,0.414215817013438,0.4682782972663553,0.49394892355267606,0.1316205069981723,2303,0.411,7.74051251306606,0,0
TG_0355,Park2024_Fig4e_normal,normal_beagle,computed_park_eq,0.11020820760915508,0.5538360953456382,0.47912873105601594,0.5784409644033368,0.3116601175475658,0.5166069743610797,0.5419475015726412,0.0574926359463302,1987,0.4,6.832908871767614,0,0
TG_0356,Park2024_Fig4e_normal,normal_beagle,computed_park_eq,0.08764142855648524,0.7331776270331903,0.4632761898341093,0.4600846053602878,0.38503508235576234,0.5985762987335879,0.5316542175347818,0.07821735362503202,1490,0.378,5.433768570502085,0,0
TG_0357,Park2024_Fig4e_normal,normal_beagle,computed_park_eq,0.10947470469006414,0.551554351271035,0.5399156291894583,0.500082036708713,0.45955800421934334,0.6330514369835647,0.5401876684773893,0.0052511872210208475,2010,0.368,6.7874316907839765,0,0
TG_0358,Park2024_Fig4e_normal,normal_beagle,computed_park_eq,0.15256899149340572,0.6135863557669138,0.4890741658368474,0.47451508262296227,0.41163824908504587,0.5355202667406674,0.5109781860370322,0.09739834868653224,2372,0.403,9.459277472591154,0,0
TG_0359,Park2024_Fig4e_normal,normal_beagle,computed_park_eq,0.1232707157918873,0.6250200295678956,0.5355293142287123,0.5796536200238317,0.2603296182328002,0.5680465318301786,0.5085343000585759,0.0704288313065794,887,0.41,7.642784379097012,0,0
TG_0360,Park2024_Fig4e_normal,normal_beagle,computed_park_eq,0.15067058231423672,0.7317776572146069,0.33161796543234157,0.6293322184226513,0.3229013160127978,0.5810347429048677,0.49821656185896607,0.02392383938120374,1807,0.401,9.341576103482677,0,0
TG_0361,Park2024_Fig4e_normal,normal_beagle,computed_park_eq,0.15254299657163195,0.7356328268800292,0.5240329918601154,0.6161696645933218,0.4479464270587287,0.5392402441955088,0.5364091172832484,0.0011946607118176688,939,0.402,9.457665787441181,0,0
TG_0362,Park2024_Fig4e_normal,normal_beagle,computed_park_eq,0.12186996103006494,0.5624892365994053,0.45450169791291695,0.5606661444639017,0.30706579255133304,0.5207578317472872,0.5379988918534258,0.11839392724795283,2134,0.381,7.555937583864026,0,0
TG_0363,Park2024_Fig4e_normal,normal_beagle,computed_park_eq,0.12656786073920454,0.6965894332653704,0.4896649793261847,0.5120560530699063,0.2814496262545604,0.49635671805787,0.5023026273934525,0.13553376651487956,1829,0.368,7.8472073658306805,0,0
TG_0364,Park2024_Fig4e_normal,normal_beagle,computed_park_eq,0.10656918204538261,0.6383427974374429,0.45093974176546203,0.4581589203810678,0.45764503135044643,0.5853881565993675,0.5386535862396263,0.1288146419024208,1213,0.368,6.607289286813722,0,0
TG_0365,Park2024_Fig4e_normal,normal_beagle,computed_park_eq,0.15624308940437126,0.5400913515299358,0.5020936252424723,0.4537759767217842,0.4081848771530471,0.49591963215079377,0.4882285910105154,0.024792673521443615,2439,0.384,9.687071543071019,0,0
TG_0366,Park2024_Fig4e_normal,normal_beagle,computed_park_eq,0.0956700635952869,0.7157430997467407,0.45956672370225427,0.6368296582585573,0.2890360046059552,0.5582739220314538,0.504166096756898,0.06213013883577454,1215,0.364,5.931543942907788,0,0
TG_0367,Park2024_Fig4e_normal,normal_beagle,computed_park_eq,0.1054483769413683,0.5885678318043039,0.33160364534439996,0.4667083914244511,0.35576737123406155,0.5715505366191305,0.4971746619916348,0.00865982388376758,1557,0.35,6.5377993703648345,0,0
TG_0368,Park2024_Fig4e_normal,normal_beagle,computed_park_eq,0.11707497132354712,0.5669001997154268,0.4007021499117179,0.6248171358403477,0.3715736611551802,0.6472493343902803,0.509031507887723,0.11307976107553874,2304,0.349,7.2586482220599216,0,0
TG_0369,Park2024_Fig4e_normal,normal_beagle,computed_park_eq,0.1445302102280705,0.6755365240454574,0.35150817231163484,0.5500338256229881,0.3235874285102306,0.6241053932538769,0.5241993244852864,0.07987560996239727,1004,0.358,8.960873034140372,0,0
TG_0370,Park2024_Fig4e_normal,normal_beagle,computed_park_eq,0.1168058852619266,0.6741568178043476,0.44871112506956734,0.6799381703224925,0.33172866957524855,0.6460871140540744,0.5158599330070439,0.01714286549969692,1104,0.35,7.241964886239449,0,0
TG_0371,Park2024_Fig4e_normal,normal_beagle,computed_park_eq,0.13233534943531647,0.7378605071814203,0.5329467907953054,0.583400980664994,0.45719267070825226,0.5846492878709063,0.5085683339778146,0.132842964636266,1215,0.361,8.20479166498962,0,0
TG_0372,Park2024_Fig4e_normal,normal_beagle,computed_park_eq,0.12694720707367896,0.678660318727181,0.5644690364822271,0.6193949559109888,0.40918262571615704,0.6005276588143672,0.5125538673810451,0.13112560232355389,1224,0.364,7.870726838568096,0,0
TG_0373,Park2024_Fig4e_normal,normal_beagle,computed_park_eq,0.06895018948597657,0.6978895506478425,0.43538823390877646,0.45503265892103034,0.4564922058684423,0.6265119753544695,0.5126416829298119,0.01135495909646812,1341,0.332,4.274911748130547,0,0
TG_0374,Park2024_Fig4e_normal,normal_beagle,computed_park_eq,0.10341707618237228,0.6619435582375855,0.30465249918797765,0.48426458955587315,0.262386907786817,0.4583970857819177,0.5135482062940177,0.027258493984223475,1091,0.339,6.411858723307081,0,0
TG_0375,Park2024_Fig4e_normal,normal_beagle,computed_park_eq,0.10623362662898092,0.7454268356302853,0.43514357144117854,0.5540104630674747,0.49676532618732505,0.4963096871930098,0.5459782157773834,0.0064256332678669864,1122,0.33,6.5864848509968175,0,0
TG_0376,Park2024_Fig4e_normal,normal_beagle,computed_park_eq,0.12392951350406015,0.5550278314761883,0.40515616028584855,0.5117599821278652,0.2206141033171883,0.5239148398853546,0.5124966963817458,0.1084106628358207,1945,0.331,7.683629837251729,0,0
TG_0377,Park2024_Fig4e_normal,normal_beagle,computed_park_eq,0.11016593781834669,0.5948066342951123,0.549410311866591,0.6526976514249803,0.3119723469137702,0.5763977360792378,0.4866760121591141,0.015551787110141473,1871,0.32,6.830288144737494,0,0
TG_0378,Park2024_Fig4e_normal,normal_beagle,computed_park_eq,0.08731832768915948,0.5166158314440681,0.5299545148597754,0.5751140763194091,0.4345879931473877,0.6003493984791681,0.5362101450370487,0.07770120996069373,2178,0.291,5.413736316727888,0,0
TG_0379,Park2024_Fig4e_normal,normal_beagle,computed_park_eq,0.12147853863938537,0.6855632967997718,0.3509643018152206,0.45849255997008675,0.46712285516579855,0.5999955596904142,0.5435759942090226,0.1138072981745881,1698,0.329,7.531669395641893,0,0
TG_0380,Park2024_Fig4e_normal,normal_beagle,computed_park_eq,0.12583618440693137,0.6082907778287916,0.5322908048833785,0.6557754864815029,0.36249392546502796,0.6016534584112119,0.5014833159236199,0.06224568231001173,1066,0.319,7.801843433229745,0,0
TG_0381,Park2024_Fig4e_normal,normal_beagle,computed_park_eq,0.0820086124991929,0.5784567020561039,0.37245018839785005,0.46447379111091874,0.3274552528604261,0.6315677027767068,0.5154941752717103,0.02818805712229845,1392,0.308,5.08453397494996,0,0
TG_0382,Park2024_Fig4e_normal,normal_beagle,computed_park_eq,0.08400179785447236,0.6461670225414562,0.3400951744231554,0.5331577565263903,0.33523288516590916,0.641699567133548,0.5101760803836303,0.08240139673541365,1304,0.304,5.208111466977286,0,0
TG_0383,Park2024_Fig4e_normal,normal_beagle,computed_park_eq,0.0953917048685485,0.6590935703833436,0.3973535400526026,0.4808535586876818,0.25727797552149306,0.5889281917787456,0.4953100929098549,0.08929548988912335,2409,0.3,5.914285701850007,0,0
TG_0384,Park2024_Fig4e_normal,normal_beagle,computed_park_eq,0.09711711605155633,0.6654922361984672,0.5444819185621618,0.6334075729433959,0.4282553992792345,0.48754448113845045,0.4861869462889163,0.10484232427310784,1003,0.313,6.021261195196493,0,0
TG_0385,Park2024_Fig4e_normal,normal_beagle,computed_park_eq,0.09962750602290579,0.6159975328661063,0.37920130498783977,0.5245722917002121,0.4665392329768762,0.6148653783758539,0.5241027914935987,0.1287180591376655,1701,0.339,6.176905373420159,0,0
TG_0386,Park2024_Fig4e_normal,normal_beagle,computed_park_eq,0.101614792486558,0.6072462329602226,0.3603195456149835,0.5542603120028018,0.42086866475856505,0.5372839197459186,0.5266740336848729,0.014149113943656543,2087,0.35,6.300117134166596,0,0
TG_0387,Park2024_Fig4e_normal,normal_beagle,computed_park_eq,0.10562944144030569,0.516813978491842,0.3284753810465009,0.6996677836099872,0.2979917748277733,0.5996367824097693,0.5364665537118772,0.12870349065108438,1164,0.312,6.549025369298953,0,0
TG_0388,Park2024_Fig4e_normal,normal_beagle,computed_park_eq,0.07035804630052482,0.6164564383057811,0.4713486895867083,0.4912090817343999,0.2954313340710416,0.642231883142033,0.5424197605641923,0.12737685082525563,1749,0.308,4.362198870632539,0,0
TG_0389,Park2024_Fig4e_normal,normal_beagle,computed_park_eq,0.05941324119054676,0.66358550137318,0.3696054540926432,0.4043144338216255,0.4293060159309282,0.5747486169728018,0.5333611837150672,0.005840702503149842,1006,0.289,3.683620953813899,0,0
TG_0390,Park2024_Fig4e_normal,normal_beagle,computed_park_eq,0.10094874308407396,0.6279089294737693,0.3016038482563093,0.6815241231574432,0.3244445358166842,0.5304669910474665,0.5073415525307248,0.010399249558164713,2364,0.289,6.2588220712125855,0,0
TG_0391,Park2024_Fig4e_normal,normal_beagle,computed_park_eq,0.09469734278226744,0.6768492500082319,0.4167691415075365,0.4686626387450497,0.3790555630663278,0.6356364196227904,0.5450397664010824,0.051285791715823544,2014,0.321,5.871235252500581,0,0
TG_0392,Park2024_Fig4e_normal,normal_beagle,computed_park_eq,0.12053355204473733,0.5529089746424654,0.598689332849665,0.6943353723603807,0.3948526789122342,0.6108828119354948,0.530057011289859,0.08897373285592022,1087,0.301,7.473080226773714,0,0
TG_0393,Park2024_Fig4e_normal,normal_beagle,computed_park_eq,0.1264917597651258,0.6693829034709211,0.4119367855267151,0.6825075959974092,0.2502071096710343,0.5500718892431121,0.5283618783585576,0.10457037088377139,1800,0.299,7.8424891054378,0,0
TG_0394,Park2024_Fig4e_normal,normal_beagle,computed_park_eq,0.0871394058149188,0.5174501636536573,0.4664063129340259,0.6243383049278117,0.4430775760098594,0.5327654930641592,0.49429165914177703,0.006351341815857575,1742,0.306,5.402643160524966,0,0
TG_0395,Park2024_Fig4e_normal,normal_beagle,computed_park_eq,0.10814675445914812,0.5151512269287275,0.5056186030338017,0.40748986663601716,0.25143025301316285,0.5407157999845669,0.5118410709962008,0.10285508144004658,965,0.311,6.705098776467183,0,0
TG_0396,Park2024_Fig4e_normal,normal_beagle,computed_park_eq,0.09687909571967751,0.6339837697130295,0.4465486897979716,0.520566159967219,0.24610731285326137,0.5645214465764045,0.4993908767028185,0.13819612683194632,2361,0.313,6.006503934620006,0,0
TG_0397,Park2024_Fig4e_normal,normal_beagle,computed_park_eq,0.08629584640970471,0.648520695142428,0.5107920617574686,0.4199582824632566,0.2692383961779595,0.63313444645233,0.5231420144563028,0.036942902821579734,1741,0.299,5.350342477401692,0,0
TG_0398,Park2024_Fig4e_normal,normal_beagle,computed_park_eq,0.09827352355133467,0.6647613525330581,0.36336954944187927,0.6588990494076616,0.46582803059396244,0.4893307169905918,0.5316198260039474,0.04297793233906844,2334,0.301,6.09295846018275,0,0
TG_0399,Park2024_Fig4e_normal,normal_beagle,computed_park_eq,0.09206113857922911,0.554056752281945,0.5073635428159621,0.5809118665159849,0.3856974694095765,0.6381546599379002,0.5343138072965115,0.019190538676767475,1179,0.308,5.707790591912205,0,0
TG_0400,Park2024_Fig4e_normal,normal_beagle,computed_park_eq,0.08834180572973216,0.5167541344378025,0.5926029400437212,0.645092172181551,0.45576422637379116,0.6375930462867789,0.48595724402838497,0.057839638877,1894,0.3,5.477191955243394,0,0
TG_0401,Park2024_Fig4e_normal,normal_beagle,computed_park_eq,0.07827108093636782,0.6172768027618947,0.38056865023609276,0.43029343204532833,0.2502473267282323,0.4794551127104182,0.5481153758538609,0.11389387603777104,1383,0.287,4.852807018054805,0,0
TG_0402,Park2024_Fig4e_normal,normal_beagle,computed_park_eq,0.0784933245724796,0.6099351216269772,0.38351054449879696,0.639487959162756,0.297876175412344,0.5098766747410697,0.4962754194545482,0.019451846733635304,838,0.29,4.866586123493735,0,0
TG_0403,Park2024_Fig4e_normal,normal_beagle,computed_park_eq,0.06580807958919595,0.5756197572919817,0.5926119831439263,0.4510346251927845,0.4694714191859705,0.6053606664279776,0.4853535968849519,0.1480093652251273,2199,0.288,4.080100934530149,0,0
TG_0404,Park2024_Fig4e_normal,normal_beagle,computed_park_eq,0.0743493646248203,0.5206842089045475,0.44536139852400325,0.4907258533835609,0.36902250934515624,0.610760978096695,0.489600394170692,0.08710486268314274,2247,0.308,4.609660606738858,0,0
TG_0405,Park2024_Fig4e_normal,normal_beagle,computed_park_eq,0.07609840787938799,0.5007852265120305,0.35227302049361386,0.6626216875365503,0.3325239474913121,0.6468468998468868,0.5076995574501655,0.10727796821703618,980,0.302,4.718101288522055,0,0
TG_0406,Park2024_Fig4e_normal,normal_beagle,computed_park_eq,0.07465586283437778,0.6046518187295825,0.4375294272394314,0.6175018228897355,0.3722862725270633,0.5834424674388362,0.534393449995623,0.12933044604872831,2094,0.3,4.6286634957314226,0,0
TG_0407,Park2024_Fig4e_normal,normal_beagle,computed_park_eq,0.12304051145945753,0.7351048018251867,0.30474695159904625,0.556828042468561,0.341260206866953,0.5812110043951408,0.519170519812574,0.10305587258737207,1243,0.311,7.628511710486367,0,0
TG_0408,Park2024_Fig4e_normal,normal_beagle,computed_park_eq,0.09682039461458991,0.5903509447667966,0.5579384024434937,0.522041440285517,0.29846993170350183,0.5407979822399398,0.5333712871072408,0.01890030417959914,1676,0.291,6.002864466104574,0,0
TG_0409,Park2024_Fig4e_normal,normal_beagle,computed_park_eq,0.11905230998470415,0.6224061155125612,0.49342357457304553,0.4689480177392855,0.36579868033302443,0.5244346510493795,0.5263167081740433,0.02118353150597242,2245,0.279,7.381243219051657,0,0
TG_0410,Park2024_Fig4e_normal,normal_beagle,computed_park_eq,0.11335238808274463,0.7136758625232994,0.34959068584138836,0.6562782366992006,0.34722950201370817,0.5313113567616209,0.5432233545184101,0.09057764738104168,1221,0.276,7.027848061130167,0,0
TG_0411,Park2024_Fig4e_normal,normal_beagle,computed_park_eq,0.09552904460176836,0.5357502806664316,0.41236447301387436,0.6393196790044642,0.31021721860912116,0.46740344366055775,0.5189749437649732,0.1267681277244052,2078,0.302,5.922800765309638,0,0
TG_0412,Park2024_Fig4e_normal,normal_beagle,computed_park_eq,0.09401297411163019,0.5844123254998086,0.596556494398634,0.4075712037544793,0.275793809186386,0.5540148122222301,0.5165367102434995,0.08833996124183462,1187,0.278,5.828804394921072,0,0
TG_0413,Park2024_Fig4e_normal,normal_beagle,computed_park_eq,0.09586222585747108,0.6875664409847105,0.34561457022734754,0.5374970783762726,0.30536581620463427,0.4687553052514033,0.5140291339650447,0.1381109475513953,908,0.279,5.943458003163206,0,0
TG_0414,Park2024_Fig4e_normal,normal_beagle,computed_park_eq,0.11124399238086315,0.7361664330427737,0.48298246757881547,0.67735674061957,0.43574379364051197,0.5679895765603618,0.48045046480477566,0.1158774429119106,2095,0.29,6.897127527613515,0,0
TG_0415,Park2024_Fig4e_normal,normal_beagle,computed_park_eq,0.11004229820808048,0.6282305411936915,0.5112249813964017,0.6805516260179479,0.3127415047538259,0.5916243669801251,0.5132981472607672,0.10115994777209723,1405,0.279,6.82262248890099,0,0
TG_0416,Park2024_Fig4e_normal,normal_beagle,computed_park_eq,0.09741844719947705,0.5511120931160682,0.4021234668342779,0.5531742272378679,0.38453874216235995,0.6321211434428844,0.5156897806685321,0.0751913466938594,1270,0.28,6.039943726367577,0,0
TG_0417,Park2024_Fig4e_normal,normal_beagle,computed_park_eq,0.056728632560451485,0.7132454988326479,0.5785150516908922,0.6989194881037166,0.438802220728185,0.6007468140856009,0.4950850531207286,0.05040105884851631,939,0.261,3.517175218747992,0,0
TG_0418,Park2024_Fig4f_diabetic,diabetic_beagle,computed_park_eq,0.25582112834100557,0.6811495717119073,0.33347789998717425,0.5824958500023315,0.2843149250500667,0.4846992100710044,0.5065826066043523,0.12021686643344304,1682,0.75,15.860909957142344,1,0
TG_0419,Park2024_Fig4f_diabetic,diabetic_beagle,computed_park_eq,0.23166940901020908,0.6931928549162698,0.3710799974719946,0.6032179389666619,0.3697344664522989,0.6358289434423374,0.507112576258272,0.009924778325166066,1292,0.746,14.363503358632963,1,0
TG_0420,Park2024_Fig4f_diabetic,diabetic_beagle,computed_park_eq,0.2477950015987113,0.7067146402431883,0.45742069129842966,0.6325732155504847,0.2703276800034544,0.5190167491026467,0.4821072710547923,0.14422384868611682,1886,0.749,15.3632900991201,1,0
TG_0421,Park2024_Fig4f_diabetic,diabetic_beagle,computed_park_eq,0.24738161635752706,0.6493231050883673,0.4960150495436042,0.45769296881008825,0.2886963624837456,0.5739231853889845,0.5219739297921945,0.07594954640314017,2041,0.76,15.337660214166679,1,0
TG_0422,Park2024_Fig4f_diabetic,diabetic_beagle,computed_park_eq,0.23493050619529457,0.7282327511936725,0.4019310726896531,0.5366857469311754,0.40343414928626264,0.5586042861733529,0.504282018345507,0.06534671856847647,882,0.749,14.565691384108263,1,0
TG_0423,Park2024_Fig4f_diabetic,diabetic_beagle,computed_park_eq,0.22395243126805633,0.5197348507366388,0.4328394409631212,0.4783145578704544,0.30301601065329326,0.6169143580511256,0.5454839159469247,0.027859960800777843,1169,0.751,13.885050738619492,1,0
TG_0424,Park2024_Fig4f_diabetic,diabetic_beagle,computed_park_eq,0.2207168899895889,0.7321576405288486,0.31854253820676676,0.4277081584334136,0.24883729676186883,0.5690425668253749,0.4905330589704198,0.14521145721761003,1336,0.751,13.684447179354512,1,0
TG_0425,Park2024_Fig4f_diabetic,diabetic_beagle,computed_park_eq,0.2415858018237775,0.5682601548319517,0.35315775030335733,0.4882800209911343,0.23443907817538404,0.6383065820568883,0.5348944322055688,0.0693586765368811,904,0.735,14.978319713074205,1,0
TG_0426,Park2024_Fig4f_diabetic,diabetic_beagle,computed_park_eq,0.25433563623075556,0.6658808984783631,0.4233592466647637,0.5207218777897935,0.46537606646888413,0.6291125696263677,0.5436422684837511,0.047081711477254096,982,0.75,15.768809446306843,1,0
TG_0427,Park2024_Fig4f_diabetic,diabetic_beagle,computed_park_eq,0.23960738974089058,0.6824279766243555,0.5820662416713855,0.5811390975787288,0.4589406613207217,0.6144989298580454,0.49213401370826965,0.07287261433689472,1683,0.75,14.855658163935216,1,0
TG_0428,Park2024_Fig4f_diabetic,diabetic_beagle,computed_park_eq,0.2326076614397975,0.5719863356689981,0.4478458753598473,0.4899826209331068,0.37882458657149176,0.5367687845710488,0.4915083870355215,0.017487461183354508,869,0.77,14.421675009267444,1,0
TG_0429,Park2024_Fig4f_diabetic,diabetic_beagle,computed_park_eq,0.23735755065493094,0.6832500268056558,0.4975984064819301,0.6794664742928442,0.4462943051897422,0.5633210517810926,0.5259921348763875,0.13475796998760523,2065,0.75,14.716168140605719,1,0
TG_0430,Park2024_Fig4f_diabetic,diabetic_beagle,computed_park_eq,0.2479029471096567,0.6401449522502621,0.582797753089989,0.42482021188710123,0.27618133157710884,0.6059976653821089,0.4869116044817866,0.011349165585616628,1348,0.731,15.369982720798717,1,0
TG_0431,Park2024_Fig4f_diabetic,diabetic_beagle,computed_park_eq,0.2650979702905847,0.5081108615117967,0.49761529161810664,0.5596875627854363,0.23097950266251455,0.48450477538927245,0.5197582008121256,0.044453642026993256,2268,0.742,16.43607415801625,1,0
TG_0432,Park2024_Fig4f_diabetic,diabetic_beagle,computed_park_eq,0.25192158123245334,0.5615610402426501,0.42706437479756887,0.6380711963616404,0.20953354530719734,0.6064101538527517,0.49680495183412965,0.021646380108240455,1342,0.749,15.619138036412107,1,0
TG_0433,Park2024_Fig4f_diabetic,diabetic_beagle,computed_park_eq,0.2511691237670726,0.614482248608507,0.3679564878108317,0.5841910918975698,0.2758574354750334,0.5655263508688846,0.5051446122887884,0.12353283399177285,2032,0.771,15.572485673558504,1,0
TG_0434,Park2024_Fig4f_diabetic,diabetic_beagle,computed_park_eq,0.2738627229401286,0.5191099652598619,0.5687652543577979,0.6381788157579894,0.2474911700316843,0.4603571777465634,0.5190117402720016,0.023405371700996536,965,0.862,16.979488822287973,1,0
TG_0435,Park2024_Fig4f_diabetic,diabetic_beagle,computed_park_eq,0.2730171454959567,0.7102271776007267,0.36637160893381915,0.51429738210052,0.44252172166810727,0.6147247221497947,0.5069227753185138,0.06886860349300213,2068,0.922,16.927063020749316,1,0
TG_0436,Park2024_Fig4f_diabetic,diabetic_beagle,computed_park_eq,0.24386214229006295,0.5510616897280418,0.3050268913477147,0.6037597453603508,0.22297047753006172,0.5341522403531852,0.5221177514812807,0.14056634173795154,1785,0.901,15.119452821983902,1,0
TG_0437,Park2024_Fig4f_diabetic,diabetic_beagle,computed_park_eq,0.2984352892575684,0.6641024008751643,0.5913452722104857,0.5686566433193575,0.4144259829331838,0.46369009051320337,0.5092366897071896,0.01745377277467438,818,0.98,18.50298793396924,1,0
TG_0438,Park2024_Fig4f_diabetic,diabetic_beagle,computed_park_eq,0.3089489503053257,0.6933930254326801,0.3132121138165393,0.608000546120412,0.3944707692146291,0.4962960191825977,0.5276947109268945,0.14102747868781237,843,0.969,19.154834918930195,1,0
TG_0439,Park2024_Fig4f_diabetic,diabetic_beagle,computed_park_eq,0.35572591983713286,0.5933644862831763,0.37660091212897323,0.4317622954639388,0.3064693050459662,0.532634503441544,0.5273076047572852,0.09872397364463602,1679,1.073,22.05500702990224,1,0
TG_0440,Park2024_Fig4f_diabetic,diabetic_beagle,computed_park_eq,0.4040649237068949,0.5542390614659699,0.38640160377721233,0.5668984021771237,0.2087465558066267,0.6314497888712811,0.4909398596684843,0.03301330153070798,1036,1.18,25.052025269827485,1,0
TG_0441,Park2024_Fig4f_diabetic,diabetic_beagle,computed_park_eq,0.41681631578771433,0.5794236743867905,0.5906023816723072,0.47870289003428373,0.29391504351894404,0.6172996981236067,0.4835150102183319,0.06969197532134562,902,1.308,25.842611578838287,1,0
TG_0442,Park2024_Fig4f_diabetic,diabetic_beagle,computed_park_eq,0.4880956617588754,0.6588535892154774,0.48894619633041225,0.5209631899551468,0.42571936469113636,0.5562588036701864,0.5274206649859806,0.06426868557731931,1371,1.482,30.261931029050277,1,0
TG_0443,Park2024_Fig4f_diabetic,diabetic_beagle,computed_park_eq,0.5142203342879005,0.6645137459653052,0.3024177310026359,0.6829524468883854,0.2711433397933134,0.4715228369519718,0.5337689724866618,0.07507159738000772,2441,1.527,31.88166072584983,1,0
TG_0444,Park2024_Fig4f_diabetic,diabetic_beagle,computed_park_eq,0.5716893333782196,0.7110530813215358,0.4452061717528212,0.5542286327653779,0.2925404844468452,0.5646084401238032,0.5027647837393348,0.005890412136247847,1634,1.757,35.44473866944961,1,0
TG_0445,Park2024_Fig4f_diabetic,diabetic_beagle,computed_park_eq,0.6137453163354336,0.6741737778591872,0.3973037423085167,0.47016907944166103,0.26326586830423643,0.6214383314119177,0.5374298774181314,0.0660860292018461,2016,1.85,38.05220961279689,1,0
TG_0446,Park2024_Fig4f_diabetic,diabetic_beagle,computed_park_eq,0.6091379605732756,0.600053068962418,0.5349893948868143,0.47977853518963565,0.4970996911380945,0.45515391975287023,0.5222470164550785,0.09892589724769907,1024,1.821,37.76655355554309,1,0
TG_0447,Park2024_Fig4f_diabetic,diabetic_beagle,computed_park_eq,0.6234483237889932,0.5495238791800724,0.31970763494689775,0.6661357951671094,0.32595460930589526,0.5493791037000098,0.5441859433740641,0.11644357162739216,2060,1.998,38.65379607491758,1,0
TG_0448,Park2024_Fig4f_diabetic,diabetic_beagle,computed_park_eq,0.6533841536321319,0.6413549919019356,0.4326756829558677,0.6391633217736288,0.41726976428358475,0.5880811443822144,0.5038381384835928,0.12074455955988816,1848,2.03,40.509817525192176,1,0
TG_0449,Park2024_Fig4f_diabetic,diabetic_beagle,computed_park_eq,0.6645830013344741,0.5407547784537216,0.3701438499279192,0.4071123260933555,0.4504841617083211,0.6449381192097103,0.48948216757562835,0.03472128206479472,2399,1.978,41.204146082737395,1,0
TG_0450,Park2024_Fig4f_diabetic,diabetic_beagle,computed_park_eq,0.6428849946571406,0.5694297718377109,0.31077905465579186,0.6780749038993323,0.2641094424710985,0.534000814816281,0.4806780817918677,0.12869326363725858,986,1.881,39.85886966874271,1,0
TG_0451,Park2024_Fig4f_diabetic,diabetic_beagle,computed_park_eq,0.6015424348013465,0.6968429895373183,0.39192984681101145,0.4120774009027697,0.376505666294946,0.5295368828866109,0.5481660289350005,0.08162979937555533,1626,1.85,37.295630957683485,1,0
TG_0452,Park2024_Fig4f_diabetic,diabetic_beagle,computed_park_eq,0.5626375800841736,0.6338419852954128,0.4698214939344495,0.6254358833378031,0.23958959588718853,0.5526366167513558,0.4936113351102182,0.013979417934404203,940,1.721,34.88352996521876,1,0
TG_0453,Park2024_Fig4f_diabetic,diabetic_beagle,computed_park_eq,0.5526214531962236,0.5560796397133816,0.36782372130316876,0.6451915936639709,0.47911952605079766,0.46907218425460073,0.5115041047598358,0.05061814184463435,875,1.67,34.26253009816586,1,0
TG_0454,Park2024_Fig4f_diabetic,diabetic_beagle,computed_park_eq,0.5308473999473647,0.5718316791272255,0.38392379033072127,0.49959948827132955,0.3988388822629165,0.6241267762966981,0.5331360852788947,0.10912938453376424,1027,1.602,32.91253879673661,1,0
TG_0455,Park2024_Fig4f_diabetic,diabetic_beagle,computed_park_eq,0.5340207571399852,0.5540626320466322,0.3625765103223152,0.48891760206258505,0.473240801290944,0.5594829680759452,0.5313733763901309,0.05198381397248214,1717,1.61,33.109286942679084,1,0
TG_0456,Park2024_Fig4f_diabetic,diabetic_beagle,computed_park_eq,0.5241023613019336,0.5313913946593128,0.3513884873465011,0.6482069664478436,0.37545158950666463,0.5175064931767638,0.5361995846296883,0.03697798584569745,1020,1.511,32.49434640071988,1,0
TG_0457,Park2024_Fig4f_diabetic,diabetic_beagle,computed_park_eq,0.4666954391629896,0.5779779763841764,0.33663345477728635,0.43334114419960373,0.39443151036023705,0.6250236089116095,0.5353364357190171,0.021166139103202662,2111,1.498,28.935117228105355,1,0
TG_0458,Park2024_Fig4f_diabetic,diabetic_beagle,computed_park_eq,0.4624326001329108,0.7060876118123374,0.4190976486622422,0.44689509121265825,0.4213852842192777,0.5220949010283108,0.5269889577660393,0.040596591297264846,1388,1.482,28.670821208240472,1,0
TG_0459,Park2024_Fig4f_diabetic,diabetic_beagle,computed_park_eq,0.48633124009788975,0.6444517625627711,0.5598304636133504,0.48683185648584637,0.34030436374546313,0.5738779938733004,0.5087833333108643,0.0641229681135402,1115,1.46,30.152536886069164,1,0
TG_0460,Park2024_Fig4f_diabetic,diabetic_beagle,computed_park_eq,0.49563111874597077,0.6663413021047261,0.4502132777510014,0.5934583668444939,0.20705974832422963,0.5359245727793689,0.49952566532514336,0.01937616678646656,1140,1.462,30.729129362250188,1,0
TG_0461,Park2024_Fig4f_diabetic,diabetic_beagle,computed_park_eq,0.46324970645523,0.6913408409645102,0.37590790227607596,0.659668714951661,0.23085277764724302,0.47519103927587164,0.5485406088570431,0.10107583474050069,1292,1.47,28.72148180022426,1,0
TG_0462,Park2024_Fig4f_diabetic,diabetic_beagle,computed_park_eq,0.4557166081390087,0.5337700365564402,0.3455326229553306,0.6668729854991476,0.48317848504293737,0.6031658078469819,0.4803783446570869,0.00020194064348455498,2419,1.433,28.25442970461854,1,0
TG_0463,Park2024_Fig4f_diabetic,diabetic_beagle,computed_park_eq,0.4787726815193497,0.5565681075007965,0.5077062918463242,0.469999846794798,0.3875990509863362,0.5994156534258058,0.49530997222345774,0.008991495129196241,2060,1.421,29.68390625419968,1,0
TG_0464,Park2024_Fig4f_diabetic,diabetic_beagle,computed_park_eq,0.4430046887969255,0.6514992418177563,0.5548339218677206,0.41349904637062734,0.4202453777124939,0.5182637291900104,0.5134969858943665,0.13932893247683484,2247,1.399,27.46629070540938,1,0
TG_0465,Park2024_Fig4f_diabetic,diabetic_beagle,computed_park_eq,0.4666576726628678,0.710503915376686,0.4448140419230803,0.6332366401547156,0.4018541400465634,0.5948509054998267,0.514481930365527,0.09501176103631906,1368,1.37,28.932775705097804,1,0
TG_0466,Park2024_Fig4f_diabetic,diabetic_beagle,computed_park_eq,0.4522073060483362,0.7413256809076,0.3151250320806627,0.6671152962565798,0.37306436039336255,0.5627839133511248,0.5150194974645432,0.010409112885627509,1645,1.363,28.036852974996844,1,0
TG_0467,Park2024_Fig4f_diabetic,diabetic_beagle,computed_park_eq,0.4422415075142378,0.5376718717502085,0.5554782957912656,0.6974360703528375,0.41805164931447125,0.6069539363649976,0.5496090687291212,0.09082218757889181,1919,1.338,27.418973465882743,1,0
TG_0468,Park2024_Fig4f_diabetic,diabetic_beagle,computed_park_eq,0.4388315950459526,0.6690902669681811,0.503889954718543,0.6837773932096259,0.2887472292489608,0.45022241883923747,0.4990368191578739,0.0326837069440116,2275,1.331,27.20755889284906,1,0
TG_0469,Park2024_Fig4f_diabetic,diabetic_beagle,computed_park_eq,0.4203049355089031,0.6105916332756047,0.31274097277695995,0.6053878582794898,0.47081165313360684,0.6174526014277018,0.48891586314135166,0.01894067056615978,2350,1.332,26.05890600155199,1,0
TG_0470,Park2024_Fig4f_diabetic,diabetic_beagle,computed_park_eq,0.4337961354294719,0.5236047244151203,0.549455499933667,0.6755192626244674,0.3949364140292899,0.4706868229720967,0.5081419051821768,0.10934088001577358,1005,1.351,26.895360396627257,1,0
TG_0471,Park2024_Fig4f_diabetic,diabetic_beagle,computed_park_eq,0.41705460958722723,0.563620332904565,0.30386924093685763,0.5620898220284499,0.45534522062779453,0.6415263292545176,0.5196021465429302,0.07716919916098412,1125,1.328,25.85738579440809,1,0
TG_0472,Park2024_Fig4f_diabetic,diabetic_beagle,computed_park_eq,0.4439906700187221,0.7030645302475855,0.4152127915173301,0.5998803584437116,0.49665065941674935,0.4951455447678255,0.5072929822403757,0.07200710659651284,1739,1.293,27.52742154116077,1,0
TG_0473,Park2024_Fig4f_diabetic,diabetic_beagle,computed_park_eq,0.416876136441223,0.6329679416262541,0.5620855586211646,0.6986706701472063,0.3748143348034044,0.6124947642088343,0.5028858717035672,0.04586159361709367,1505,1.282,25.846320459355827,1,0
TG_0474,Park2024_Fig4f_diabetic,diabetic_beagle,computed_park_eq,0.42140346770780096,0.6681268156684123,0.5046575067765297,0.4945718303948352,0.2399629772409886,0.5764792512931017,0.4889828103532135,0.08677387623439951,2027,1.28,26.12701499788366,1,0
TG_0475,Park2024_Fig4f_diabetic,diabetic_beagle,computed_park_eq,0.385087190383637,0.7010239174083982,0.4277813125400818,0.6984052495589461,0.22775013138168915,0.6060695725480317,0.527159121347951,0.11512482458860582,2299,1.265,23.875405803785494,1,0
TG_0476,Park2024_Fig4f_diabetic,diabetic_beagle,computed_park_eq,0.4158299925362934,0.6107584265844048,0.48513178332859686,0.6549877991509616,0.2588737150118497,0.4751099579796954,0.5474435963232029,0.016206683906461065,1849,1.253,25.78145953725019,1,0
TG_0477,Park2024_Fig4f_diabetic,diabetic_beagle,computed_park_eq,0.38203838344997476,0.6928780154996219,0.49557025966873813,0.6497251550230758,0.4926419084942065,0.5448328592543973,0.4846685716983814,0.007213846561805314,1865,1.229,23.686379773898434,1,0
TG_0478,Park2024_Fig4f_diabetic,diabetic_beagle,computed_park_eq,0.37773551477613776,0.7050168755139123,0.3124736879539781,0.5494389830644127,0.4067931236308071,0.5004623854139374,0.5015439633705204,0.09204568544840756,2400,1.211,23.41960191612054,1,0
TG_0479,Park2024_Fig4f_diabetic,diabetic_beagle,computed_park_eq,0.3903756299333693,0.5339220794480698,0.5680905760038402,0.4223915293238287,0.4723206299532538,0.6493131312577964,0.5290302259409553,0.11556708316109846,1451,1.198,24.203289055868893,1,0
TG_0480,Park2024_Fig4f_diabetic,diabetic_beagle,computed_park_eq,0.384489830121992,0.5896553954883978,0.5734017570235892,0.40628023534802,0.2947319453748488,0.46137627955552935,0.5336569121355139,0.10531611811706888,915,1.161,23.838369467563503,1,0
TG_0481,Park2024_Fig4f_diabetic,diabetic_beagle,computed_park_eq,0.360858891983254,0.6890634478556086,0.43625509882101177,0.5236839183494997,0.4804189746464903,0.5001758199781401,0.48843131379975957,0.08768146698891872,1166,1.16,22.373251302961748,1,0
TG_0482,Park2024_Fig4f_diabetic,diabetic_beagle,computed_park_eq,0.39192051907275705,0.5864062483941004,0.5447308213905322,0.5400184281303851,0.22301684805586558,0.4832105042963073,0.48427732673337426,0.07489544190214878,1762,1.121,24.299072182510937,1,0
TG_0483,Park2024_Fig4f_diabetic,diabetic_beagle,computed_park_eq,0.3389294313392907,0.6001760417086166,0.3345438535185603,0.6649820804278671,0.3244476966564056,0.5274548822849683,0.5261783191051332,0.06630501313966852,1043,1.15,21.013624743036026,1,0
TG_0484,Park2024_Fig4f_diabetic,diabetic_beagle,computed_park_eq,0.35239429122894533,0.5992369932335733,0.43661494064418227,0.5244881308239041,0.41914774324468984,0.47707108699465683,0.4938347454413791,0.027077734258863537,2264,1.12,21.84844605619461,1,0
TG_0485,Park2024_Fig4f_diabetic,diabetic_beagle,computed_park_eq,0.40110957299505107,0.6003654447722608,0.4014253228098784,0.43804720676512565,0.31752273516868346,0.482532163021097,0.5314055973544554,0.031324640324188496,1529,1.158,24.868793525693167,1,0
TG_0486,Park2024_Fig4f_diabetic,diabetic_beagle,computed_park_eq,0.41076893993257707,0.5537291328466798,0.31258922203309025,0.5090936076758349,0.22957826907258094,0.4732955699346674,0.4977982862011405,0.04432018869401389,1555,1.169,25.46767427581978,1,0
TG_0487,Park2024_Fig4f_diabetic,diabetic_beagle,computed_park_eq,0.3852283370590286,0.7270046363554156,0.41889378764946616,0.48889774056994,0.24304083710540603,0.48028910438707145,0.5102940039039273,0.08935197362422943,2352,1.178,23.88415689765977,1,0
TG_0488,Park2024_Fig4f_diabetic,diabetic_beagle,computed_park_eq,0.37005137067587135,0.6309158540136527,0.39573704694613876,0.5409746116100786,0.3507472630480796,0.4901541949513357,0.5020507260663712,0.11871146257604634,1067,1.179,22.943184981904025,1,0
TG_0489,Park2024_Fig4f_diabetic,diabetic_beagle,computed_park_eq,0.3921115633121969,0.5692673124283499,0.5822640508677612,0.4373037524292611,0.46254008558634563,0.6441880499209237,0.4924007466255838,0.10830990963056779,2487,1.18,24.310916925356207,1,0
TG_0490,Park2024_Fig4f_diabetic,diabetic_beagle,computed_park_eq,0.3904715899202996,0.6013557062847887,0.4548849897593022,0.5741935677728902,0.48078117447456786,0.5844501374588389,0.5136894565853466,0.12145125543988339,2453,1.171,24.209238575058578,1,0
TG_0491,Park2024_Fig4f_diabetic,diabetic_beagle,computed_park_eq,0.34343047055497666,0.7184687388802546,0.3038721683942976,0.4680071956224771,0.37006783887486083,0.5203084520099396,0.5227264246722829,0.0036165290113000237,971,1.137,21.292689174408554,1,0
TG_0492,Park2024_Fig4f_diabetic,diabetic_beagle,computed_park_eq,0.38123036095829044,0.5136413520706747,0.479838341897615,0.6707209828332024,0.3149646097841755,0.49326655552616544,0.510980414215297,0.00725440665731713,1177,1.113,23.636282379414006,1,0
TG_0493,Park2024_Fig4f_diabetic,diabetic_beagle,computed_park_eq,0.3308541689549279,0.5661179541667977,0.4510640944535658,0.4204327074170568,0.26545229887798194,0.6370756322614235,0.5126281404860943,0.06680797889668083,1908,1.09,20.51295847520553,1,0
TG_0494,Park2024_Fig4f_diabetic,diabetic_beagle,computed_park_eq,0.3459420465374634,0.6035352670539166,0.5873837579778413,0.5623341474636534,0.3815268555621615,0.49409752788294986,0.5237955552599094,0.08574114742244157,1228,1.079,21.448406885322733,1,0
TG_0495,Park2024_Fig4f_diabetic,diabetic_beagle,computed_park_eq,0.3443358859883117,0.6969355470755925,0.38500922066733545,0.6511711654665454,0.3628994397815808,0.5247616217734005,0.5237730971792963,0.0018511569090561009,2210,1.038,21.348824931275328,1,0
TG_0496,Park2024_Fig4f_diabetic,diabetic_beagle,computed_park_eq,0.35113913250196843,0.5461147627649708,0.36068818474746106,0.5160121171131934,0.2153450616861193,0.5295586881858196,0.5158195212980291,0.07249414274494878,1703,1.059,21.770626215122043,1,0
TG_0497,Park2024_Fig4f_diabetic,diabetic_beagle,computed_park_eq,0.31866017752169123,0.6186087234051838,0.3022002452508541,0.40774281785895455,0.3659871918869,0.5540898808330572,0.5496207392324682,0.030276275304563713,1133,1.025,19.756931006344857,1,0
TG_0498,Park2024_Fig4f_diabetic,diabetic_beagle,computed_park_eq,0.31920310590240597,0.7399477551012126,0.31460845451997893,0.4294023054342223,0.21321975847111443,0.487055370066708,0.5178889077659175,0.0968358272141142,800,1.016,19.79059256594917,1,0
TG_0499,Park2024_Fig4f_diabetic,diabetic_beagle,computed_park_eq,0.33594385788684034,0.6135695991974557,0.4354696759816725,0.6810783591193417,0.495209454283739,0.6092968778659162,0.532973066317285,0.10208372426686521,1219,0.988,20.8285191889841,1,0
TG_0500,Park2024_Fig4f_diabetic,diabetic_beagle,computed_park_eq,0.28191772491681183,0.5895349291322861,0.5968516000152967,0.6052942746776034,0.4846942001141004,0.47851131100662314,0.5067497632382798,0.08320977049235313,1457,0.96,17.478898944842335,1,0
TG_0501,Park2024_Fig4f_diabetic,diabetic_beagle,computed_park_eq,0.2857490284035529,0.513853972110561,0.3993439467492449,0.6297914724565536,0.3241036036955781,0.5805945843815878,0.5205733368059696,0.0033327723038370613,2072,0.932,17.71643976102028,1,0
TG_0502,Park2024_Fig4f_diabetic,diabetic_beagle,computed_park_eq,0.303631416613959,0.5246060472753422,0.5870161301668049,0.5798079175126497,0.4185968852709808,0.5130727486532235,0.5075202990645811,0.03553859908450852,2360,0.911,18.825147830065458,1,0
TG_0503,Park2024_Fig4f_diabetic,diabetic_beagle,computed_park_eq,0.30339464664069127,0.5519458552404228,0.47630910548626376,0.4337093445846957,0.29959594142981083,0.6063265116106494,0.5105936065289531,0.09416181223460045,2262,0.929,18.810468091722857,1,0
TG_0504,Park2024_Fig4f_diabetic,diabetic_beagle,computed_park_eq,0.2888216558833946,0.6956064530531969,0.5977543860485914,0.47220115442714594,0.46229220024112416,0.6161245520863583,0.49572601783492365,0.059899887029883386,1362,0.919,17.906942664770465,1,0
TG_0505,Park2024_Fig4f_diabetic,diabetic_beagle,computed_park_eq,0.30262619574619753,0.5041689533724598,0.35843204930616773,0.6431404651646397,0.28179519419374544,0.5963124239122268,0.5060484150669189,0.07828264922369148,1491,0.899,18.762824136264246,1,0
TG_0506,Park2024_Fig4f_diabetic,diabetic_beagle,computed_park_eq,0.3126633848934488,0.716605795884925,0.3178851976033977,0.6076151659119234,0.24199621301652888,0.5331637136036822,0.5184011890538283,0.06041092271202461,2166,0.89,19.385129863393825,1,0
TG_0507,Park2024_Fig4f_diabetic,diabetic_beagle,computed_park_eq,0.28448028305286926,0.6582006526653768,0.5306760133713505,0.6982244963936726,0.20332356577829291,0.5960346906621353,0.5200252521155186,0.06510782641214351,884,0.913,17.637777549277896,1,0
TG_0508,Park2024_Fig4f_diabetic,diabetic_beagle,computed_park_eq,0.30643853997807186,0.7478831939568467,0.36249461700255536,0.5066318012092186,0.40076570897746,0.5467605079721295,0.5092872673364833,0.05367168740033896,1290,0.94,18.999189478640456,1,0
TG_0509,Park2024_Fig4f_diabetic,diabetic_beagle,computed_park_eq,0.28688376421005796,0.6639758282745999,0.35964421828122084,0.4945031521550274,0.2673807320224655,0.46383071354370026,0.5379249119144972,0.03818108143824917,1958,0.95,17.786793381023593,1,0
TG_0510,Park2024_Fig4f_diabetic,diabetic_beagle,computed_park_eq,0.2857268710774653,0.6950531621339084,0.4691678763166207,0.4783487297532581,0.4084859358029143,0.5634781888312147,0.5357370526619472,0.1102537779284735,911,0.92,17.71506600680285,1,0
TG_0511,Park2024_Fig4f_diabetic,diabetic_beagle,computed_park_eq,0.28497425348592087,0.5793263693551216,0.57358787525989,0.418278616516216,0.4082052242317226,0.4865502331974872,0.5023331552032568,0.06232710945930989,2154,0.889,17.668403716127095,1,0
TG_0512,Park2024_Fig4f_diabetic,diabetic_beagle,computed_park_eq,0.2622908634058149,0.5714064971405608,0.5203824902131605,0.40718387958114505,0.37544834339173727,0.6382948475012131,0.49220864869780495,0.0707474236125893,2487,0.866,16.262033531160526,1,0
TG_0513,Park2024_Fig4f_diabetic,diabetic_beagle,computed_park_eq,0.2668743389241689,0.563403192714927,0.4926259522057197,0.48266097014225534,0.3483563375361224,0.4743390613453345,0.5211665546323813,0.04741165257648961,1020,0.871,16.546209013298473,1,0
TG_0514,Park2024_Fig4f_diabetic,diabetic_beagle,computed_park_eq,0.27011185935514415,0.7025402724899257,0.4289020090065444,0.6249579793864806,0.4739124400669568,0.5644245927444412,0.4926549605393666,0.040319642254529726,1671,0.852,16.74693528001894,1,0
TG_0515,Park2024_Fig4f_diabetic,diabetic_beagle,computed_park_eq,0.2420891288752915,0.6387834466882971,0.4763974888391498,0.5279499241725584,0.3846262339462506,0.4663149851222732,0.4861451765940712,0.025774419053648766,1341,0.792,15.009525990268072,1,0
TG_0516,Park2024_Fig4f_diabetic,diabetic_beagle,computed_park_eq,0.23981840195977117,0.6787248835228284,0.47369329396624354,0.4043826991326649,0.3081126477089512,0.5709678858725162,0.5071215907145777,0.12952198423692196,1420,0.798,14.868740921505813,1,0
TG_0517,Park2024_Fig4f_diabetic,diabetic_beagle,computed_park_eq,0.2596832785443594,0.6411476597333658,0.4989081611169442,0.6037199813486912,0.47952212099495245,0.649389883482334,0.5304110222651659,0.04308318138077262,1831,0.809,16.100363269750282,1,0
TG_0518,Park2024_Fig4f_diabetic,diabetic_beagle,computed_park_eq,0.2751308674889001,0.6596221961997839,0.3959229586223085,0.417135149011133,0.2412889203195084,0.45018588337399223,0.5432256539141296,0.0036926975761857883,1987,0.799,17.058113784311807,1,0
TG_0519,Park2024_Fig4f_diabetic,diabetic_beagle,computed_park_eq,0.29390863065443906,0.5597665960187574,0.5274121263033649,0.6280016634886295,0.29377940747249004,0.5321365266020566,0.49467831942011403,0.14648415349843563,2310,0.802,18.222335100575222,1,0
TG_0520,Park2024_Fig4f_diabetic,diabetic_beagle,computed_park_eq,0.2588760187081509,0.520931234461337,0.4157818532810782,0.5121841403437203,0.4658864649367153,0.480274234252655,0.4906320320635641,0.04928372248286977,2006,0.801,16.050313159905357,1,0
TG_0521,Park2024_Fig4f_diabetic,diabetic_beagle,computed_park_eq,0.2607186158129081,0.6823274501193015,0.47251817203764435,0.4620453679400189,0.3513367825008066,0.5124379473138259,0.5099226569716683,0.09678278637669958,2015,0.787,16.1645541804003,1,0
TG_0522,Park2024_Fig4f_diabetic,diabetic_beagle,computed_park_eq,0.23473437087933657,0.6590171050880564,0.4194841647267163,0.40204440937003844,0.3570221555202415,0.6343026783814836,0.5368454327706076,0.12378170568894466,1838,0.77,14.553530994518868,1,0
TG_0523,Park2024_Fig4f_diabetic,diabetic_beagle,computed_park_eq,0.25545582560828045,0.7115310526325579,0.3548440165617678,0.6868875644540083,0.31300293212883873,0.5178481322347672,0.4843701929094446,0.07292604811573244,1031,0.769,15.838261187713389,1,0
TG_0524,Park2024_Fig4f_diabetic,diabetic_beagle,computed_park_eq,0.24360618574371243,0.7030976810465377,0.32472179155858444,0.5799903574783198,0.34569405960028315,0.5591847066618,0.5448343641319042,0.13069728708702802,2345,0.741,15.10358351611017,1,0
TG_0525,Park2024_Fig4f_diabetic,diabetic_beagle,computed_park_eq,0.22556385150671482,0.6725807117251823,0.5835072193741706,0.6047621436301471,0.2994850547323502,0.5501158634861663,0.5252007530345738,0.07658556130927553,1938,0.729,13.984958793416318,1,0
TG_0526,Park2024_Fig4f_diabetic,diabetic_beagle,computed_park_eq,0.23603669343838496,0.5765117915571929,0.319105430250755,0.4531381432594762,0.2015418882756681,0.5390819042211574,0.48589787641925797,0.10239789075662985,2045,0.71,14.634274993179867,1,0
TG_0527,Park2024_Fig4f_diabetic,diabetic_beagle,computed_park_eq,0.2511761341844026,0.7008112261662016,0.5959689342343231,0.5793519960537055,0.22458972039309866,0.5793674457852762,0.5237485823863225,0.09575258661306477,1036,0.729,15.572920319432962,1,0
TG_0528,Park2024_Fig4f_diabetic,diabetic_beagle,computed_park_eq,0.22781863145614584,0.5134086978802077,0.5152394971835736,0.54264271456982,0.4547294059876028,0.5266794282116518,0.49177950119553987,0.12546632887048045,1489,0.743,14.124755150281041,1,0
TG_0529,Park2024_Fig4f_diabetic,diabetic_beagle,computed_park_eq,0.25098001437761286,0.5769685313185918,0.4431600238253883,0.6379189085111967,0.49437247923663863,0.6364977847179604,0.5453706159992374,0.06033356022706685,2093,0.702,15.560760891411997,1,0
TG_0530,Park2024_Fig4f_diabetic,diabetic_beagle,computed_park_eq,0.1923679398761525,0.6677532451332274,0.5091072498012899,0.5088948521211615,0.463783866847102,0.5950743200469715,0.4878813326570436,0.0611667051609244,1517,0.694,11.926812272321454,1,0
TG_0531,Park2024_Fig4f_diabetic,diabetic_beagle,computed_park_eq,0.21357081926855556,0.587449015451898,0.5587489522204756,0.4699218435672505,0.4085562398630197,0.5759256689877186,0.5404439225858381,0.019843192147655734,2311,0.69,13.241390794650444,1,0
TG_0532,Park2024_Fig4f_diabetic,diabetic_beagle,computed_park_eq,0.2121564175521156,0.5982804495517697,0.3417762212354112,0.4032145893086077,0.3632772011045753,0.6451557637097866,0.5058395335666444,0.05357885009895672,1688,0.67,13.153697888231166,1,0
TG_0533,Park2024_Fig4f_diabetic,diabetic_beagle,computed_park_eq,0.2054683498585542,0.6156483867762883,0.3099803913508075,0.43656642475968116,0.32475840182238425,0.4626259818415933,0.5077728539518871,0.07110093989226676,2180,0.658,12.73903769123036,1,0
TG_0534,Park2024_Fig4f_diabetic,diabetic_beagle,computed_park_eq,0.20225007203423068,0.6657865622438022,0.47860991104706174,0.5245436961978237,0.32665767016420344,0.6070127842092863,0.4936998848069754,0.12303799784173346,1433,0.648,12.539504466122303,1,0
TG_0535,Park2024_Fig4f_diabetic,diabetic_beagle,computed_park_eq,0.188231994097822,0.5692174923730031,0.3138189191045932,0.6792472224970342,0.39823955890727314,0.5992725768626483,0.5018100217707561,0.12684802834160136,1892,0.63,11.670383634064963,1,0
TG_0536,Park2024_Fig4f_diabetic,diabetic_beagle,computed_park_eq,0.20965795114997657,0.7301728501946549,0.4035050519773698,0.4164198120774958,0.2612726319105287,0.5337390286655368,0.4953744450016198,3.405573273833062e-05,1411,0.631,12.998792971298547,1,0
TG_0537,Park2024_Fig4f_diabetic,diabetic_beagle,computed_park_eq,0.16848252152397486,0.7055570281442527,0.5258545967646618,0.6198577561995493,0.46285774348086683,0.5945569201243043,0.4962288904200308,0.10583440674745366,1955,0.62,10.44591633448644,1,0
TG_0538,Park2024_Fig4f_diabetic,diabetic_beagle,computed_park_eq,0.20102795734163414,0.6280982051830266,0.404649572237589,0.5124474773049993,0.3863991872467122,0.5937436226524405,0.48774225192112125,0.005338534620971458,2405,0.62,12.463733355181317,1,0
TG_0539,Park2024_Fig4f_diabetic,diabetic_beagle,computed_park_eq,0.18461666176721556,0.6875651985218288,0.38235200205212344,0.5873991922851151,0.22434926733911437,0.5404404958207077,0.5317363995395068,0.10297709145648788,988,0.589,11.446233029567365,1,0
TG_0540,Park2024_Fig4f_diabetic,diabetic_beagle,computed_park_eq,0.18653575310509915,0.6272235175174701,0.5584337058063973,0.659810702513727,0.2029732086473461,0.6056092612966398,0.5122513520169172,0.14832608119554946,1047,0.601,11.565216692516147,1,0
TG_0541,Park2024_Fig4f_diabetic,diabetic_beagle,computed_park_eq,0.20324378485100827,0.5698613268297257,0.534750043314088,0.6659507579925708,0.3195927482639192,0.6225844787021978,0.49869525052194325,0.08019913846132858,1320,0.599,12.601114660762512,1,0
TG_0542,Park2024_Fig4f_diabetic,diabetic_beagle,computed_park_eq,0.16344047839276846,0.5017455654700871,0.42104429070809984,0.4704263265174914,0.4456607811561415,0.5174661217691531,0.5379266585767672,8.969082521929627e-05,1888,0.607,10.133309660351644,1,0
TG_0543,Park2024_Fig4f_diabetic,diabetic_beagle,computed_park_eq,0.17685419964010793,0.60703879325753,0.31842753877794977,0.4671773763389769,0.30898183891966985,0.5377295000492109,0.5484247380746226,0.12117984685259718,2322,0.621,10.964960377686692,1,0
TG_0544,Park2024_Fig4f_diabetic,diabetic_beagle,computed_park_eq,0.19861310540973034,0.5825389875789011,0.3320402112007091,0.6860208638146285,0.21806808347008924,0.5095300555136562,0.5008646340819003,0.04806019292103223,1784,0.61,12.31401253540328,1,0
TG_0545,Park2024_Fig4f_diabetic,diabetic_beagle,computed_park_eq,0.1726544255874941,0.5815705378922367,0.30622740963718925,0.6282657933014528,0.2128218818185854,0.6229304709205492,0.4883062430132177,0.025781476820388637,1696,0.59,10.704574386424635,1,0
TG_0546,Park2024_Fig4f_diabetic,diabetic_beagle,computed_park_eq,0.20609509665757766,0.5617402917479731,0.557893603605782,0.45064300173536925,0.45618286464255586,0.4526457625810588,0.5158246319598636,0.11541638691323351,1385,0.59,12.777895992769816,1,0
TG_0547,Park2024_Fig4f_diabetic,diabetic_beagle,computed_park_eq,0.18023433358735216,0.700745325327276,0.5942381416243754,0.5817778586242741,0.3511125161252212,0.6256831726089924,0.5466761752779219,0.11318053738536907,1839,0.58,11.174528682415835,1,0
TG_0548,Park2024_Fig4f_diabetic,diabetic_beagle,computed_park_eq,0.17912672378354152,0.5399699408416103,0.5073739991357968,0.450269961791352,0.29309254463136425,0.5506690261212308,0.5357508393066435,0.11092038498580908,2163,0.559,11.105856874579574,1,0
TG_0549,Park2024_Fig4f_diabetic,diabetic_beagle,computed_park_eq,0.17062244291057213,0.6003744026412191,0.5379385613889169,0.4661526361409944,0.2557884522672253,0.6401637319832862,0.49469283407103615,0.03913778694752521,826,0.574,10.578591460455472,1,0
TG_0550,Park2024_Fig4f_diabetic,diabetic_beagle,computed_park_eq,0.19670558344660688,0.5880817635631348,0.3129300326844972,0.4537284817984545,0.317665338030062,0.6395559395938459,0.4898839344476029,0.11452737655023183,2432,0.595,12.195746173689626,1,0
TG_0551,Park2024_Fig4f_diabetic,diabetic_beagle,computed_park_eq,0.22402164912407266,0.619435531599884,0.44344767706675325,0.6303909934185494,0.38856992019418496,0.5766526403218821,0.5115197738682068,0.07966642445062913,1382,0.573,13.889342245692506,1,0
TG_0552,Park2024_Fig4f_diabetic,diabetic_beagle,computed_park_eq,0.16963098190231526,0.7218672350532206,0.48763003504997804,0.6424804633648834,0.22071108107341247,0.5169578083781359,0.501959218733001,0.09534679829289198,1926,0.522,10.517120877943546,1,0
TG_0553,Park2024_Fig4f_diabetic,diabetic_beagle,computed_park_eq,0.17597942363834512,0.6722026258974968,0.4655809083181399,0.47255145862460596,0.32779925584052844,0.6435485649667432,0.526043576829082,0.08465930705084844,855,0.491,10.910724265577398,1,0
TG_0554,Park2024_Fig4f_diabetic,diabetic_beagle,computed_park_eq,0.15947792076342682,0.6466279452593622,0.45782475552522084,0.6277932565450616,0.41379968569596337,0.4886320016816866,0.5129915792201885,0.07087731642293778,1438,0.478,9.887631087332462,1,0
TG_0555,Park2024_Fig4f_diabetic,diabetic_beagle,computed_park_eq,0.1713813550785559,0.5063371510659846,0.5070140665228349,0.4948303934640912,0.21672225607623252,0.5719625523096235,0.4968562671251221,0.058021086307781994,1228,0.469,10.625644014870465,1,0
TG_0556,Park2024_Fig4f_diabetic,diabetic_beagle,computed_park_eq,0.1313408958444746,0.636372585123709,0.36211712501490984,0.5631919333854902,0.2694797074291697,0.6197847738952146,0.5078090030988321,0.036832593891673655,1783,0.471,8.143135542357424,1,0
TG_0557,Park2024_Fig4f_diabetic,diabetic_beagle,computed_park_eq,0.15414481836696403,0.5404236383184967,0.5897496959154997,0.4617383130968265,0.4224698325400489,0.5593354529794623,0.5419135109317732,0.08309898832546964,1712,0.459,9.55697873875177,1,0
TG_0558,Park2024_Fig4f_diabetic,diabetic_beagle,computed_park_eq,0.1464758783419453,0.5488645000921,0.34986880861549763,0.6749467453346543,0.2983514596550102,0.5244164509925792,0.5331876560899872,0.0508235223634211,2161,0.471,9.081504457200609,1,0
TG_0559,Park2024_Fig5c_human1,human,computed_park_eq,0.14896809903190922,0.6447413300739511,0.31635357823134785,0.49421314207552974,0.34975968405239954,0.4933158371254482,0.5410838119840128,0.013066393419215104,1337,0.33,9.236022139978372,0,1
TG_0560,Park2024_Fig5c_human1,human,computed_park_eq,0.10372204130727726,0.6059425299827308,0.4026397800335685,0.6884652196412698,0.3334557298482622,0.5478096800898566,0.5046154910639333,0.13643227095182076,1072,0.327,6.43076656105119,0,1
TG_0561,Park2024_Fig5c_human1,human,computed_park_eq,0.09439756647118393,0.578047970946597,0.5175333479799948,0.6388901990245396,0.4498812176955983,0.6471536499171482,0.5353899004747679,0.0902076106032845,1869,0.333,5.852649121213403,0,1
TG_0562,Park2024_Fig5c_human1,human,computed_park_eq,0.07463758747959921,0.6854068218629722,0.5415291936123404,0.6535118946689927,0.3185160013570388,0.4602526918351996,0.5081313389865718,0.10106343446761347,1241,0.332,4.627530423735151,0,1
TG_0563,Park2024_Fig5c_human1,human,computed_park_eq,0.08616906548166493,0.6548010793230388,0.4440882776374067,0.598511153644404,0.26573781940124025,0.4725686374367243,0.5217503768237962,0.07270342754044612,1944,0.33,5.342482059863226,0,1
TG_0564,Park2024_Fig5c_human1,human,computed_park_eq,0.14394341964406912,0.6206503089153802,0.36480943211792166,0.6901813571110893,0.4145375059450664,0.6414269665079593,0.509897353175224,0.07126505110375807,1963,0.329,8.924492017932286,0,1
TG_0565,Park2024_Fig5c_human1,human,computed_park_eq,0.10532136027912588,0.654572699688697,0.5042017119677211,0.6000194589572769,0.35329122291351867,0.5357528582229367,0.48376473749241644,0.003312876795176961,886,0.333,6.529924337305804,0,1
TG_0566,Park2024_Fig5c_human1,human,computed_park_eq,0.11357571518750079,0.5605884237841906,0.4989932128512006,0.6517299096398834,0.3651981377709693,0.48062890001679126,0.5309681506135316,0.09003771151493746,2091,0.332,7.041694341625049,0,1
TG_0567,Park2024_Fig5c_human1,human,computed_park_eq,0.11820244254309208,0.6045727777733715,0.3928238384611333,0.6810173667560471,0.35470296532312195,0.5494507773181756,0.4924891267594447,0.01622325218600351,979,0.334,7.328551437671709,0,1
TG_0568,Park2024_Fig5c_human1,human,computed_park_eq,0.11308900965637117,0.7039363451565303,0.4791937134992135,0.5180906560832326,0.3420306978125064,0.6209094786404361,0.5038003070241924,0.1304474527218257,1418,0.336,7.011518598695012,0,1
TG_0569,Park2024_Fig5c_human1,human,computed_park_eq,0.09965174902331606,0.6700961034406305,0.3822361091457602,0.6483025584343816,0.42196034798012105,0.6078045689096269,0.48833745751137014,0.02108206919933144,1328,0.33,6.178408439445596,0,1
TG_0570,Park2024_Fig5c_human1,human,computed_park_eq,0.09710923754808166,0.6295192912993903,0.5244048230098207,0.650959267228271,0.41130059478715414,0.6357193763061277,0.5317120456731151,0.0459401830506922,2326,0.345,6.020772727981063,0,1
TG_0571,Park2024_Fig5c_human1,human,computed_park_eq,0.11552154577981531,0.6318969933180414,0.37767128243794185,0.4158480059094166,0.41782545544515515,0.47426059960110684,0.5011942589790377,0.07987063618258461,1579,0.349,7.162335838348549,0,1
TG_0572,Park2024_Fig5c_human1,human,computed_park_eq,0.1134135989050239,0.5143275775026217,0.3523769553741559,0.6122278825485796,0.41353338349728486,0.6296710550335332,0.5207880302588208,0.018616105157066607,1835,0.351,7.031643132111482,0,1
TG_0573,Park2024_Fig5c_human1,human,computed_park_eq,0.12339564256082616,0.5480058422840861,0.5000056955677539,0.5870138697879721,0.38074075113718,0.5479571735976482,0.5170059622792493,0.05016637906771561,2132,0.364,7.650529838771222,0,1
TG_0574,Park2024_Fig5c_human1,human,computed_park_eq,0.14131072555421606,0.6820030644490493,0.5439442965503954,0.47724369284311746,0.43232584838189103,0.5271107128802628,0.5154680053597802,0.1284001612339729,1780,0.37,8.761264984361397,0,1
TG_0575,Park2024_Fig5c_human1,human,computed_park_eq,0.10919688022171015,0.5174298564584323,0.5680214187263961,0.5163502808713283,0.28636390342090423,0.5949392508523649,0.53854909176059,0.12937344328474512,885,0.365,6.770206573746029,0,1
TG_0576,Park2024_Fig5c_human1,human,computed_park_eq,0.11982545326303017,0.5840808485675834,0.5761607655307663,0.4036009081818048,0.36584446271550475,0.5981327162133252,0.5139512591266829,0.012810454524408248,1511,0.364,7.42917810230787,0,1
TG_0577,Park2024_Fig5c_human1,human,computed_park_eq,0.10339970869348412,0.5703376554634604,0.43727259967512955,0.5426157566066447,0.4349000694041606,0.6000306458863025,0.5119772463189295,0.1268501023648157,2121,0.382,6.410781938996016,0,1
TG_0578,Park2024_Fig5c_human1,human,computed_park_eq,0.11325875881662713,0.5487395678746576,0.45147343537504175,0.6306241394087538,0.2185839555736964,0.5653615839276511,0.4883447309988401,0.005469157623842769,979,0.386,7.022043046630882,0,1
TG_0579,Park2024_Fig5c_human1,human,computed_park_eq,0.09410109639666973,0.6797689051277029,0.4642553652179983,0.6831334334105107,0.27526709496023144,0.47011254641668887,0.507528303956945,0.0925069061470164,1234,0.399,5.834267976593524,0,1
TG_0580,Park2024_Fig5c_human1,human,computed_park_eq,0.10700706800880731,0.6444032701592834,0.47127211612564346,0.4997280076523095,0.29465995419894064,0.4713247237873196,0.5056758824452388,0.014924200330944697,1235,0.403,6.634438216546053,0,1
TG_0581,Park2024_Fig5c_human1,human,computed_park_eq,0.14064024820710927,0.5711500955761702,0.45516282830805876,0.6544544494839841,0.40555235398333417,0.5080088056355974,0.4941024744737473,0.039781280549524366,1632,0.406,8.719695388840774,0,1
TG_0582,Park2024_Fig5c_human1,human,computed_park_eq,0.17554533195496905,0.523910174005929,0.4257408523326165,0.43398988131948035,0.2515737673181313,0.5594649368678972,0.49152194915897024,0.009581965114635426,2162,0.407,10.883810581208081,0,1
TG_0583,Park2024_Fig5c_human1,human,computed_park_eq,0.14346847120165163,0.6398045329421145,0.454422658127034,0.4298739140620087,0.20480844693653694,0.6427370377374099,0.5063890317100789,0.09048195931492564,2081,0.403,8.895045214502401,0,1
TG_0584,Park2024_Fig5c_human1,human,computed_park_eq,0.1242730886546526,0.5026377806125475,0.41822704583235093,0.65528556982204,0.30375765739258076,0.4570430347051047,0.5322325746986591,0.12030574054243028,1582,0.414,7.704931496588461,0,1
TG_0585,Park2024_Fig5c_human1,human,computed_park_eq,0.13324787320355327,0.7248122295723006,0.4870515933742011,0.43938639160144727,0.29290751333155673,0.4903589896504914,0.5436178548401804,0.11406001009312239,1215,0.403,8.261368138620304,0,1
TG_0586,Park2024_Fig5c_human1,human,computed_park_eq,0.1458638400639369,0.5745017142984389,0.4876434181273984,0.4464572722236464,0.31189995067005893,0.4918074074771845,0.5287056476858523,0.14163132575191614,2486,0.415,9.043558083964088,0,1
TG_0587,Park2024_Fig5c_human1,human,computed_park_eq,0.12548307267397826,0.5369895835273515,0.5953963432772518,0.4627292093768843,0.23910593901297966,0.4907069747773793,0.5338342793211808,0.06382584889077642,1135,0.415,7.779950505786653,0,1
TG_0588,Park2024_Fig5c_human1,human,computed_park_eq,0.10422769832609255,0.7021426335368476,0.3953714021319851,0.40263316358437884,0.31463987264779636,0.5103618739325387,0.4826177893286158,0.07580478847588945,1749,0.435,6.4621172962177384,0,1
TG_0589,Park2024_Fig5c_human1,human,computed_park_eq,0.15843196394318293,0.53018665897417,0.5930896638379868,0.4560794288324341,0.33358220742941136,0.547623508686747,0.5369143958049885,0.014884439414197015,1221,0.427,9.822781764477341,0,1
TG_0590,Park2024_Fig5c_human1,human,computed_park_eq,0.16490766519102473,0.5688916940772946,0.39965175661851976,0.610242525400522,0.42959488985761585,0.6358806967698307,0.49433616863393465,0.1196997052828836,1477,0.439,10.224275241843534,0,1
TG_0591,Park2024_Fig5c_human1,human,computed_park_eq,0.12163134108972352,0.5605642893961919,0.36104639836659375,0.6863661527252499,0.47555648083115537,0.4593985002006235,0.5037169115123393,0.060772283051760995,2433,0.429,7.541143147562859,0,1
TG_0592,Park2024_Fig5c_human1,human,computed_park_eq,0.1094213314062048,0.7004600421132015,0.43035928899134857,0.6608601015444939,0.25419726239339097,0.6395372354128559,0.4953140195887616,0.04893307604713973,904,0.431,6.7841225471846975,0,1
TG_0593,Park2024_Fig5c_human1,human,computed_park_eq,0.13483231126334674,0.5333361168290927,0.3727632829748912,0.4875080352164758,0.4772928701157674,0.4960773278771779,0.5002470731973768,0.055403119513414846,1663,0.44,8.359603298327498,0,1
TG_0594,Park2024_Fig5c_human1,human,computed_park_eq,0.18572266233001639,0.5886993224140972,0.41999490548807056,0.41721755310648206,0.37499217445526134,0.6268686855942576,0.4906220039067137,0.0896712020102271,1093,0.447,11.514805064461015,0,1
TG_0595,Park2024_Fig5c_human1,human,computed_park_eq,0.15526125902082913,0.5641032569247355,0.5801933922433558,0.4393175892412871,0.4392183073723336,0.5515897383812817,0.5325231543073969,0.04660729924671712,2433,0.454,9.626198059291406,0,1
TG_0596,Park2024_Fig5c_human1,human,computed_park_eq,0.11897003139325281,0.7142088374307941,0.4400634297369313,0.5079159585730809,0.3608466158758208,0.5934725506072733,0.5110494341848952,0.14083154627134095,1277,0.46,7.376141946381674,0,1
TG_0597,Park2024_Fig5c_human1,human,computed_park_eq,0.15139460509180122,0.6742915635725876,0.32496691986242165,0.6588878869939054,0.3441679822508804,0.4637507812844975,0.5184802078614318,0.0625746418463553,1867,0.455,9.386465515691675,0,1
TG_0598,Park2024_Fig5c_human1,human,computed_park_eq,0.1488148541476626,0.5509986509023468,0.5479393828476549,0.5673066073556358,0.21638309096404074,0.6443690602650969,0.515883067087224,0.04363152813473737,1809,0.472,9.226520957155081,0,1
TG_0599,Park2024_Fig5c_human1,human,computed_park_eq,0.15857766272503668,0.6537661574644529,0.3527016299867732,0.553956967512949,0.41461430515359654,0.6446521766060984,0.49409844164493466,0.0014315029600839968,1940,0.474,9.831815088952274,0,1
TG_0600,Park2024_Fig5c_human1,human,computed_park_eq,0.1679536667253278,0.5831823691275948,0.5819773118657126,0.5029080137770073,0.49643722278639063,0.5470460911530712,0.49254147428031053,0.1336710137690264,1193,0.474,10.413127336970323,0,1
TG_0601,Park2024_Fig5c_human1,human,computed_park_eq,0.1446058138500151,0.6764038261960732,0.45646529517329015,0.437394228697844,0.4884243621270917,0.5771821531419477,0.5336107897963772,0.011881972501255621,1968,0.494,8.965560458700937,0,1
TG_0602,Park2024_Fig5c_human1,human,computed_park_eq,0.1390031610767806,0.6936214007799477,0.340330028210865,0.5403161847913452,0.3817690445538449,0.5356703601137692,0.4818974656635363,0.11752522538818633,2496,0.503,8.618195986760396,0,1
TG_0603,Park2024_Fig5c_human1,human,computed_park_eq,0.16951995212055704,0.6421079885826259,0.5375979100217129,0.6960062834851072,0.27526204151483313,0.5519312901607522,0.5436205784423302,0.11777848266342619,1018,0.517,10.510237031474537,0,1
TG_0604,Park2024_Fig5c_human1,human,computed_park_eq,0.15343015157822537,0.6537674385036745,0.5780722686437592,0.6886175496824054,0.35268771212661426,0.5405649610568654,0.4995086021149968,0.1438307809785615,1431,0.527,9.512669397849972,0,1
TG_0605,Park2024_Fig5c_human1,human,computed_park_eq,0.1365126886782149,0.7380359792690878,0.5470936784259273,0.6127004533979139,0.3762880959845326,0.6141183578648297,0.5074586929066482,0.06713277826590928,1976,0.533,8.463786698049324,0,1
TG_0606,Park2024_Fig5c_human1,human,computed_park_eq,0.16812044203311263,0.6098907354432247,0.4531380394039324,0.4776377225093572,0.29493713926232484,0.4673934040511866,0.5012253848690975,0.14498376590708162,2021,0.542,10.423467406052984,0,1
TG_0607,Park2024_Fig5c_human1,human,computed_park_eq,0.18601689949823474,0.7273988477777361,0.301855146792269,0.6432050711012776,0.4845108658366757,0.46826514686671145,0.49130133802230447,0.1441119454157033,1587,0.539,11.533047768890555,0,1
TG_0608,Park2024_Fig5c_human1,human,computed_park_eq,0.14431242241543452,0.6970502324666765,0.30721237120993133,0.5602419088407091,0.40650152346396945,0.599739695687831,0.49491994835197556,0.13007660316770284,1557,0.549,8.94737018975694,0,1
TG_0609,Park2024_Fig5c_human1,human,computed_park_eq,0.21211151763321978,0.6014113148618094,0.35074856815272604,0.6932369689551527,0.4559951559999758,0.5496666056588475,0.5222271795878821,0.034089158033949345,1106,0.557,13.150914093259626,0,1
TG_0610,Park2024_Fig5c_human1,human,computed_park_eq,0.2177187108355079,0.5259390858839641,0.3886266108941295,0.42716784028027616,0.4004009752229042,0.47666536326851505,0.5396292148087222,0.12257865760899614,2102,0.559,13.498560071801489,0,1
TG_0611,Park2024_Fig5c_human1,human,computed_park_eq,0.15724123513064808,0.6079517737769443,0.5345339477786178,0.5452519096490223,0.43820433507978884,0.5652977806279732,0.5039448604260289,0.12149681155252086,2144,0.573,9.74895657810018,0,1
TG_0612,Park2024_Fig5c_human1,human,computed_park_eq,0.1663741863268843,0.5468761142797451,0.5251795370232379,0.47079898177277124,0.2430634267831304,0.48708177007481085,0.4927444190217299,0.07692943190654868,1850,0.581,10.315199552266828,0,1
TG_0613,Park2024_Fig5c_human1,human,computed_park_eq,0.20676712838216585,0.7181299879573406,0.3732442681520721,0.5350329576055088,0.4777482123330552,0.5819986900270635,0.5072137889003118,0.019711857428290267,1310,0.593,12.819561959694283,0,1
TG_0614,Park2024_Fig5c_human1,human,computed_park_eq,0.2150155050579278,0.6453038693723459,0.5154503842681541,0.4373265660555681,0.37987917801321625,0.5600702557677502,0.5159768812683496,0.10351846765230119,966,0.601,13.330961313591523,0,1
TG_0615,Park2024_Fig5c_human1,human,computed_park_eq,0.19093919595634837,0.5802492614102245,0.4578282039754626,0.6063307619097205,0.28204235461249394,0.5972946349238146,0.48361601499802487,0.007394173914662466,887,0.598,11.838230149293599,0,1
TG_0616,Park2024_Fig5c_human1,human,computed_park_eq,0.19866298087985493,0.5347422479716561,0.524189267267957,0.41437416037400016,0.48455609825417456,0.5922320175055532,0.4804757584010278,0.1145784750300321,1457,0.593,12.317104814551005,0,1
TG_0617,Park2024_Fig5c_human1,human,computed_park_eq,0.19435050886738306,0.6602562144088386,0.5358994966185121,0.521532416376357,0.20081244494613565,0.6199892991890377,0.5066623253837264,0.07440640890248745,2497,0.599,12.04973154977775,0,1
TG_0618,Park2024_Fig5c_human1,human,computed_park_eq,0.22093530649238494,0.5160236777590439,0.47884279486496906,0.6218743531665227,0.2632909671859851,0.6183244015085548,0.4821247663873103,0.1265719295487459,2239,0.608,13.697989002527866,0,1
TG_0619,Park2024_Fig5c_human1,human,computed_park_eq,0.187755894537004,0.7383267918955931,0.321799676274347,0.4597280259807777,0.3043467042299138,0.5740469697922241,0.5181360759693269,0.018846523861847098,2054,0.608,11.640865461294249,0,1
TG_0620,Park2024_Fig5c_human1,human,computed_park_eq,0.19045943371445948,0.6788410288072224,0.3813426760141764,0.6280984664212412,0.4167234153390634,0.4514783802888586,0.515639478904512,0.020897922356706955,2309,0.611,11.808484890296487,0,1
TG_0621,Park2024_Fig5c_human1,human,computed_park_eq,0.18721569308853886,0.5170093285229174,0.3950712413161874,0.4800383648301493,0.35177774004391815,0.6055455820135587,0.5400826057215201,0.12672961281157627,1466,0.616,11.60737297148941,0,1
TG_0622,Park2024_Fig5c_human1,human,computed_park_eq,0.20533724963927963,0.6611212653801485,0.35485935802646174,0.46972121386432397,0.390689599592012,0.6485886931565814,0.5344402242350785,0.033875944833508795,2171,0.601,12.730909477635336,0,1
TG_0623,Park2024_Fig5c_human1,human,computed_park_eq,0.20803024465556424,0.5760236589928209,0.5434881043334561,0.4881750281514801,0.3338979079959684,0.5954037054028268,0.5285044160457353,0.14810527084683,1492,0.593,12.897875168644983,0,1
TG_0624,Park2024_Fig5c_human1,human,computed_park_eq,0.2005419543733326,0.6422457985760307,0.45944377388454627,0.5373889643468607,0.31903679762437526,0.5362420969728658,0.5198508553894357,0.000311477640012181,1316,0.585,12.433601171146622,0,1
TG_0625,Park2024_Fig5c_human1,human,computed_park_eq,0.21866254382869743,0.543539173098849,0.4640643521362299,0.6143379051657345,0.3333882973741714,0.4554162267340102,0.5114487710925946,0.044466733161622966,1893,0.587,13.55707771737924,0,1
TG_0626,Park2024_Fig5c_human1,human,computed_park_eq,0.1878555231742001,0.5454408994402986,0.45123985257553145,0.4968429380343551,0.27743229295202443,0.5427970834880762,0.4893298980657521,0.13916185996131109,1194,0.578,11.647042436800406,0,1
TG_0627,Park2024_Fig5c_human1,human,computed_park_eq,0.1778241919691446,0.6552765812275507,0.3905400167583465,0.6699229235226615,0.3885220872922969,0.5377298036871969,0.48271298548879277,0.07493225028070068,848,0.581,11.025099902086964,0,1
TG_0628,Park2024_Fig5c_human1,human,computed_park_eq,0.17401376373913074,0.6616018438070222,0.4375090438278918,0.5586121959652157,0.21031305750551757,0.577792604394657,0.4857013049023811,0.06525218915103351,1278,0.588,10.788853351826106,0,1
TG_0629,Park2024_Fig5c_human1,human,computed_park_eq,0.1660560674216608,0.6080026397325906,0.5997148494310935,0.46609821803127477,0.2309649946636999,0.5670070337437324,0.514197972650818,0.0786294406594961,1480,0.573,10.29547618014297,0,1
TG_0630,Park2024_Fig5c_human1,human,computed_park_eq,0.1670996999830515,0.5667860174676623,0.5731994986151665,0.5307016198366871,0.23872585854273853,0.5984597513467889,0.5250173046832496,0.04736151037260556,1292,0.569,10.360181398949193,0,1
TG_0631,Park2024_Fig5c_human1,human,computed_park_eq,0.17683206497882245,0.5962645139297404,0.5828948352213407,0.5831128179345076,0.4504921357048887,0.5920703001424664,0.4878752191368642,0.11038806095609233,1148,0.573,10.963588028686992,0,1
TG_0632,Park2024_Fig5c_human1,human,computed_park_eq,0.17326564804873568,0.7145516977442574,0.3511803373864933,0.5310273453541225,0.3392001284589279,0.6078192223297514,0.5222025017823805,0.09813306930435194,2265,0.573,10.742470179021613,0,1
TG_0633,Park2024_Fig5c_human1,human,computed_park_eq,0.15194705047526488,0.5054113903367459,0.3275332819413527,0.6042859874210729,0.4637973390087682,0.5528454022531956,0.5177433755659543,0.038264014924856905,1696,0.566,9.420717129466423,0,1
TG_0634,Park2024_Fig5c_human1,human,computed_park_eq,0.1648988696637704,0.7279546423848617,0.4317391982414551,0.4119843919858283,0.30868804700006147,0.6152780623201111,0.5291049371025617,0.06890154833909345,1380,0.57,10.223729919153765,0,1
TG_0635,Park2024_Fig5c_human1,human,computed_park_eq,0.17944532715461345,0.6960678248266792,0.5840640589023071,0.4825510337464204,0.3193881039142272,0.6362957985193362,0.5036761677122099,0.13708144354826943,1186,0.566,11.125610283586035,0,1
TG_0636,Park2024_Fig5c_human1,human,computed_park_eq,0.1997157127032599,0.619466838728284,0.40658519227107676,0.6047535190348601,0.3986696474988779,0.5930644621058272,0.49877002607283444,0.047350272174609895,1070,0.563,12.382374187602114,0,1
TG_0637,Park2024_Fig5c_human1,human,computed_park_eq,0.17331477443899654,0.6494205838808648,0.5609087654554901,0.6672496444868901,0.33471132811098847,0.5418607376426148,0.4853878428105612,0.10061475381645536,1913,0.558,10.745516015217785,0,1
TG_0638,Park2024_Fig5c_human1,human,computed_park_eq,0.17995114669662385,0.5611637636511783,0.4263902644900094,0.6516518010295811,0.4631361402986864,0.4986359960528452,0.5185399444178955,0.028873972595374057,1332,0.556,11.156971095190679,0,1
TG_0639,Park2024_Fig5c_human1,human,computed_park_eq,0.18832307632438325,0.5062460205704624,0.5162175336080037,0.5542070109629529,0.3817261191562803,0.576376031849377,0.5168935109544794,0.08738006661611039,2429,0.55,11.676030732111762,0,1
TG_0640,Park2024_Fig5c_human1,human,computed_park_eq,0.15293852340579445,0.6891616373380998,0.4747305230664888,0.45597702906195026,0.2564696599307137,0.4868497303145349,0.48399016712863535,0.08816976740575272,1916,0.549,9.482188451159256,0,1
TG_0641,Park2024_Fig5c_human1,human,computed_park_eq,0.19232524010882857,0.5816847226421584,0.40488431964231664,0.5789039492490328,0.28226386673724413,0.45532167321553685,0.5314659962671118,0.09384748694121796,2043,0.534,11.924164886747372,0,1
TG_0642,Park2024_Fig5c_human1,human,computed_park_eq,0.17376900005097304,0.6789051792429465,0.5060824305010531,0.6679341223967417,0.40682514016139737,0.5067595886083098,0.5285704213313013,0.04587202669254959,1896,0.528,10.77367800316033,0,1
TG_0643,Park2024_Fig5c_human1,human,computed_park_eq,0.14781632706365042,0.5264125863622326,0.5438552914610273,0.5736269429079998,0.38548550630411593,0.6062924177509419,0.5292294059412717,0.1251687379284145,1003,0.523,9.164612277946325,0,1
TG_0644,Park2024_Fig5c_human1,human,computed_park_eq,0.17446003523250586,0.6682079224801075,0.4491687585059987,0.6850921041208543,0.2899815469394191,0.4538335775049956,0.5102392560024409,0.004951790385049087,1548,0.521,10.816522184415364,0,1
TG_0645,Park2024_Fig5c_human1,human,computed_park_eq,0.14502365021363972,0.6780550512942897,0.3527670850255986,0.4706149785695073,0.3483112433137274,0.6329669899993756,0.494820006050358,0.021636003167715526,2370,0.517,8.991466313245663,0,1
TG_0646,Park2024_Fig5c_human1,human,computed_park_eq,0.17042330727636237,0.7440215060498929,0.3666848299915756,0.46243181037891185,0.42611605296863886,0.5006758797658669,0.5426553591413292,0.08608937041844733,1504,0.518,10.566245051134468,0,1
TG_0647,Park2024_Fig5c_human1,human,computed_park_eq,0.15293596549467708,0.6119929140955475,0.4216415028991255,0.6952268391899542,0.28767468702181637,0.5089634476693534,0.5048183746180025,0.08468911219354823,1114,0.521,9.482029860669979,0,1
TG_0648,Park2024_Fig5c_human1,human,computed_park_eq,0.18744581212726716,0.6144512331398017,0.37768848150749257,0.6636239571030789,0.25900016971709217,0.6394599998840134,0.4943935041389539,0.09205247815931153,2467,0.529,11.621640351890564,0,1
TG_0649,Park2024_Fig5c_human1,human,computed_park_eq,0.2002653310741143,0.5475569827050344,0.4562657348102037,0.5407179233170357,0.22131122642100237,0.6136615635350606,0.5034977680449989,0.08618732963278193,2415,0.525,12.416450526595085,0,1
TG_0650,Park2024_Fig5c_human1,human,computed_park_eq,0.17098268086756138,0.6057358859353894,0.5386735128772759,0.44241506626490207,0.23909612995170076,0.5786857899034662,0.4938028087377646,0.01464150571634874,2499,0.51,10.600926213788807,0,1
TG_0651,Park2024_Fig5c_human1,human,computed_park_eq,0.1550725123067281,0.5412335067131828,0.33738451895673743,0.5097697895853422,0.2688180506463146,0.49366062236230246,0.48382852222033873,0.0026505067193150823,2108,0.494,9.614495763017143,0,1
TG_0652,Park2024_Fig5c_human1,human,computed_park_eq,0.1516122360833467,0.5097516051907045,0.43667003459703263,0.667292165407211,0.3708491775555728,0.6164782083403816,0.549413704007286,0.024542430620741438,975,0.488,9.399958637167495,0,1
TG_0653,Park2024_Fig5c_human1,human,computed_park_eq,0.1669500428914879,0.5267572835527595,0.5342097912514886,0.6730588372434089,0.31485001843053056,0.5761270589966161,0.5101099912467778,0.06566475824821927,2212,0.484,10.35090265927225,0,1
TG_0654,Park2024_Fig5c_human1,human,computed_park_eq,0.1445671367874232,0.6905324051125812,0.5808529692499516,0.6822252577703383,0.25243438546248015,0.6249487299313132,0.5316202008998986,0.03792561010354339,899,0.487,8.963162480820237,0,1
TG_0655,Park2024_Fig5c_human1,human,computed_park_eq,0.14510136407128024,0.5009256017081042,0.3487683617794245,0.5048568403508195,0.29471633893114657,0.6082725838245773,0.5276392466297186,0.04493344794223459,1553,0.475,8.996284572419375,0,1
TG_0656,Park2024_Fig5c_human1,human,computed_park_eq,0.1568338116311397,0.5365241413853301,0.5469010723340804,0.4705093896435756,0.3956843338455339,0.5310394285150659,0.5217230516834354,0.016117582894336218,2252,0.46,9.723696321130662,0,1
TG_0657,Park2024_Fig5c_human1,human,computed_park_eq,0.16230988975038912,0.5443378404149357,0.30211287438724255,0.6416488138096732,0.2230387052860202,0.5327412063820061,0.527522113603215,0.03551963781842702,1319,0.466,10.063213164524125,0,1
TG_0658,Park2024_Fig5c_human1,human,computed_park_eq,0.15144775617612904,0.6257188800163962,0.5385330847580174,0.4407237559299703,0.4932314552612037,0.6428706468071973,0.49146102705154193,0.04491346872046599,1341,0.467,9.389760882920001,0,1
TG_0659,Park2024_Fig5c_human1,human,computed_park_eq,0.16282411116642742,0.5509388714624859,0.37819849644988096,0.42775856631001574,0.31982968370925635,0.5337858447874838,0.5160193253243809,0.10634464006856661,1542,0.476,10.0950948923185,0,1
TG_0660,Park2024_Fig5c_human1,human,computed_park_eq,0.1401253293863461,0.7465441993209236,0.5462547027789386,0.4844431907352758,0.22102060871635684,0.46132511147551164,0.48842647046538734,0.08711528754216324,929,0.475,8.687770421953458,0,1
TG_0661,Park2024_Fig5c_human1,human,computed_park_eq,0.13847933622348468,0.6207836613913749,0.31895492905806794,0.5833424569633738,0.49512051010272734,0.5221612622756006,0.5326993232563969,0.07500508733544119,2277,0.477,8.58571884585605,0,1
TG_0662,Park2024_Fig5c_human1,human,computed_park_eq,0.1314886627800378,0.6455593622006466,0.38996228053321946,0.4103209625360375,0.39047891903532317,0.6217864698649456,0.5041338836829912,0.05854433208191557,1609,0.469,8.152297092362343,0,1
TG_0663,Park2024_Fig5c_human1,human,computed_park_eq,0.15846494297960922,0.562199265938287,0.5730649964899933,0.4463247272617639,0.38803115582516656,0.4557602361093038,0.5250603864427462,0.04157165278100398,2449,0.466,9.824826464735771,0,1
TG_0664,Park2024_Fig5c_human1,human,computed_park_eq,0.16075733524084443,0.5863161380142633,0.35182702687386297,0.5865942370281623,0.46459266654218223,0.6418168484564807,0.49346424542077405,0.107605916109446,2098,0.459,9.966954784932355,0,1
TG_0665,Park2024_Fig5c_human1,human,computed_park_eq,0.17022615896922555,0.5359690388474451,0.30258570077753405,0.40599187977340845,0.37598052122136816,0.5410789810495882,0.5162610744235964,0.0011194710625829108,966,0.458,10.554021856091984,0,1
TG_0666,Park2024_Fig5c_human1,human,computed_park_eq,0.1318549588272495,0.6866049575024622,0.34365519011622747,0.6633935147498977,0.2807569218419916,0.6464512121873229,0.5068032109826072,0.026682608810174945,1895,0.442,8.17500744728947,0,1
TG_0667,Park2024_Fig5c_human1,human,computed_park_eq,0.15136933824246304,0.7074848983031108,0.42468833460874655,0.4774901287382777,0.46010348207318014,0.583853658350167,0.5113659841098154,0.07318502929189527,916,0.442,9.384898971032708,0,1
TG_0668,Park2024_Fig5c_human1,human,computed_park_eq,0.11363247694447498,0.656700657516211,0.40762275316286656,0.6986935530023047,0.34405505457856633,0.5471771212379226,0.5196096251187471,0.137513400467812,1357,0.428,7.045213570557449,0,1
TG_0669,Park2024_Fig5c_human1,human,computed_park_eq,0.16631065697804492,0.6546867456144015,0.3245039294599062,0.4653174696396707,0.27510208021441585,0.6163449262610179,0.5124239605416244,0.07302423179118551,2475,0.439,10.311260732638786,0,1
TG_0670,Park2024_Fig5c_human1,human,computed_park_eq,0.15268153081713598,0.6578860946690401,0.4628821333467983,0.4388141850900103,0.3127463657023823,0.4698292224555248,0.5236067830928367,0.06703112928006584,2324,0.444,9.46625491066243,0,1
TG_0671,Park2024_Fig5c_human1,human,computed_park_eq,0.13629329665214054,0.6170751478640963,0.555938451573071,0.6800741368020068,0.4797806622510931,0.47504600512574935,0.506743771775774,0.0042343139476059555,2266,0.442,8.450184392432714,0,1
TG_0672,Park2024_Fig5c_human1,human,computed_park_eq,0.13438251099243756,0.6666018261737298,0.3856212205390267,0.5757425182645732,0.23284470982069821,0.6431673337615167,0.49223494915183563,0.09720454770828212,1450,0.429,8.33171568153113,0,1
TG_0673,Park2024_Fig5c_human1,human,computed_park_eq,0.13585862379058375,0.7432110396650056,0.30146052229665093,0.5238034745137448,0.23013726490429054,0.5518315931125205,0.4817268968178341,0.061034764708594175,1847,0.437,8.423234675016193,0,1
TG_0674,Park2024_Fig5c_human1,human,computed_park_eq,0.10300202705939385,0.5973474449167184,0.5197838097721196,0.6054175491643013,0.2636243712432133,0.4977995360423103,0.4996899194487124,0.06166909173890688,1353,0.423,6.3861256776824185,0,1
TG_0675,Park2024_Fig5c_human1,human,computed_park_eq,0.1275215535261838,0.5259091816201988,0.5107216097598606,0.4898373171802764,0.2806570738712515,0.6495954911116522,0.5400697247518659,0.06119067275517615,2364,0.413,7.906336318623396,0,1
TG_0676,Park2024_Fig5c_human1,human,computed_park_eq,0.14259155343501764,0.5399165873417877,0.5370249749914313,0.5848872245062434,0.21345816728831513,0.5745093980924564,0.5016242405990636,0.05530877332062689,2422,0.415,8.840676312971095,0,1
TG_0677,Park2024_Fig5c_human1,human,computed_park_eq,0.12965952852931223,0.6300579901260064,0.3111339959886907,0.4242009302173532,0.40170448029285943,0.5878362820855033,0.503902858462591,0.03234146478645671,1030,0.413,8.038890768817359,0,1
TG_0678,Park2024_Fig5c_human1,human,computed_park_eq,0.1318975035477145,0.6978276785781667,0.3602734019056567,0.6415357626263994,0.45503982040551105,0.5078300668908302,0.5466582054853627,0.007479021959874637,1808,0.412,8.1776452199583,0,1
TG_0679,Park2024_Fig5c_human1,human,computed_park_eq,0.1338061571842964,0.5683855072504842,0.41989740062572606,0.694858035356626,0.360941117356542,0.5505260231242507,0.4980444941742794,0.10520453404656621,1338,0.402,8.295981745426376,0,1
TG_0680,Park2024_Fig5c_human1,human,computed_park_eq,0.12992408638188102,0.7330667209802431,0.4997841498241392,0.6467972405441281,0.20398436103757403,0.5584030596959453,0.5121694084253865,0.07484519163311895,837,0.415,8.055293355676623,0,1
TG_0681,Park2024_Fig5c_human1,human,computed_park_eq,0.11555881641218767,0.6913858424223007,0.3630575906156539,0.497032856530059,0.445770263630726,0.5573051216786896,0.5401958499928387,0.031955297976489626,2383,0.408,7.164646617555635,0,1
TG_0682,Park2024_Fig5c_human1,human,computed_park_eq,0.13185195257061572,0.5393009708892386,0.5887014172443621,0.5555096390005962,0.22186953556149652,0.5753665808830135,0.4977239234908967,0.12055401778159536,1186,0.397,8.174821059378175,0,1
TG_0683,Park2024_Fig5c_human1,human,computed_park_eq,0.13316907528601982,0.5516336009930016,0.5205078447315297,0.6599353189747124,0.3562646535342533,0.5838531591687316,0.5370510721673304,0.03910127366108904,1516,0.388,8.256482667733229,0,1
TG_0684,Park2024_Fig5c_human1,human,computed_park_eq,0.12270453422400714,0.7133211996418005,0.5568460865983981,0.4297712994759043,0.22721626482434926,0.5025390954003871,0.5412336243787795,0.01933538776102484,2321,0.379,7.607681121888443,0,1
TG_0685,Park2024_Fig5c_human1,human,computed_park_eq,0.1146846666510477,0.7402073542700471,0.570860407029645,0.6090264444806213,0.22899217524946144,0.50483280753446,0.5024039708819704,0.11447250866183417,1777,0.362,7.110449332364958,0,1
TG_0686,Park2024_Fig5c_human1,human,computed_park_eq,0.11330779178187546,0.53170044978169,0.559978706578651,0.5780725763242893,0.2381331472601072,0.5355083710719424,0.49126022054395685,0.10505218332998542,2486,0.366,7.025083090476278,0,1
TG_0687,Park2024_Fig5c_human1,human,computed_park_eq,0.11781518474638288,0.519732463759603,0.3575013956490823,0.5423633050475669,0.30844614494654365,0.5217454039092198,0.5170487213700513,0.08765938823841861,2182,0.36,7.304541454275738,0,1
TG_0688,Park2024_Fig5c_human1,human,computed_park_eq,0.1332171134765027,0.5852416408656211,0.541639884912176,0.5015833687337897,0.21662989668237015,0.5608375302009583,0.521153162742637,0.140181036843279,816,0.363,8.259461035543167,0,1
TG_0689,Park2024_Fig5c_human1,human,computed_park_eq,0.12722269035748676,0.6393602417909,0.5934992423031743,0.6319503075240877,0.23187977143771876,0.60568568135628,0.4919376634228758,0.06710258235084385,1391,0.369,7.887806802164179,0,1
TG_0690,Park2024_Fig5c_human1,human,computed_park_eq,0.15598357680711342,0.6723957663833074,0.5631929208579107,0.48710856561000426,0.2246032223624563,0.5096986196149926,0.5270653300552537,0.04931401913316749,1807,0.366,9.670981762041032,0,1
TG_0691,Park2024_Fig5c_human1,human,computed_park_eq,0.09893102778948423,0.6144411531760335,0.5278560446150832,0.46179645525654195,0.41278883814223044,0.45422996466988325,0.5093253084588762,0.11637975978041802,1792,0.36,6.133723722948022,0,1
TG_0692,Park2024_Fig5c_human1,human,computed_park_eq,0.1000990932964192,0.6806921690026989,0.583592112075491,0.675123033840944,0.37502786454322734,0.5425220606513956,0.5372810356607568,0.10249895439415949,1613,0.361,6.20614378437799,0,1
TG_0693,Park2024_Fig5c_human1,human,computed_park_eq,0.11040583300029998,0.5472464149927938,0.38453920511894774,0.4802581090745027,0.35576209238103806,0.49687401813557514,0.48864965411811034,0.01855362759206411,1301,0.365,6.845161646018599,0,1
TG_0694,Park2024_Fig5c_human1,human,computed_park_eq,0.1378872338258595,0.6836898222123446,0.3964599026515022,0.41039521294420517,0.23816746608110323,0.6329389120674114,0.5145480561712618,0.06803592144227621,1715,0.369,8.549008497203289,0,1
TG_0695,Park2024_Fig5c_human1,human,computed_park_eq,0.11812583465130119,0.5505202340216302,0.33302212805431713,0.5150163590895995,0.4511485892585077,0.6230589118402049,0.5221992466276946,0.1091304640845214,1202,0.363,7.323801748380674,0,1
TG_0696,Park2024_Fig5c_human1,human,computed_park_eq,0.1437586621452327,0.537816071115669,0.38540242165393906,0.5127913665787417,0.4268930290940882,0.5579323577806306,0.48542385385888376,0.002704351343836836,1070,0.362,8.913037053004427,0,1
TG_0697,Park2024_Fig5c_human1,human,computed_park_eq,0.13683359603678133,0.5280029282670514,0.5548393289785666,0.5598541396849779,0.3413965382315205,0.646219524902702,0.5318264807858715,0.01770090399290623,2097,0.359,8.483682954280443,0,1
TG_0698,Park2024_Fig5c_human1,human,computed_park_eq,0.13090953994026525,0.5420295243994313,0.4536781691628782,0.5462124423763735,0.3875274658059586,0.6392373787982523,0.5205840009233735,0.08103259001679279,1734,0.363,8.116391476296446,0,1
TG_0699,Park2024_Fig5c_human1,human,computed_park_eq,0.10467212662038775,0.7090197251988202,0.3464358104538336,0.49035267609920763,0.2746930697484095,0.5244614197146096,0.4978264636122973,0.0733426389657678,1320,0.368,6.48967185046404,0,1
TG_0700,Park2024_Fig5c_human1,human,computed_park_eq,0.12087091094432165,0.5511798634874997,0.469955449676349,0.5948628875810982,0.2907869548786265,0.5419963339356202,0.4995537639693592,0.055408674668267065,1918,0.361,7.493996478547942,0,1
TG_0701,Park2024_Fig5c_human1,human,computed_park_eq,0.16890802239821823,0.6403986269280486,0.3512441118918632,0.4593070909343463,0.2956451968619014,0.5686992831643702,0.494708244315815,0.017449759069989183,1979,0.37,10.47229738868953,0,1
TG_0702,Park2024_Fig5c_human1,human,computed_park_eq,0.14181182089015046,0.5973790064863522,0.372319303757021,0.4047087716788839,0.308029889234634,0.46796442588512094,0.497978102640763,0.013877493177464168,1079,0.376,8.792332895189329,0,1
TG_0703,Park2024_Fig5c_human1,human,computed_park_eq,0.12363973003461735,0.5656674338326211,0.530183753254689,0.677999666166061,0.34510724694403816,0.5131106948886222,0.5352261586754449,0.1022678246682682,917,0.388,7.665663262146276,0,1
TG_0704,Park2024_Fig5c_human1,human,computed_park_eq,0.14116536840990254,0.5308296227688231,0.4202910980065055,0.5052129363976253,0.431852025027951,0.6106341023265462,0.49073890176723617,0.05498267810688393,1486,0.394,8.752252841413958,0,1
TG_0705,Park2024_Fig5c_human1,human,computed_park_eq,0.10253832832195706,0.7023423861092364,0.41378501751826335,0.4141674629484265,0.2529319311411051,0.6411806344776365,0.48492837536817596,0.05323968014520243,1208,0.387,6.357376355961337,0,1
TG_0706,Park2024_Fig5c_human1,human,computed_park_eq,0.09731101423210259,0.6446409830698386,0.5734025448649226,0.5662297841187478,0.2523495459193866,0.5257406711162319,0.5390201405520822,0.09663195239844267,1671,0.4,6.033282882390361,0,1
TG_0707,Park2024_Fig5c_human1,human,computed_park_eq,0.15552373989920398,0.6892317112817534,0.4820148605910012,0.45003620055510224,0.4392261661824993,0.5940222667029892,0.48602950400843253,0.06957147370115643,918,0.402,9.642471873750647,0,1
TG_0708,Park2024_Fig5c_human1,human,computed_park_eq,0.1358132206912568,0.5717911912826393,0.39832416776883844,0.4346816831834537,0.31658928368213085,0.4574443409138658,0.5442320487383331,0.1009667022186793,1728,0.412,8.42041968285792,0,1
TG_0709,Park2024_Fig5c_human1,human,computed_park_eq,0.1313953886253387,0.6299212577875942,0.35717281395515815,0.5386118028518667,0.4709083620478435,0.4601706847271642,0.5404489762098817,0.05114217024639146,2044,0.418,8.146514094771,0,1
TG_0710,Park2024_Fig5c_human1,human,computed_park_eq,0.15098853784874294,0.7352199765853712,0.5012594661005718,0.5993271359778034,0.33582630131262203,0.6171080449087415,0.5473128930903298,0.11626227005086788,1243,0.421,9.361289346622062,0,1
TG_0711,Park2024_Fig5c_human1,human,computed_park_eq,0.15174863457546459,0.6353009414428246,0.5411579658746468,0.5526655765522737,0.21873328249217724,0.526789401780831,0.5111108670370049,0.021242586747992582,1584,0.421,9.408415343678804,0,1
TG_0712,Park2024_Fig5c_human1,human,computed_park_eq,0.14376775375399323,0.6080290592004823,0.5899772310669951,0.5356645300305154,0.24283569100036542,0.5278869360155347,0.5466191684473376,0.047958127400978136,2419,0.435,8.91360073274758,0,1
TG_0713,Park2024_Fig5c_human1,human,computed_park_eq,0.12064508187666072,0.6680131351263405,0.5106470295590712,0.5115180953849382,0.2053141551828167,0.5906399569550974,0.4815190066692879,0.09467821170901067,2125,0.437,7.479995076352965,0,1
TG_0714,Park2024_Fig5c_human1,human,computed_park_eq,0.15379046281663325,0.5955908327654069,0.43293820359687435,0.5128571406308866,0.310202154583184,0.5551893153802919,0.5366159611150806,0.05426524678838488,1107,0.429,9.535008694631262,0,1
TG_0715,Park2024_Fig5c_human1,human,computed_park_eq,0.11777223219516857,0.5855466014396644,0.3583390557546941,0.5685844329979718,0.29436924527820957,0.46687417928770103,0.5279504260664225,0.10616298114080973,2476,0.42,7.301878396100451,0,1
TG_0716,Park2024_Fig5c_human1,human,computed_park_eq,0.1585141177841086,0.6364374199448589,0.40782714804924514,0.42444216931388257,0.2580017700836157,0.6401489426425344,0.5086089693589654,0.07000247337462963,1720,0.438,9.827875302614732,0,1
TG_0717,Park2024_Fig5c_human1,human,computed_park_eq,0.11485784014594182,0.6053777956275727,0.32831924277115776,0.4377117719536347,0.32433021409049945,0.6024889043878201,0.5430218567702144,0.09972269860744064,1602,0.439,7.1211860890483925,0,1
TG_0718,Park2024_Fig5c_human1,human,computed_park_eq,0.12683188457644026,0.6613094111383329,0.49529152356556333,0.6473551209399787,0.32531257009189274,0.46461701820523005,0.499156646944502,0.14700081947952254,2393,0.437,7.863576843739295,0,1
TG_0719,Park2024_Fig5c_human1,human,computed_park_eq,0.12815899302406045,0.642307553022862,0.5762312548908226,0.6905257391501223,0.36216580261667725,0.5416409610504432,0.5461511965973946,0.10104147479950426,2115,0.433,7.945857567491748,0,1
TG_0720,Park2024_Fig5c_human1,human,computed_park_eq,0.13760641014986022,0.7121205524834349,0.571805721313309,0.562479076839546,0.38882711333513015,0.5013828569384586,0.5360561881584968,0.09481836426735346,1543,0.432,8.531597429291333,0,1
TG_0721,Park2024_Fig5c_human1,human,computed_park_eq,0.16300568243701608,0.6660030570169005,0.4015103597775647,0.6806569068276571,0.47366227137475464,0.4918696798768198,0.4827592309584254,0.11119630625261433,1854,0.444,10.106352311094996,0,1
TG_0722,Park2024_Fig5c_human1,human,computed_park_eq,0.14275567821331914,0.7369423955080371,0.31610912357979204,0.43187371254086815,0.252101491086302,0.5880342141208664,0.5251917110924866,0.1338088290314541,1638,0.448,8.850852049225786,0,1
TG_0723,Park2024_Fig5c_human1,human,computed_park_eq,0.1649544256399438,0.6856589974204226,0.3839300792661122,0.569485782295742,0.22644267301723764,0.5327331047166414,0.5325112583068221,0.10401012801435659,1609,0.469,10.227174389676517,0,1
TG_0724,Park2024_Fig5c_human1,human,computed_park_eq,0.18888742029425334,0.6107377526869832,0.46843151337993727,0.6547131277535789,0.3330937246395717,0.6337494609608503,0.5108261956117648,0.08231697888945175,1053,0.483,11.711020058243708,0,1
TG_0725,Park2024_Fig5c_human1,human,computed_park_eq,0.164447332960488,0.5149405685445961,0.5665797841311457,0.4987221338382184,0.29437629002421994,0.5524177153397328,0.5458483131406262,0.007167204702210805,2267,0.497,10.195734643550256,0,1
TG_0726,Park2024_Fig5c_human1,human,computed_park_eq,0.159669775371424,0.714142997170834,0.41881634323064,0.4597470692791201,0.32743825439942353,0.5271105002983338,0.5440791341026693,0.11429015636146456,1023,0.514,9.899526073028287,0,1
TG_0727,Park2024_Fig5c_human1,human,computed_park_eq,0.17955893600377315,0.534325843785401,0.40090371801467456,0.5760244356902029,0.2308715265026002,0.596026037555285,0.5071072233742433,0.11766084984126,1693,0.532,11.132654032233935,0,1
TG_0728,Park2024_Fig5c_human1,human,computed_park_eq,0.16528571047262391,0.647701133379479,0.5164347471328716,0.6823836786720394,0.4644906047526232,0.5530384452276428,0.5342256833855112,0.08432171307413774,932,0.534,10.247714049302683,0,1
TG_0729,Park2024_Fig5c_human1,human,computed_park_eq,0.18323439618473217,0.7185422303705171,0.5123822747219984,0.6140956223481228,0.2757205144826454,0.5813630462176897,0.4938744385664864,0.021600483587973316,961,0.547,11.360532563453395,0,1
TG_0730,Park2024_Fig5c_human1,human,computed_park_eq,0.17265175164225985,0.7422036726444511,0.4452639418042925,0.41908043091333924,0.36550639034193855,0.6182192341232203,0.5497794498997008,0.06455147605336087,1117,0.546,10.704408601820111,0,1
TG_0731,Park2024_Fig5c_human1,human,computed_park_eq,0.2173699351653268,0.5156199403394552,0.5163673402496749,0.46911852145436933,0.4055604361309598,0.6463794280070492,0.5283774109037696,0.13247895793854128,1626,0.545,13.47693598025026,0,1
TG_0732,Park2024_Fig5c_human1,human,computed_park_eq,0.1770953824123391,0.5670117968446594,0.5434397817455046,0.4166079450815229,0.36143630301194396,0.46411001274197894,0.5453823093791448,0.11495269208360853,2495,0.554,10.979913709565025,0,1
TG_0733,Park2024_Fig5c_human1,human,computed_park_eq,0.18332729788089422,0.7422360992935728,0.5141873843594315,0.677397582874674,0.35513956760319143,0.47341288259637254,0.5169724404996112,0.019030924209463996,1122,0.547,11.366292468615441,0,1
TG_0734,Park2024_Fig5c_human1,human,computed_park_eq,0.1997061191950066,0.6206232651319157,0.4867726193498345,0.4030140943164495,0.2584521474966092,0.5482660863824262,0.5465352493112394,0.05754135605327376,2118,0.567,12.38177939009041,0,1
TG_0735,Park2024_Fig5c_human1,human,computed_park_eq,0.17636491795461673,0.5164495544488097,0.5117955798152455,0.47146283064268485,0.3166024252012851,0.5387402894059335,0.5423919754924519,0.061699543549685515,1438,0.577,10.934624913186237,0,1
TG_0736,Park2024_Fig5c_human1,human,computed_park_eq,0.17690816540376417,0.6310787345850303,0.5888873983945888,0.5823056923152433,0.4950161661381718,0.618221461787774,0.4825176029349389,0.09875993930655627,2275,0.592,10.968306255033378,0,1
TG_0737,Park2024_Fig5c_human1,human,computed_park_eq,0.19745243960314074,0.7136288589776874,0.5049526689719455,0.41569985719019886,0.43485458539599725,0.6191021621681121,0.5359357502040368,0.07627185529620391,1951,0.607,12.242051255394726,0,1
TG_0738,Park2024_Fig5c_human1,human,computed_park_eq,0.19954222150715029,0.6576390077272989,0.5241708414118651,0.4628253012465563,0.36112503667703105,0.5974438447142609,0.5239119895907184,0.07075481503368142,1820,0.616,12.371617733443317,0,1
TG_0739,Park2024_Fig5c_human1,human,computed_park_eq,0.19167844768285566,0.7104038649394538,0.4663861473633435,0.6704893688459079,0.477857895924388,0.45181963625615523,0.4852788523194952,0.03755380943562832,1125,0.619,11.884063756337051,0,1
TG_0740,Park2024_Fig5c_human1,human,computed_park_eq,0.2174516727019613,0.624920807570726,0.3184031623451604,0.6143687038279468,0.3870235194008794,0.6441109341456992,0.5191267268189264,0.05045905851043641,1597,0.621,13.482003707521601,0,1
TG_0741,Park2024_Fig5c_human1,human,computed_park_eq,0.1808563623171278,0.6397841641157421,0.45083503255400414,0.4433309452465233,0.33261986393542253,0.5168209304173127,0.5165281612713633,0.08784815031431988,1875,0.609,11.213094463661923,0,1
TG_0742,Park2024_Fig5c_human1,human,computed_park_eq,0.19143872429214961,0.5646762675810717,0.30776882107484554,0.4855635233959996,0.36619098496348246,0.45032023750980577,0.4998253358666767,0.13221154984848751,1456,0.597,11.869200906113276,0,1
TG_0743,Park2024_Fig5c_human1,human,computed_park_eq,0.17614049130941947,0.6442340308362099,0.34645241839423646,0.5068581830384138,0.40910390418027887,0.5620231966018697,0.5070523795029555,0.06303744027113128,1267,0.601,10.920710461184008,0,1
TG_0744,Park2024_Fig5c_human1,human,computed_park_eq,0.183234517567867,0.613088259619679,0.3508267206279741,0.5910464392853059,0.49243095302612394,0.615120684981403,0.4842005734812308,0.056434406754178656,1319,0.6,11.360540089207753,0,1
TG_0745,Park2024_Fig5c_human1,human,computed_park_eq,0.20380391068901424,0.735476396815105,0.5218689744333804,0.42598592825640824,0.4007462466604552,0.5320607443745324,0.5129490699643743,0.0073722585517765555,1529,0.583,12.635842462718882,0,1
TG_0746,Park2024_Fig5c_human1,human,computed_park_eq,0.187074239645646,0.5624719016077251,0.406874968381134,0.45316451706363764,0.40853594478373023,0.5732481298661225,0.5138014973881091,0.05854886688923319,1502,0.574,11.598602858030052,0,1
TG_0747,Park2024_Fig5c_human1,human,computed_park_eq,0.17745091224477083,0.7301891127636835,0.47447665135492656,0.5600440626234349,0.37891807990773846,0.523205653149303,0.5364974914223659,0.07849293739503747,1001,0.571,11.001956559175792,0,1
TG_0748,Park2024_Fig5c_human1,human,computed_park_eq,0.17144637976882696,0.5645981619675925,0.5455779691119323,0.6698801784289707,0.43457977393646263,0.4890717921697217,0.4860724044850967,0.09081667279580134,1604,0.562,10.629675545667272,0,1
TG_0749,Park2024_Fig5c_human1,human,computed_park_eq,0.16578708917372614,0.5928177301263484,0.45050974980192743,0.6176404505350488,0.23396936697773763,0.5312732810554923,0.5139551036399886,0.08112405959573095,2139,0.562,10.278799528771021,0,1
TG_0750,Park2024_Fig5c_human1,human,computed_park_eq,0.18766892937457497,0.7431721858152713,0.3857524345990228,0.42133321246403105,0.3036970806625578,0.5986588950448153,0.5106678155723307,0.1226682645884129,1964,0.552,11.635473621223648,0,1
TG_0751,Park2024_Fig5c_human1,human,computed_park_eq,0.21524679305597674,0.5844996952571225,0.5720599732019507,0.5762109605726731,0.22562074528726217,0.5399607981408857,0.5329449238320544,0.11912018425984085,1214,0.555,13.345301169470558,0,1
TG_0752,Park2024_Fig5c_human1,human,computed_park_eq,0.18144495890134482,0.6743619570410765,0.32714889332876,0.5492587948082358,0.2789240089772572,0.5948772711996089,0.4932688855975858,0.13383568733071596,1809,0.546,11.249587451883379,0,1
TG_0753,Park2024_Fig5c_human1,human,computed_park_eq,0.15977481024988455,0.5598424590855116,0.4253905524041661,0.4753576013813402,0.2961702758049497,0.47699569721432844,0.5007323735891299,0.08584257218130018,1568,0.55,9.906038235492842,0,1
TG_0754,Park2024_Fig5c_human1,human,computed_park_eq,0.16239517488771849,0.7020894556245185,0.4164175422782871,0.6387895268801822,0.29172683825371243,0.46456905950904,0.5452847785659951,0.05918266939220597,2464,0.536,10.068500843038546,0,1
TG_0755,Park2024_Fig5c_human1,human,computed_park_eq,0.1614168250982116,0.7019255922610143,0.37390447417269057,0.4189760226696039,0.23951286056190654,0.6217489937059161,0.5243648299323102,0.0379801745054965,2361,0.524,10.007843156089118,0,1
TG_0756,Park2024_Fig5c_human1,human,computed_park_eq,0.15416610373317197,0.5108583393089093,0.37830851746075445,0.6627287616577466,0.4257037107595868,0.4535290320357212,0.5161904398246796,0.07943590210690123,2389,0.528,9.558298431456661,0,1
TG_0757,Park2024_Fig5c_human1,human,computed_park_eq,0.14430541566463204,0.6358711071457537,0.32182087853315894,0.6370394121178324,0.26533424053027055,0.5854075629764021,0.5362248486270865,0.08428154343622697,2239,0.529,8.946935771207187,0,1
TG_0758,Park2024_Fig5c_human1,human,computed_park_eq,0.14650478605671785,0.6798948061873397,0.4076606072981576,0.5830130036373254,0.3147453381747783,0.5109046378302766,0.4817401661141056,0.0005871158603085958,890,0.525,9.083296735516507,0,1
TG_0759,Park2024_Fig5c_human1,human,computed_park_eq,0.16334731544278172,0.7044908735872883,0.5789765289436994,0.563525023857967,0.39843986159709555,0.6306547244477829,0.48689827959890597,0.03481178667992475,949,0.531,10.127533557452466,0,1
TG_0760,Park2024_Fig5c_human1,human,computed_park_eq,0.13691411966122127,0.5545682996953735,0.3391354229830854,0.40377334374585866,0.24618897159995118,0.5910712740388236,0.4970546998541908,0.07029027151822646,1583,0.527,8.488675418995719,0,1
TG_0761,Park2024_Fig5c_human1,human,computed_park_eq,0.16096969488009882,0.6490159827751487,0.3268956693707037,0.5012077235071839,0.22691027570445374,0.6423087445762219,0.5365083154528376,0.06894491315346903,1905,0.518,9.980121082566127,0,1
TG_0762,Park2024_Fig5c_human1,human,computed_park_eq,0.18647680793956456,0.5027533395839019,0.42499081122412513,0.44650260022502636,0.3993351971279779,0.5917598529812308,0.492451585682244,0.13327999327867274,1505,0.518,11.561562092253002,0,1
TG_0763,Park2024_Fig5c_human1,human,computed_park_eq,0.1682226443655396,0.6974936250041932,0.4917886417996372,0.6560396659607659,0.42121189160920136,0.6264411474453981,0.5103721633939836,0.11213956921491637,1240,0.505,10.429803950663455,0,1
TG_0764,Park2024_Fig5c_human1,human,computed_park_eq,0.1529279079745154,0.6812327993799048,0.33425513407113966,0.5554956167287549,0.37620433737290837,0.4848421350142782,0.5474024143924627,0.026336966645192444,1985,0.508,9.481530294419954,0,1
TG_0765,Park2024_Fig5c_human1,human,computed_park_eq,0.14954674104311902,0.5410158970663338,0.38555597880301434,0.6378520135820581,0.47172703719093434,0.6450174339415362,0.4962602757867517,0.13219463184211375,2489,0.509,9.271897944673379,0,1
TG_0766,Park2024_Fig5c_human1,human,computed_park_eq,0.15418332033614945,0.5718103369937102,0.45340172693883984,0.6420057564290739,0.21495937294825368,0.5706808424440493,0.536474469975442,0.023537590805584072,1924,0.509,9.559365860841266,0,1
TG_0767,Park2024_Fig5c_human1,human,computed_park_eq,0.16439678267840982,0.5136862455648987,0.40650457984087396,0.5445700501329932,0.35094006642449593,0.5131871644771273,0.5310468174368298,0.1312120610233462,904,0.501,10.192600526061408,0,1
TG_0768,Park2024_Fig5c_human1,human,computed_park_eq,0.1635144564340493,0.7353036735301713,0.5585640993354771,0.5692850505200295,0.323087840883184,0.5165913228742837,0.48874695962588127,0.015982687082416947,1956,0.513,10.137896298911057,0,1
TG_0769,Park2024_Fig5c_human1,human,computed_park_eq,0.13300227315034827,0.7404028605636117,0.3938533884017004,0.42941336143328196,0.35804514981512403,0.4614198156890353,0.4877380216416006,0.03290840837943694,898,0.512,8.246140935321593,0,1
TG_0770,Park2024_Fig5c_human1,human,computed_park_eq,0.16257653281123738,0.6338533338778669,0.5365198592834737,0.6454312504965245,0.4873736227146945,0.614853597184575,0.5195389005702199,0.026948544875526895,1509,0.523,10.079745034296717,0,1
TG_0771,Park2024_Fig5c_human1,human,computed_park_eq,0.16336532376642954,0.532720284638394,0.37066978037835036,0.6797511859292147,0.45785089268746937,0.5919570100447945,0.5137557661236128,0.07804854392870786,842,0.517,10.128650073518632,0,1
TG_0772,Park2024_Fig5c_human1,human,computed_park_eq,0.18802306444301134,0.6925571914124683,0.5243101542039268,0.4702307994911922,0.21797754659632446,0.5535198930107615,0.48871039455627285,0.14432938144169868,1383,0.512,11.657429995466703,0,1
TG_0773,Park2024_Fig5c_human1,human,computed_park_eq,0.17457394505426768,0.7260284151198763,0.34695876402472237,0.5099913100289369,0.3857364200140089,0.48187897695428045,0.5477615520432018,0.13721239930914905,977,0.502,10.823584593364597,0,1
TG_0774,Park2024_Fig5c_human1,human,computed_park_eq,0.16070206737879425,0.5302888653152463,0.3256225448424796,0.6728330992109893,0.2580871429386382,0.5332569857088709,0.5114195955956402,0.08985165663203513,1507,0.502,9.963528177485243,0,1
TG_0775,Park2024_Fig5c_human1,human,computed_park_eq,0.16238080817466047,0.5048503114045538,0.39810203054883064,0.5883876206028723,0.2825570635320427,0.6319173390107555,0.5243722623282709,0.01078600759746684,2168,0.503,10.06761010682895,0,1
TG_0776,Park2024_Fig5c_human1,human,computed_park_eq,0.15954224849375603,0.7394416645440556,0.32331372551751764,0.5597080704583944,0.29100928466425113,0.5285678152962805,0.49257558525687395,0.08671081530186188,1467,0.492,9.891619406612874,0,1
TG_0777,Park2024_Fig5c_human1,human,computed_park_eq,0.148989210284675,0.6832095843181039,0.4008924283241249,0.4985813018439528,0.28547397576573075,0.5456567335022087,0.4926445688558921,0.07284461010481882,1177,0.493,9.237331037649849,0,1
TG_0778,Park2024_Fig5c_human1,human,computed_park_eq,0.12750809500175544,0.56639689957684,0.5301700182477669,0.4617661932299798,0.29650591061039283,0.5430973944879399,0.5460237094785416,0.1397597137130737,2373,0.485,7.905501890108838,0,1
TG_0779,Park2024_Fig5c_human1,human,computed_park_eq,0.192274399703372,0.6276707461117956,0.44311446755380635,0.6504698285093173,0.4267659138703449,0.5466804473046009,0.48781451505772433,0.01731044389716122,985,0.49,11.921012781609065,0,1
TG_0780,Park2024_Fig5c_human1,human,computed_park_eq,0.14886337405681738,0.5800148910458957,0.42653227258083776,0.46891488510496954,0.25987148476878164,0.45755690131913596,0.5250358807548833,0.039376543572474845,1653,0.479,9.229529191522678,0,1
TG_0781,Park2024_Fig5c_human1,human,computed_park_eq,0.16371930678474192,0.7128722954116367,0.4449198735579908,0.5248212011226059,0.49335610805053454,0.490112931917614,0.4950751497998226,0.043780076555459964,1514,0.477,10.150597020653999,0,1
TG_0782,Park2024_Fig5c_human1,human,computed_park_eq,0.14531343814783507,0.6887651037040456,0.5016980429980924,0.5593603140458788,0.22966200279879542,0.6124359174585503,0.5406216233476437,0.025825303282897366,1235,0.488,9.009433165165774,0,1
TG_0783,Park2024_Fig5c_human1,human,computed_park_eq,0.19416732388951896,0.5098893766406533,0.4209116273721396,0.5947461894492618,0.40942116392102046,0.5776279805032538,0.5024394257052647,0.014028018539686425,2299,0.502,12.038374081150176,0,1
TG_0784,Park2024_Fig5c_human1,human,computed_park_eq,0.17829679790686348,0.5397311917110429,0.31603761378144546,0.533707537074024,0.2148048691092264,0.5638669263814451,0.506791043392244,0.11357836795229541,1516,0.498,11.054401470225535,0,1
TG_0785,Park2024_Fig5c_human1,human,computed_park_eq,0.16132503881398502,0.6682520415721692,0.31408932672230017,0.5698968640499597,0.42898847359918446,0.47730060241671646,0.49600695259692223,0.13237426576022046,1423,0.49,10.002152406467072,0,1
TG_0786,Park2024_Fig5c_human1,human,computed_park_eq,0.1589297672914402,0.6976418881727888,0.3728836085061132,0.6725095781239245,0.22793214695251704,0.5436283883741472,0.542127933540849,0.09618985638853046,1882,0.485,9.853645572069293,0,1
TG_0787,Park2024_Fig5c_human1,human,computed_park_eq,0.17574928495460604,0.7389950147065181,0.4594019859709827,0.5199158652923282,0.4861110879475124,0.5784220470051042,0.5008705249393589,0.01896963681053567,1405,0.488,10.896455667185574,0,1
TG_0788,Park2024_Fig5c_human1,human,computed_park_eq,0.17686820845476497,0.5905454006985379,0.49814091640932934,0.5412449258097695,0.2596789339385115,0.570337321724093,0.4842478148265478,0.06200136898067883,2069,0.499,10.965828924195428,0,1
TG_0789,Park2024_Fig5c_human1,human,computed_park_eq,0.14052666147926413,0.5947514582945499,0.4060725370896825,0.43974068620535645,0.40168479575394567,0.5517383881458752,0.5304785929280337,0.052903668025460204,872,0.485,8.712653011714377,0,1
TG_0790,Park2024_Fig5c_human1,human,computed_park_eq,0.14355126172954047,0.7106336270879504,0.3909624581279024,0.5288343691236108,0.34121178419478126,0.4814743166699821,0.48217476911711193,0.14203543491907752,1504,0.478,8.900178227231509,0,1
TG_0791,Park2024_Fig5c_human1,human,computed_park_eq,0.14855229502951656,0.7321269379859446,0.47392113448193157,0.6001110571376062,0.47347306617891577,0.5191240337801579,0.5235055117796659,0.005819918209333119,1594,0.478,9.210242291830026,0,1
TG_0792,Park2024_Fig5c_human1,human,computed_park_eq,0.1483496317463078,0.5979995109722871,0.4106108772011884,0.6070077471821964,0.3161549822467803,0.5192217000328816,0.538512188568837,0.015191418574650955,1981,0.473,9.197677168271083,0,1
TG_0793,Park2024_Fig5c_human1,human,computed_park_eq,0.13580938183010982,0.7014764606333603,0.38390215696393293,0.45745639661504445,0.35127903823790946,0.6231290072745463,0.496894479268625,0.011780436418919803,1875,0.462,8.420181673466809,0,1
TG_0794,Park2024_Fig5c_human1,human,computed_park_eq,0.1315860463761433,0.5570414784377264,0.5220053400474638,0.4929199746838036,0.4576256076827552,0.5900909730848716,0.5081269421021186,0.011445368126111933,2123,0.455,8.158334875320884,0,1
TG_0795,Park2024_Fig5c_human1,human,computed_park_eq,0.14730027768125054,0.5380570534792167,0.500012656618937,0.48528648672863783,0.3757334812793143,0.5673535815689182,0.5112010874632008,0.1254177923317564,1201,0.464,9.132617216237533,0,1
TG_0796,Park2024_Fig5c_human1,human,computed_park_eq,0.14419023287533989,0.7492019281697135,0.346105240742174,0.6588892139426425,0.2798064130186405,0.5681631749791015,0.5154040983708448,0.0026982197358581483,1105,0.447,8.939794438271074,0,1
TG_0797,Park2024_Fig5c_human1,human,computed_park_eq,0.13365331304830036,0.6823803554941096,0.3061023245646533,0.4615561428714421,0.3461247632970734,0.6256504935464693,0.5169078604965474,0.13948057234408184,2102,0.43,8.286505408994623,0,1
TG_0798,Park2024_Fig5c_human1,human,computed_park_eq,0.1473931773689406,0.5681984731749614,0.43906542536559723,0.6663513767778639,0.33653726930983086,0.561182403414864,0.5082783398312158,0.06901757748049882,2030,0.43,9.138376996874316,0,1
TG_0799,Park2024_Fig5c_human1,human,computed_park_eq,0.17108360406215659,0.6946289700154159,0.33930438559513965,0.5802871584992492,0.21028937039099352,0.5495132166777452,0.4908389877134159,0.027438438894312706,1296,0.431,10.60718345185371,0,1
TG_0800,Park2024_Fig5c_human1,human,computed_park_eq,0.1427884416809632,0.5033523634680308,0.305833877525864,0.6918884904856124,0.26643526741197354,0.611121657762863,0.4840792711092402,0.13817441050418236,1536,0.437,8.852883384219718,0,1
TG_0801,Park2024_Fig5c_human1,human,computed_park_eq,0.16869605136413798,0.5839023110602253,0.5295319774899392,0.5298301245124581,0.34525534949677905,0.5796204254522143,0.48128508687994564,0.09809913321303725,986,0.443,10.459155184576556,0,1
TG_0802,Park2024_Fig5c_human1,human,computed_park_eq,0.1405638817867639,0.5707501588572694,0.31139279027088196,0.698378256166582,0.34459585604792176,0.6012008483548155,0.5116619824535935,0.006475543629441216,2473,0.422,8.714960670779362,0,1
TG_0803,Park2024_Fig5c_human1,human,computed_park_eq,0.15161330306476323,0.5109152321782522,0.37098993944100267,0.666924697088614,0.20274966505514497,0.4902798205587775,0.5471316923181077,0.09201027697832566,2099,0.416,9.40002479001532,0,1
TG_0804,Park2024_Fig5c_human1,human,computed_park_eq,0.13803727571425536,0.5781852790471,0.44581325954539625,0.5992302013443673,0.35841423470113976,0.6438882938264514,0.5306792414964985,0.03180672740744616,1890,0.418,8.558311094283832,0,1
TG_0805,Park2024_Fig5c_human1,human,computed_park_eq,0.10813074988472744,0.6292794827142298,0.5724251061179564,0.6413123242413101,0.21974895300894615,0.5885145600155164,0.5200328265721268,0.13611947645196382,1116,0.409,6.704106492853102,0,1
TG_0806,Park2024_Fig5c_human1,human,computed_park_eq,0.12357311725203525,0.6229669554793017,0.5352839444863707,0.5751779617593223,0.22472998160569724,0.6031304673410367,0.48488596394263245,0.07180525808539984,1809,0.41,7.661533269626186,0,1
TG_0807,Park2024_Fig5c_human1,human,computed_park_eq,0.1288770355284061,0.615217183817413,0.5013913270692839,0.4486550117223632,0.3459327161425624,0.5977078078951815,0.5406798649118947,0.09393889119936401,1704,0.411,7.990376202761179,0,1
TG_0808,Park2024_Fig5c_human1,human,computed_park_eq,0.1329279552116323,0.5315708681461422,0.5837329491739041,0.4397722232453447,0.4324018811545395,0.5029632643556637,0.5453515200590876,0.10799393090542193,1919,0.41,8.241533223121204,0,1
TG_0809,Park2024_Fig5c_human1,human,computed_park_eq,0.12793115458326623,0.6544532986473216,0.5309920854619803,0.43118781277371687,0.4887095949363585,0.6280441341109112,0.4989244013346909,0.12341403645484979,906,0.419,7.931731584162506,0,1
TG_0810,Park2024_Fig5c_human1,human,computed_park_eq,0.10522497630938349,0.5796129917014511,0.51927841077991,0.4863155303470088,0.42111905529325255,0.46402029605348843,0.5405178939107459,0.07493496950638992,1896,0.41,6.523948531181777,0,1
TG_0811,Park2024_Fig5c_human1,human,computed_park_eq,0.1290999827834296,0.5330087942224989,0.526870076944864,0.4827784893850189,0.47148856405097417,0.6135701326829666,0.5042386229074324,0.12116089398010717,921,0.327,8.004198932572635,0,1
TG_0812,Park2024_Fig5c_human1,human,computed_park_eq,0.12563363481385145,0.5242046827468047,0.44281701064531853,0.6975058421178206,0.4311313408377011,0.4921056976881226,0.5151009031588538,0.03504371454728498,1867,0.325,7.789285358458789,0,1
TG_0813,Park2024_Fig5c_human1,human,computed_park_eq,0.0967716400594498,0.6213744100706659,0.4433998635162934,0.5414099453223531,0.25273514474911457,0.47898650542190013,0.4978337310430034,0.1371789230703084,1338,0.33,5.999841683685887,0,1
TG_0814,Park2024_Fig5c_human1,human,computed_park_eq,0.08945862583331884,0.6216012588840445,0.45147984122682006,0.45292357312836584,0.4438198712914038,0.5583520639882031,0.4891755903193292,0.11492356523741669,2343,0.328,5.546434801665768,0,1
TG_0815,Park2024_Fig5c_human1,human,computed_park_eq,0.11629641731373795,0.6589848941853584,0.5624963064157954,0.4248214910461215,0.4745250000074224,0.5086697253340179,0.5143486042148889,0.06579171539094655,1010,0.322,7.210377873451753,0,1
TG_0816,Park2024_Fig5c_human1,human,computed_park_eq,0.08726904114631692,0.5957911171397814,0.5383988677193667,0.5368950461652887,0.25123047800100107,0.5034419790972149,0.5156379369631265,0.022118087613920232,1594,0.327,5.410680551071649,0,1
TG_0817,Park2024_Fig5c_human1,human,computed_park_eq,0.13292197499436012,0.7344261538448419,0.5736763683303467,0.6838226854206493,0.27341467910711026,0.47631306132787093,0.5011593690347514,0.13426277591494717,2044,0.331,8.241162449650327,0,1
TG_0818,Park2024_Fig5c_human1,human,computed_park_eq,0.11248878286581568,0.714831237767619,0.3330053163382631,0.6842283994179379,0.32700740820523577,0.45186205815247077,0.5109675618523736,0.006910375451320138,2152,0.33,6.974304537680572,0,1
TG_0819,Park2024_Fig5c_human1,human,computed_park_eq,0.1003797907212138,0.5357060276217207,0.5087644723105454,0.4493734434140509,0.42610415466289714,0.6436224472812233,0.5345687008156683,0.0033673872646987012,2179,0.335,6.223547024715256,0,1
TG_0820,Park2024_Fig5c_human1,human,computed_park_eq,0.1212353983737915,0.6329832443881979,0.3853535879227332,0.4141183593630842,0.4005640085341956,0.6225541554918451,0.4914031858134176,0.12186204864358507,1980,0.34,7.516594699175073,0,1
TG_0821,Park2024_Fig5c_human1,human,computed_park_eq,0.12707213435609438,0.7323518915175518,0.48852684867530183,0.5184835558064387,0.2762093053396958,0.6464270368872301,0.5488113998653451,0.1387465422352552,2088,0.338,7.878472330077852,0,1
TG_0822,Park2024_Fig5c_human1,human,computed_park_eq,0.10581322137375054,0.5640730938423044,0.35712404880747306,0.6009860472577654,0.20012046320760196,0.6111782338393709,0.485547472429095,0.028723442236217915,1681,0.348,6.560419725172534,0,1
TG_0823,Park2024_Fig5c_human1,human,computed_park_eq,0.07719948306212926,0.7239110382659587,0.337845928886345,0.43698517823572386,0.24423578014247035,0.4559472522589205,0.4850212216470436,0.09898048002435585,859,0.352,4.786367949852014,0,1
TG_0824,Park2024_Fig5c_human1,human,computed_park_eq,0.07929239192126071,0.6909007667720034,0.597779315574498,0.5977104043297004,0.21513667118603713,0.4709125729508683,0.5416702859370296,0.07912439168373923,1981,0.354,4.916128299118164,0,1
TG_0825,Park2024_Fig5c_human1,human,computed_park_eq,0.11643707403946472,0.5852550430640084,0.5885594623043995,0.5642219218003676,0.2192758168863833,0.578555310011973,0.5211379325276507,0.1343689309342059,2482,0.365,7.219098590446813,0,1
TG_0826,Park2024_Fig5c_human1,human,computed_park_eq,0.12569692505874844,0.6218669588659935,0.4092363170524516,0.5918159264362294,0.23871092266682747,0.5360632856084782,0.49922935229650006,0.1331627287007532,1643,0.365,7.793209353642403,0,1
TG_0827,Park2024_Fig5c_human1,human,computed_park_eq,0.11472087296653576,0.6784752333491495,0.4440055529533863,0.520718069444329,0.24543728672012435,0.5383698068955465,0.5339484379532164,0.03960192691078395,1971,0.37,7.112694123925217,0,1
TG_0828,Park2024_Fig5c_human1,human,computed_park_eq,0.11610926034772764,0.5166013383651243,0.5968048542126118,0.4117875835452078,0.3964721369443577,0.5385471855412917,0.5464241352732101,0.036899961046019274,2205,0.379,7.198774141559114,0,1
TG_0829,Park2024_Fig5c_human1,human,computed_park_eq,0.15273689010637048,0.5170025579881051,0.35813673900700643,0.46436944602785496,0.4214452264525069,0.48782773926534806,0.5201444234723683,0.03228657307514305,1800,0.382,9.46968718659497,0,1
TG_0830,Park2024_Fig5c_human1,human,computed_park_eq,0.11698493089865107,0.5470962523337183,0.31687400829455176,0.4242125362581958,0.49783129595382014,0.6067167789485768,0.5445391233175622,0.0292582083354545,1272,0.379,7.2530657157163665,0,1
TG_0831,Park2024_Fig5c_human1,human,computed_park_eq,0.13225013115814002,0.5990693156229252,0.5081590026985183,0.5467968242425364,0.3537728647772635,0.5035548629208235,0.51184655437894,0.07061774955190608,2378,0.382,8.19950813180468,0,1
TG_0832,Park2024_Fig5c_human1,human,computed_park_eq,0.1222847658250893,0.6943331285205483,0.467004615804526,0.5937277876783917,0.20405518150991603,0.4824341454274376,0.5489440336211834,0.011399025947374769,946,0.384,7.581655481155537,0,1
TG_0833,Park2024_Fig5c_human1,human,computed_park_eq,0.12971059683536507,0.6761234091029211,0.4361539691420735,0.5621832982974186,0.45488005249473745,0.5460269879276747,0.5061245158373588,0.07398712395389787,1260,0.394,8.042057003792634,0,1
TG_0834,Park2024_Fig5c_human1,human,computed_park_eq,0.12331301679341293,0.6286673810129568,0.3317101811637902,0.6082217000592953,0.35574891187236213,0.5096115143589619,0.5095777566156698,0.04475066153812481,1136,0.402,7.645407041191602,0,1
TG_0835,Park2024_Fig5c_human1,human,computed_park_eq,0.1266007130154632,0.6006963835116237,0.4766430810468669,0.4267666504171716,0.3292949188541775,0.4849573430090316,0.5490970060146882,0.08417253186527615,2001,0.397,7.849244206958717,0,1
TG_0836,Park2024_Fig5c_human1,human,computed_park_eq,0.11179787707788631,0.6547337906908585,0.3848657729359095,0.6684607602116559,0.20726181332675897,0.5197204938885691,0.5305260295084899,0.012013426450674186,1487,0.397,6.931468378828951,0,1
TG_0837,Park2024_Fig5c_human1,human,computed_park_eq,0.13039689523919917,0.5695542967672056,0.3184823955877408,0.4487495246423324,0.46851015765603105,0.5872048447871783,0.4974931205145823,0.00984011474175443,1406,0.403,8.084607504830348,0,1
TG_0838,Park2024_Fig5c_human1,human,computed_park_eq,0.1517344552236989,0.5376361470155562,0.4407120139997889,0.5513274238190311,0.3755233449119648,0.5526340032661129,0.5146983539160099,0.04991012309757833,2392,0.406,9.407536223869332,0,1
TG_0839,Park2024_Fig5c_human1,human,computed_park_eq,0.10729422303351076,0.6116721804361662,0.3762441840383443,0.6475404626984257,0.34557668124417235,0.5586811704396528,0.5013332638958128,0.02727126985004246,1099,0.416,6.652241828077667,0,1
TG_0840,Park2024_Fig5c_human1,human,computed_park_eq,0.16487968999837957,0.5290451435635223,0.4848762121712437,0.5331567973421708,0.2564047151588867,0.5806273466583711,0.4903938228103699,0.08314510587719288,1390,0.42,10.222540779899534,0,1
TG_0841,Park2024_Fig5c_human1,human,computed_park_eq,0.12587614954817927,0.6659335901734846,0.49973532044066127,0.4858672921719983,0.3380307879673064,0.48868944560238753,0.4947260457070885,0.003457063260991111,2466,0.413,7.804321271987115,0,1
TG_0842,Park2024_Fig5c_human1,human,computed_park_eq,0.1255535632442364,0.6301140230348458,0.5582432588060212,0.4016331127575072,0.210552389459479,0.6323643187273486,0.5342732350920142,0.06760590873755785,1216,0.429,7.7843209211426565,0,1
TG_0843,Park2024_Fig5c_human1,human,computed_park_eq,0.16271760310173203,0.6393561861675355,0.3768063519184539,0.5952483851467985,0.2348821040878642,0.557282076616006,0.5106003673531524,0.04018103742261612,1399,0.444,10.088491392307386,0,1
TG_0844,Park2024_Fig5c_human1,human,computed_park_eq,0.12558251585592506,0.6243102119701609,0.3281972788249806,0.4872166922861995,0.4951195561991018,0.6421429503339635,0.5024340828358883,0.14944452063678387,1589,0.447,7.786115983067353,0,1
TG_0845,Park2024_Fig5c_human1,human,computed_park_eq,0.1565655771534039,0.5920738669139274,0.41203337734363066,0.5150603537301931,0.45098606311029743,0.5801576641693804,0.5229918195223225,0.050121453357579324,1596,0.454,9.707065783511043,0,1
TG_0846,Park2024_Fig5c_human1,human,computed_park_eq,0.13962507132948887,0.58404006443613,0.3925407637748059,0.40601379985976943,0.37477067276444337,0.5897667340892065,0.5397706195467643,0.02102481500740955,2376,0.451,8.65675442242831,0,1
TG_0847,Park2024_Fig5c_human1,human,computed_park_eq,0.13894747175109934,0.5857416299250195,0.34147366969021714,0.5318396123075326,0.3488968313853137,0.5307293388986956,0.5275062065678828,0.0631344793138839,2404,0.445,8.614743248568159,0,1
TG_0848,Park2024_Fig5c_human1,human,computed_park_eq,0.17101172596136824,0.7394575543688191,0.5651286046374095,0.6799988257349041,0.4576227189539923,0.5886763801229711,0.49191814064878053,0.04075612782811394,2431,0.48,10.60272700960483,0,1
TG_0849,Park2024_Fig5c_human1,human,computed_park_eq,0.14861608284231226,0.6671883136124535,0.4628634397082415,0.6498680784661688,0.23752667295092106,0.47595659314452227,0.5189772852194815,0.14195679800375563,1571,0.487,9.21419713622336,0,1
TG_0850,Park2024_Fig5c_human1,human,computed_park_eq,0.16557623231514787,0.563403906909641,0.565120016649416,0.5684433831210031,0.2557800922623154,0.49487383513969724,0.514569443699567,0.14424030383623182,2041,0.493,10.265726403539167,0,1
TG_0851,Park2024_Fig5c_human1,human,computed_park_eq,0.17701370646082185,0.5713110855766916,0.3717633264102656,0.6360927398143602,0.2169145561559695,0.5238765295165171,0.5154066455814631,0.08405230115254851,2295,0.492,10.974849800570954,0,1
TG_0852,Park2024_Fig5c_human1,human,computed_park_eq,0.16746849824498436,0.7327725726270037,0.5368137976810731,0.6170184066564786,0.28221247691128276,0.6191930512197067,0.5099253992599356,0.0408360813759067,1844,0.503,10.38304689118903,0,1
TG_0853,Park2024_Fig5c_human1,human,computed_park_eq,0.15437394731150206,0.6250494838806964,0.552132825163806,0.6103880026265152,0.4367121812606142,0.5201951247852183,0.5083257619153985,0.05905228289859192,1272,0.499,9.571184733313128,0,1
TG_0854,Park2024_Fig5c_human1,human,computed_park_eq,0.15116412684616162,0.7187243086494816,0.5315348817205043,0.5253722451386228,0.42452190332151135,0.6422669262389613,0.5121278802645745,0.035764076843022546,1507,0.495,9.37217586446202,0,1
TG_0855,Park2024_Fig5c_human1,human,computed_park_eq,0.1699594166117217,0.7364183842627011,0.4226781707270016,0.5985909518351902,0.3394564342439812,0.5761177394617087,0.5114719234205416,0.028294836963611222,972,0.504,10.537483829926746,0,1
TG_0856,Park2024_Fig5c_human1,human,computed_park_eq,0.1761606971690438,0.5582611570667181,0.47208835738287236,0.6464606733669058,0.20857127531720315,0.5761702077290224,0.5044709637049074,0.04390071686391362,1180,0.506,10.921963224480717,0,1
TG_0857,Park2024_Fig5c_human1,human,computed_park_eq,0.15747970479974216,0.6355749939052697,0.34443023958813823,0.623894143770723,0.2025064112516416,0.4837198096868074,0.5206557780897433,0.10715813430559386,1882,0.499,9.763741697584013,0,1
TG_0858,Park2024_Fig5c_human1,human,computed_park_eq,0.1562102488418342,0.6763741629836559,0.5015337810764597,0.5183023439051992,0.20038532765804043,0.4740318517471244,0.5174188181329228,0.10126948287666294,1831,0.509,9.685035428193721,0,1
TG_0859,Park2024_Fig5c_human1,human,computed_park_eq,0.17841581442823984,0.6520875116329197,0.4333056588292485,0.6831987720131834,0.21435164375211166,0.6200343890410096,0.5498307815062181,0.1330413166324301,2261,0.526,11.06178049455087,0,1
TG_0860,Park2024_Fig5c_human1,human,computed_park_eq,0.16278739744003692,0.5523516784874833,0.3035339628859926,0.6992268817160663,0.28432216563353396,0.583603890502512,0.49236776199234134,0.08703427982987126,2368,0.536,10.092818641282289,0,1
TG_0861,Park2024_Fig5c_human1,human,computed_park_eq,0.18120283126336967,0.7202203559436842,0.5417240676534361,0.5807534090724186,0.28874681557455895,0.6276418386428299,0.5388422535941235,0.07093189833158176,1619,0.543,11.234575538328919,0,1
TG_0862,Park2024_Fig5c_human1,human,computed_park_eq,0.18656605165198795,0.6596359318504783,0.31517905610297453,0.6778839885545221,0.4884893769875921,0.48789802917992087,0.5273472564638437,0.013840350684414415,832,0.553,11.567095202423253,0,1
TG_0863,Park2024_Fig5c_human1,human,computed_park_eq,0.21500350778534266,0.7224218531429163,0.4321303711968138,0.6703532869652067,0.42520070428449647,0.547720985175597,0.5222255494960575,0.048837169877851715,866,0.556,13.330217482691245,0,1
TG_0864,Park2024_Fig5c_human1,human,computed_park_eq,0.18205886671782492,0.7094683175298406,0.564834509887949,0.6766146406381321,0.2313583663627083,0.4757494405751426,0.518990476441919,0.13409590026366439,1352,0.558,11.287649736505145,0,1
TG_0865,Park2024_Fig5c_human1,human,computed_park_eq,0.15109645956431852,0.5411794367357452,0.5067430070941012,0.5543713348803401,0.26004626337481007,0.5139178852519997,0.5214265535364329,0.010834402240871677,1556,0.558,9.367980492987748,0,1
TG_0866,Park2024_Fig5c_human1,human,computed_park_eq,0.17322109169513028,0.7226173934959724,0.4707844148851573,0.6435727344879714,0.442381409004285,0.48797053205419383,0.4877120484177543,0.108193090346074,840,0.563,10.739707685098077,0,1
TG_0867,Park2024_Fig5c_human1,human,computed_park_eq,0.17770380085134346,0.6553661056641962,0.5333633116610631,0.5501075081153171,0.3072539985281711,0.5054853469601959,0.5249961435113458,0.10392017979448631,1711,0.573,11.017635652783294,0,1
TG_0868,Park2024_Fig5c_human1,human,computed_park_eq,0.18259716782512828,0.603790896651026,0.5294636490265405,0.45238327509467857,0.29667811814584544,0.6448609926220955,0.5490429721492089,0.0768907579532382,2345,0.564,11.321024405157953,0,1
TG_0869,Park2024_Fig5c_human1,human,computed_park_eq,0.17894389958200943,0.653725753641734,0.44472708047841863,0.42809723578224235,0.43042681352559997,0.5994449290177174,0.5018192325044969,0.04593588678426006,2272,0.556,11.094521774084585,0,1
TG_0870,Park2024_Fig5c_human1,human,computed_park_eq,0.19100272474971014,0.6423803196705081,0.5215053831363584,0.44245636073498806,0.46474105848294067,0.5664791016817006,0.4888790748824818,0.06928878063086025,2188,0.558,11.842168934482029,0,1
TG_0871,Park2024_Fig5c_human1,human,computed_park_eq,0.16357845863007753,0.5693146040872965,0.5990049833804039,0.6252370693539363,0.3934159932145453,0.5210579286438638,0.48344125804085336,0.004658531405273341,1486,0.567,10.141864435064807,0,1
TG_0872,Park2024_Fig5c_human1,human,computed_park_eq,0.20379005132413627,0.5016313526072218,0.44385577113340613,0.4047560636120701,0.22759535320124,0.5153378045063497,0.5106020434692125,0.041920416184447286,1423,0.567,12.634983182096448,0,1
TG_0873,Park2024_Fig5c_human1,human,computed_park_eq,0.16698099276703307,0.6599438003926056,0.31640538622600967,0.5222146837357421,0.25322284103635473,0.4719272565070373,0.519692294845086,0.13925036580084327,2373,0.563,10.352821551556051,0,1
TG_0874,Park2024_Fig5c_human1,human,computed_park_eq,0.18543893518617405,0.5240314629330378,0.42737178215578664,0.6801036718398805,0.36271596805713163,0.5554912927443465,0.4898788282809525,0.00011842666398281798,1697,0.556,11.49721398154279,0,1
TG_0875,Park2024_Fig5c_human1,human,computed_park_eq,0.17875903708235416,0.7286541136287978,0.3625955739475293,0.5995818508710732,0.22360957301225284,0.5707510287675226,0.4914752204667242,0.1103930340772767,2455,0.546,11.083060299105957,0,1
TG_0876,Park2024_Fig5c_human1,human,computed_park_eq,0.16034425447098097,0.7474341494280677,0.4132162874924329,0.5334267694606037,0.2139300966448437,0.4527466376165157,0.5444993534413429,0.01929360906587881,2411,0.539,9.94134377720082,0,1
TG_0877,Park2024_Fig5c_human1,human,computed_park_eq,0.15960229660612343,0.6063391240674959,0.37416182212166305,0.6245125748284548,0.2786105013520624,0.6263434612790792,0.5424274147984629,0.029466197283417876,1326,0.539,9.895342389579653,0,1
TG_0878,Park2024_Fig5c_human1,human,computed_park_eq,0.17804429780298714,0.520237425505589,0.47315148798719886,0.6808721163421609,0.4600074045198185,0.646515784598441,0.5169483826292892,0.11818964076566502,1298,0.536,11.038746463785202,0,1
TG_0879,Park2024_Fig5c_human1,human,computed_park_eq,0.17564118621258634,0.6259721991978184,0.5126296897036964,0.4746830574390618,0.29733146859051984,0.5168430674520229,0.4818019686823051,0.05115718092459353,2406,0.533,10.889753545180353,0,1
TG_0880,Park2024_Fig5c_human1,human,computed_park_eq,0.15697171130798038,0.6873998602801905,0.43120427172977843,0.6797923187661954,0.3897416607234432,0.5076591609108513,0.5246918549456501,0.04302236208105468,2342,0.52,9.732246101094784,0,1
TG_0881,Park2024_Fig5c_human1,human,computed_park_eq,0.12605999627980008,0.7310546087106651,0.30731729793302903,0.5744274684607261,0.3646797573498013,0.49386408024227646,0.5100221201945148,0.09783960089156553,2131,0.508,7.815719769347606,0,1
TG_0882,Park2024_Fig5c_human1,human,computed_park_eq,0.1611338724529199,0.5508532505495788,0.3440682491738798,0.656746872137171,0.4042751637851755,0.48731569985072826,0.49885517904644766,0.12009959122879667,1764,0.512,9.990300092081034,0,1
TG_0883,Park2024_Fig5c_human1,human,computed_park_eq,0.1778544027041819,0.5642380748771174,0.3062728537005705,0.4669270055336068,0.2169547072390272,0.4706789873260083,0.510205568389335,0.03448775562924489,1882,0.518,11.026972967659278,0,1
TG_0884,Park2024_Fig5c_human1,human,computed_park_eq,0.17185994398235907,0.5633734383142976,0.5821611903308843,0.6717831903778793,0.37004183150313985,0.5208847983974773,0.5066802817424315,0.06177784247167454,1673,0.514,10.655316526906262,0,1
TG_0885,Park2024_Fig5c_human1,human,computed_park_eq,0.1861320726695353,0.7323957736493922,0.3552659697889078,0.531058010967138,0.3177146302798164,0.5310430246598558,0.4887866926859513,0.12204235889710789,1301,0.522,11.540188505511189,0,1
TG_0886,Park2024_Fig5c_human1,human,computed_park_eq,0.16865855334758703,0.7191401226971794,0.3474858768177294,0.5366982464659276,0.3817097721379627,0.5883727816321689,0.5068148558808555,0.13036486030870928,2141,0.518,10.456830307550396,0,1
TG_0887,Park2024_Fig5c_human1,human,computed_park_eq,0.17989153012849693,0.5329359499079911,0.5040713261531349,0.6527370958355241,0.2685414727751071,0.6232854805797512,0.4823326239607656,0.1369181078079788,1992,0.521,11.15327486796681,0,1
TG_0888,Park2024_Fig5c_human1,human,computed_park_eq,0.15065657180583564,0.5758048866796478,0.5093971414493377,0.6370779711825081,0.2887258503860988,0.5491307841766494,0.5094783233103857,0.06157841765271418,1644,0.519,9.34070745196181,0,1
TG_0889,Park2024_Fig5c_human1,human,computed_park_eq,0.18007119591544005,0.6023472827958546,0.3869642038601579,0.40435452835828267,0.3724517113579625,0.5304549534862867,0.506225445331038,0.027440298192631878,1681,0.521,11.164414146757283,0,1
TG_0890,Park2024_Fig5c_human1,human,computed_park_eq,0.172937918431616,0.5864571425773984,0.40735234759246,0.4025354488187382,0.4517623859118377,0.45639889202886497,0.545812588431047,0.1338111526640431,1774,0.523,10.72215094276019,0,1
TG_0891,Park2024_Fig5c_human1,human,computed_park_eq,0.19939419920651327,0.5967625029837218,0.4941666850193566,0.41343051660654606,0.21621428820491798,0.5414460839239089,0.5184735610774225,0.13317264605037285,1342,0.515,12.362440350803823,0,1
TG_0892,Park2024_Fig5c_human1,human,computed_park_eq,0.17775608560045703,0.6235394008879511,0.519561975918816,0.5151373767720542,0.48349011909202283,0.5463606885077883,0.5199849736730359,0.1238296235020124,1558,0.525,11.020877307228336,0,1
TG_0893,Park2024_Fig5c_human1,human,computed_park_eq,0.1714040572390531,0.6207529638870947,0.5689512752876984,0.6948040146167302,0.31973280517241875,0.5330878032519322,0.5085573821544008,0.048683116459638916,2162,0.525,10.627051548821292,0,1
TG_0894,Park2024_Fig5c_human1,human,computed_park_eq,0.15938854994111334,0.5672799381595026,0.5409399266808738,0.4132436686262367,0.497627656108646,0.4760703359429584,0.5357247967777856,0.05921629751575243,1102,0.521,9.882090096349028,0,1
TG_0895,Park2024_Fig5c_human1,human,computed_park_eq,0.17375533517680838,0.6831103647826123,0.429663956275507,0.6039177388005275,0.38270868341207476,0.603796039045726,0.5112738884127777,0.07092384373444537,1148,0.513,10.77283078096212,0,1
TG_0896,Park2024_Fig5c_human1,human,computed_park_eq,0.17904111716393253,0.6027401520089758,0.4943511115824679,0.6136215976743791,0.2535352022295124,0.4659176294744085,0.5458277923761882,0.03909995738431526,1440,0.505,11.100549264163817,0,1
TG_0897,Park2024_Fig5c_human1,human,computed_park_eq,0.16683054758727406,0.5237600601629049,0.3284860942254993,0.6184550071565447,0.2972405521498389,0.6454845895427496,0.48261470555048885,0.06676599955769912,1330,0.508,10.343493950410991,0,1
TG_0898,Park2024_Fig5c_human1,human,computed_park_eq,0.14439784452167428,0.6274392667252179,0.47557826265295394,0.5078016971547361,0.34260772030426057,0.5227028914738534,0.5248704240124491,0.1351888811694845,2256,0.496,8.952666360343805,0,1
TG_0899,Park2024_Fig5c_human1,human,computed_park_eq,0.1673069348604796,0.5864325630482494,0.3514194936974257,0.4236941798098695,0.4079892405654476,0.6069446830358717,0.5378517556718486,0.1370647504955698,894,0.491,10.373029961349735,0,1
TG_0900,Park2024_Fig5c_human1,human,computed_park_eq,0.1761698397165534,0.7078934814776131,0.3450931867451906,0.4115774685814402,0.4636643437738556,0.5129866454917865,0.48902852355490156,0.07026918556306298,2428,0.493,10.922530062426311,0,1
TG_0901,Park2024_Fig5c_human1,human,computed_park_eq,0.1723908446339107,0.7339539060277864,0.37020158614811094,0.4253163843684961,0.27776460013159593,0.4537855281022927,0.48251249258322526,0.13722867088811394,1360,0.493,10.688232367302463,0,1
TG_0902,Park2024_Fig5c_human1,human,computed_park_eq,0.18324033576263402,0.7304316673629153,0.5272407152169309,0.6195115818169454,0.41275421113832145,0.4900679642192885,0.4947704684195268,0.10324394976408825,807,0.489,11.360900817283309,0,1
TG_0903,Park2024_Fig5c_human1,human,computed_park_eq,0.15435336363329769,0.5807677671014377,0.5516913290022204,0.48930211467785373,0.39792909213592514,0.4773964444619056,0.5280806545614437,0.13699495674000506,1578,0.493,9.569908545264456,0,1
TG_0904,Park2024_Fig5c_human1,human,computed_park_eq,0.12425461322308613,0.5787102888521838,0.33504123232018557,0.48194788611098355,0.26285576729375965,0.5410657499617204,0.5435906283510585,0.01567204751309371,1469,0.493,7.70378601983134,0,1
TG_0905,Park2024_Fig5c_human1,human,computed_park_eq,0.13726864729226088,0.7477641271847717,0.3305857648740832,0.5213935085320298,0.21873425935925225,0.6142156723996482,0.48646420872618024,0.10110110346940666,1441,0.485,8.510656132120173,0,1
TG_0906,Park2024_Fig5c_human1,human,computed_park_eq,0.13189117790911373,0.709852009402318,0.4344512541063955,0.5910078743073826,0.2663713459420051,0.5854147425316896,0.5340568193125294,0.0709819780326598,1342,0.483,8.177253030365051,0,1
TG_0907,Park2024_Fig5c_human1,human,computed_park_eq,0.16926880358195656,0.5515492698138006,0.3749561388234989,0.5009383487731637,0.37674691321813647,0.5408844638319082,0.5321601366879475,0.03203509505042885,1651,0.481,10.494665822081307,0,1
TG_0908,Park2024_Fig5c_human1,human,computed_park_eq,0.13615691023898602,0.5569081339548481,0.45733090375732477,0.6418290243882242,0.30604324253851367,0.5784419274005395,0.49719421018341703,0.016391916805223988,1758,0.478,8.441728434817133,0,1
TG_0909,Park2024_Fig5c_human1,human,computed_park_eq,0.15709949821452393,0.5672630571855407,0.543566893070495,0.5600435427718878,0.21582698444962725,0.5413877699796498,0.5459510541920995,0.1331789024603329,2322,0.471,9.740168889300485,0,1
TG_0910,Park2024_Fig5c_human1,human,computed_park_eq,0.15665800823657447,0.6127466256620859,0.3302258531878729,0.6122568456934128,0.20935247273357638,0.6240393380984485,0.4897056770379313,0.01909678181200875,1848,0.464,9.712796510667618,0,1
TG_0911,Park2024_Fig5c_human1,human,computed_park_eq,0.15716145953855995,0.6631211821015394,0.5321402245707101,0.5075087606973485,0.2549594735379905,0.5785547323236585,0.5029439844088853,0.1290110278484689,2147,0.466,9.744010491390718,0,1
TG_0912,Park2024_Fig5c_human1,human,computed_park_eq,0.15379244040163456,0.5642796259996736,0.5845962242708972,0.45092754946214075,0.4896959524299237,0.4529712245015008,0.5136787984271792,0.05000517571748442,944,0.469,9.535131304901343,0,1
TG_0913,Park2024_Fig5c_human1,human,computed_park_eq,0.13321873141510351,0.5324747011342027,0.5146308609829622,0.4207522571516252,0.29936249069855647,0.506499745324193,0.5188611810853109,0.10956243975296033,1582,0.454,8.259561347736417,0,1
TG_0914,Park2024_Fig5c_human1,human,computed_park_eq,0.13052792056165097,0.7327564982437669,0.5854327916661995,0.5084395985495547,0.43330411288246784,0.597760276653638,0.542507521419338,0.06719154603115549,896,0.45,8.09273107482236,0,1
TG_0915,Park2024_Fig5c_human1,human,computed_park_eq,0.16465306995777293,0.5574255788405336,0.3719127234727334,0.511781531073124,0.26910284963070535,0.5622013672829842,0.48941430745468517,0.0480279329106083,1570,0.458,10.208490337381921,0,1
TG_0916,Park2024_Fig5c_human1,human,computed_park_eq,0.140286732961257,0.5207596894525466,0.35731556061260483,0.5322264830323953,0.3754270425011914,0.6132455703725601,0.5491783480600231,0.05832772447111746,2407,0.455,8.697777443597934,0,1
TG_0917,Park2024_Fig5c_human1,human,computed_park_eq,0.14083586013279348,0.5493683959214207,0.4879975917274023,0.6054319474837595,0.23763253533515602,0.6072966068591812,0.48126421538319725,0.07240925812151751,1635,0.447,8.731823328233196,0,1
TG_0918,Park2024_Fig5c_human1,human,computed_park_eq,0.1488251602062656,0.5701158060511631,0.5193308949010687,0.47265503367813033,0.25151299669210647,0.5559667777924141,0.5002991174850899,0.09433577173854225,1450,0.441,9.227159932788467,0,1
TG_0919,Park2024_Fig5c_human1,human,computed_park_eq,0.12981872306544978,0.5655762328461099,0.5516663697377323,0.40969697959782714,0.35605488071971814,0.5634257415064746,0.5192805802670369,0.07129456107348835,2003,0.448,8.048760830057887,0,1
TG_0920,Park2024_Fig5c_human1,human,computed_park_eq,0.13990853493262728,0.6703651531292928,0.31906071672717556,0.5188742040449218,0.48914529835645415,0.5577961748900241,0.5001515652334392,0.018040644469291028,2396,0.456,8.674329165822892,0,1
TG_0921,Park2024_Fig5c_human1,human,computed_park_eq,0.12636171955038483,0.7377353379664586,0.30666084389635506,0.49111715548954776,0.47632084588987444,0.5141870876638881,0.4976576983698619,0.08013306148968709,1820,0.465,7.83442661212386,0,1
TG_0922,Park2024_Fig5c_human1,human,computed_park_eq,0.1714600823875672,0.5491896944179139,0.568695875874953,0.4316795188078423,0.4119649406848481,0.549909740257275,0.5408950693677896,0.01892926365393549,2189,0.46,10.630525108029165,0,1
TG_0923,Park2024_Fig5c_human1,human,computed_park_eq,0.14115744210092765,0.6202354020210759,0.4128935450864993,0.5089567371148676,0.21568060026847896,0.5871077241125247,0.5105350091984032,0.02921907039658901,1379,0.455,8.751761410257513,0,1
TG_0924,Park2024_Fig5c_human1,human,computed_park_eq,0.12628347773723012,0.6627165988135352,0.3596675108814052,0.47209369308900234,0.397805090929775,0.6319453675868394,0.5487673388162297,0.02970464199466405,1290,0.451,7.829575619708267,0,1
TG_0925,Park2024_Fig5c_human1,human,computed_park_eq,0.12689968608838031,0.5602490644989795,0.5808376714620404,0.5560480669073187,0.30944542889235704,0.6246782915818438,0.5076493189384322,0.05025128549365437,1552,0.44,7.867780537479579,0,1
TG_0926,Park2024_Fig5c_human1,human,computed_park_eq,0.12711700962865768,0.5876843246010772,0.5273204833506882,0.5747202894603819,0.4066999954965705,0.5634024650840345,0.5278514697655309,0.00042632304959586695,817,0.425,7.881254596976777,0,1
TG_0927,Park2024_Fig5c_human1,human,computed_park_eq,0.1348110730631084,0.6927595925612137,0.43056921540282717,0.6840527655002547,0.34027668454963,0.6249878811205343,0.536757967935359,0.14714794541980247,1903,0.436,8.358286529912721,0,1
TG_0928,Park2024_Fig5c_human1,human,computed_park_eq,0.12005197990951928,0.5039595177362186,0.46734303772063035,0.5138384141780394,0.35196499997256414,0.5625660474429206,0.5019357386120095,0.04426632902764279,1097,0.427,7.443222754390195,0,1
TG_0929,Park2024_Fig5c_human1,human,computed_park_eq,0.12648261911165298,0.5854664004405876,0.3504781333014012,0.574495399801902,0.4926351572404854,0.6022917666872317,0.5096370724347223,0.0006756721470432991,1655,0.425,7.841922384922485,0,1
TG_0930,Park2024_Fig5c_human1,human,computed_park_eq,0.11995758263450952,0.6129672611630694,0.5390842512046937,0.5771278309323674,0.22907519812009847,0.559604299445827,0.5291916809502711,0.11890551086711271,1187,0.414,7.437370123339591,0,1
TG_0931,Park2024_Fig5c_human1,human,computed_park_eq,0.15005342935241983,0.6826034382204482,0.43597850501451696,0.60529859513658,0.307974210864609,0.5835612439973235,0.4828417189711661,0.05861294768505062,2235,0.41,9.303312619850029,0,1
TG_0932,Park2024_Fig5c_human1,human,computed_park_eq,0.10978971994793976,0.7446264917331725,0.30320103810184884,0.5868223829132433,0.32385181932767193,0.6219708980670244,0.4976270291406392,0.14715442336726142,1319,0.414,6.8069626367722655,0,1
TG_0933,Park2024_Fig5c_human1,human,computed_park_eq,0.14257356457270026,0.505496630509831,0.5450633957681348,0.40418470560757347,0.397135651718382,0.5230187840463612,0.522804639690344,0.10440471104836706,2005,0.419,8.839561003507416,0,1
TG_0934,Park2024_Fig5c_human1,human,computed_park_eq,0.12314135210191936,0.703871941395034,0.44842627213071107,0.44012820852310064,0.4657105740621433,0.5798457559081927,0.49144819807768975,0.005047458509853991,1584,0.425,7.634763830319,0,1
TG_0935,Park2024_Fig5c_human1,human,computed_park_eq,0.12705487957002934,0.5838893004241643,0.5928060472573482,0.6620666728681266,0.2988134201102653,0.5675590810132745,0.5393107721874846,0.0661911505125103,1561,0.419,7.87740253334182,0,1
TG_0936,Park2024_Fig5c_human1,human,computed_park_eq,0.12706755025928437,0.66806970736852,0.5692585867130593,0.534148151359199,0.3310864583251093,0.6069073037369791,0.48653084988337203,0.07813110549523286,939,0.405,7.878188116075631,0,1
TG_0937,Park2024_Fig5d_human2,human,computed_park_eq,0.11971908068705434,0.5050700787236452,0.44382473958813057,0.5541111596867667,0.27207877534967945,0.47493948942472064,0.5210345716333357,0.1146383511036212,1042,0.429,7.422583002597369,0,1
TG_0938,Park2024_Fig5d_human2,human,computed_park_eq,0.14680210400268123,0.5844369991837118,0.4255348491526374,0.5525616674493123,0.3430261626524984,0.5041349211930579,0.4820419468001852,0.0907652433355726,921,0.427,9.101730448166236,0,1
TG_0939,Park2024_Fig5d_human2,human,computed_park_eq,0.13089228811462186,0.5196655145785647,0.351562110761774,0.41776699161898223,0.23161908044874202,0.48693024917873956,0.5038766021611181,0.08153094698626137,1732,0.422,8.115321863106555,0,1
TG_0940,Park2024_Fig5d_human2,human,computed_park_eq,0.1459762558487039,0.5162501972372221,0.5475925207268947,0.4377821923142502,0.4709292521147929,0.6228461204523115,0.5125207935107472,0.1116552306455986,1765,0.425,9.050527862619642,0,1
TG_0941,Park2024_Fig5d_human2,human,computed_park_eq,0.11750381322303106,0.6415740359310218,0.41952013998282733,0.48537873836077555,0.2509969439052912,0.5170676476696421,0.5225571545582639,0.08636778163341173,1615,0.425,7.285236419827926,0,1
TG_0942,Park2024_Fig5d_human2,human,computed_park_eq,0.13192849429351777,0.6386222785802926,0.3539393440485226,0.5403274692872738,0.4904217508729035,0.6005972386078371,0.5367813822715393,0.004923824822886019,1638,0.426,8.179566646198102,0,1
TG_0943,Park2024_Fig5d_human2,human,computed_park_eq,0.1331823690589247,0.7405757457935691,0.5502415981570755,0.5469112095573565,0.42877133383746585,0.6166755248863328,0.5043618874232103,0.13382293753049412,956,0.427,8.257306881653331,0,1
TG_0944,Park2024_Fig5d_human2,human,computed_park_eq,0.11876011201905294,0.512921419977783,0.34756084754997707,0.6438079130127347,0.23978119722404334,0.4966792538916254,0.511735942392291,0.07756813321699957,1281,0.422,7.363126945181282,0,1
TG_0945,Park2024_Fig5d_human2,human,computed_park_eq,0.1397929042601354,0.7157427568330361,0.43464950795419455,0.4188572462417143,0.3428176308505991,0.5878488039924046,0.5225396865758903,0.08072056015663273,2065,0.427,8.667160064128396,0,1
TG_0946,Park2024_Fig5d_human2,human,computed_park_eq,0.13694335170132607,0.5970332702505623,0.35122808503511566,0.46805113069764853,0.3726503055407177,0.5346877609799585,0.5160449256202471,0.02560161529533505,1170,0.427,8.490487805482216,0,1
TG_0947,Park2024_Fig5d_human2,human,computed_park_eq,0.16593653472708988,0.6757734759398581,0.3874452410527609,0.5411114702154599,0.48687378676090015,0.603341047599363,0.547868981265623,0.11193815177194325,1170,0.422,10.288065153079573,0,1
TG_0948,Park2024_Fig5d_human2,human,computed_park_eq,0.14694215296646518,0.6970399470339266,0.511231308231491,0.5769187108229397,0.33497383432565164,0.6216746759522125,0.5469784967280145,0.07485542593561219,1993,0.426,9.11041348392084,0,1
TG_0949,Park2024_Fig5d_human2,human,computed_park_eq,0.13887617124692747,0.5890916594387642,0.5497496102957898,0.6552335470997981,0.3271791605088999,0.4632946260418343,0.4801109251126438,0.07849386943334925,2019,0.428,8.610322617309503,0,1
TG_0950,Park2024_Fig5d_human2,human,computed_park_eq,0.14055586532012393,0.7451620548910124,0.4050817112007983,0.5356548818080323,0.24005466540584589,0.45959154648739753,0.5342786660214747,0.0856024762607968,2031,0.433,8.714463649847684,0,1
TG_0951,Park2024_Fig5d_human2,human,computed_park_eq,0.12493586758255948,0.6182931629077391,0.489119319382448,0.6723618030805721,0.3257263261012898,0.6066633780438723,0.498783785389226,0.10469576863854203,1388,0.43,7.746023790118688,0,1
TG_0952,Park2024_Fig5d_human2,human,computed_park_eq,0.16272915571638266,0.5771581621309877,0.33909718401069844,0.4597246938483873,0.37631096850244294,0.4628087047729577,0.540370389109881,0.14422495188557208,1804,0.438,10.089207654415725,0,1
TG_0953,Park2024_Fig5d_human2,human,computed_park_eq,0.13051076293312505,0.6601775561818054,0.42417781741577665,0.4810175398304667,0.2620511331849825,0.5808046155317521,0.509135192172262,0.026948893354486803,1805,0.432,8.091667301853754,0,1
TG_0954,Park2024_Fig5d_human2,human,computed_park_eq,0.13785222311453058,0.5653320989852255,0.5954873908877493,0.49291845511825955,0.2725881907023488,0.5056930581830692,0.5427531000081507,0.09543282430040172,2066,0.436,8.546837833100895,0,1
TG_0955,Park2024_Fig5d_human2,human,computed_park_eq,0.15255815532946382,0.5354028376544748,0.4928500172447214,0.5145940136388838,0.48704440117726333,0.5159949790580554,0.547353013664426,0.13522287766511235,2320,0.445,9.458605630426757,0,1
TG_0956,Park2024_Fig5d_human2,human,computed_park_eq,0.14073053142944308,0.633171420178454,0.4916178546747659,0.6859960241302765,0.2303265782522645,0.511769454956324,0.5227949909168867,0.14460811951972338,1110,0.447,8.725292948625471,0,1
TG_0957,Park2024_Fig5d_human2,human,computed_park_eq,0.12833889338898327,0.6108999253295468,0.35133074352402055,0.6619763070075018,0.4114733398194008,0.46704009551193243,0.5255064715797952,0.09804847146084306,1102,0.442,7.957011390116962,0,1
TG_0958,Park2024_Fig5d_human2,human,computed_park_eq,0.12455319761761098,0.5979852974471094,0.447001275229303,0.4331228493030179,0.3258541128012551,0.5133003558525241,0.4824907502055424,0.020510310409385283,1511,0.441,7.722298252291881,0,1
TG_0959,Park2024_Fig5d_human2,human,computed_park_eq,0.11816709597429212,0.5453045109034043,0.5430909897369998,0.44051144100416423,0.34059549109891557,0.6377156479172066,0.493008243889574,0.1466990135607352,867,0.455,7.326359950406111,0,1
TG_0960,Park2024_Fig5d_human2,human,computed_park_eq,0.14355802786313068,0.606636424652519,0.34178900682213026,0.4066817365201672,0.4607364842843104,0.5608257432420913,0.5226106059524751,0.1390482712226693,1045,0.447,8.900597727514102,0,1
TG_0961,Park2024_Fig5d_human2,human,computed_park_eq,0.15151175686985768,0.5001025723597937,0.4788548008207131,0.6747829011862156,0.2863802282279657,0.48710519505154387,0.5256175856414899,0.10689021109475898,1993,0.451,9.393728925931176,0,1
TG_0962,Park2024_Fig5d_human2,human,computed_park_eq,0.13587967403320084,0.5120989704864414,0.3445552272771352,0.5241903095452163,0.3450176200046379,0.5027014307041714,0.5049533669593451,0.024416415153805316,1643,0.4639999999999999,8.424539790058452,0,1
TG_0963,Park2024_Fig5d_human2,human,computed_park_eq,0.12517853803037435,0.6066015141229932,0.4612250815799421,0.40675129822860595,0.3332339015526219,0.6062712436790401,0.527603223946199,0.09527354832959024,1454,0.455,7.76106935788321,0,1
TG_0964,Park2024_Fig5d_human2,human,computed_park_eq,0.13983186527499045,0.5045080024563076,0.46711427585767024,0.6362046545229121,0.3624006148103802,0.5147791105160758,0.4895375395564384,0.1331344607724287,1395,0.453,8.669575647049408,0,1
TG_0965,Park2024_Fig5d_human2,human,computed_park_eq,0.16025957245995243,0.7042394218485656,0.33827294067500785,0.6577998459171255,0.37844981416625123,0.517065801491787,0.5371098679021984,0.1203846801522936,1718,0.4579999999999999,9.93609349251705,0,1
TG_0966,Park2024_Fig5d_human2,human,computed_park_eq,0.16706224963956337,0.5970303641921243,0.3287070348174003,0.6743753305665243,0.22731089448363254,0.5796418354897112,0.5089236135161959,0.06084290853831635,1803,0.4589999999999999,10.357859477652928,0,1
TG_0967,Park2024_Fig5d_human2,human,computed_park_eq,0.112397128957952,0.5720506734625097,0.3770975205932843,0.5992458295163445,0.32581634945590576,0.6430821398737223,0.5278690121451753,0.11880668865734417,1866,0.4579999999999999,6.968621995393024,0,1
TG_0968,Park2024_Fig5d_human2,human,computed_park_eq,0.16147780977679604,0.6355083362743005,0.5757114831086013,0.6699728630064015,0.3344482620107006,0.5048825263271364,0.5075219304194984,0.05816464927946246,1699,0.4609999999999999,10.011624206161354,0,1
TG_0969,Park2024_Fig5d_human2,human,computed_park_eq,0.13434343636042478,0.7498290670474281,0.3804034501558792,0.4986405413735361,0.39779843839520046,0.5087922752820597,0.4951062975741785,0.023795577997439803,930,0.456,8.329293054346337,0,1
TG_0970,Park2024_Fig5d_human2,human,computed_park_eq,0.13425614416154905,0.7212538311368146,0.3664581455707101,0.5390643517776765,0.3410972143811619,0.6247150611519469,0.5333959337013064,0.07696158275520748,1058,0.4679999999999999,8.32388093801604,0,1
TG_0971,Park2024_Fig5d_human2,human,computed_park_eq,0.16628113392130642,0.6850782577109878,0.46285241230022234,0.55889335811054,0.3043310292813313,0.5541041067283029,0.5258768239624417,0.06275445576431896,2238,0.478,10.309430303120998,0,1
TG_0972,Park2024_Fig5d_human2,human,computed_park_eq,0.15106571813281816,0.6882022486277525,0.5469805959344316,0.6638190979917653,0.3463156604946108,0.5761272381059301,0.4855663799307549,0.07320573364226249,1129,0.484,9.366074524234726,0,1
TG_0973,Park2024_Fig5d_human2,human,computed_park_eq,0.1560029658214566,0.7277539249948051,0.5979491216800434,0.43182761498438565,0.2699159563954576,0.6400759502964186,0.5470829380536971,0.014656091308013774,1070,0.5,9.672183880930309,0,1
TG_0974,Park2024_Fig5d_human2,human,computed_park_eq,0.17547736108025178,0.661006609277986,0.33066725133958336,0.6533564593940964,0.3747072365191898,0.6472134960419204,0.5245500120626995,0.12511673748994875,895,0.497,10.87959638697561,0,1
TG_0975,Park2024_Fig5d_human2,human,computed_park_eq,0.17255996454061692,0.5708652873160198,0.5060267160845726,0.602265889734219,0.266448064657892,0.45695983997367,0.5086474701649778,0.043378972794880455,1418,0.504,10.69871780151825,0,1
TG_0976,Park2024_Fig5d_human2,human,computed_park_eq,0.1525167942347813,0.6389262150979865,0.5841120834433078,0.551462444528592,0.4661319537556011,0.5216289562391612,0.5065049668382866,0.06271960244563966,931,0.5,9.45604124255644,0,1
TG_0977,Park2024_Fig5d_human2,human,computed_park_eq,0.16343680666031438,0.6122870506830531,0.43203623129548085,0.4273412017269122,0.4155811222070587,0.4927473375963822,0.4937867541146105,0.06191374804160901,2443,0.498,10.133082012939491,0,1
TG_0978,Park2024_Fig5d_human2,human,computed_park_eq,0.13243380574659547,0.6248872905668956,0.3336295531052276,0.5322297404309624,0.3436911684360414,0.6293988156371348,0.5076360537924067,0.14299863973307075,1505,0.505,8.210895956288919,0,1
TG_0979,Park2024_Fig5d_human2,human,computed_park_eq,0.12868694451599882,0.5089030375682104,0.4493928907762179,0.5662509164833001,0.36765226128639994,0.5914062338645769,0.4924237284493708,0.037833470134592824,845,0.507,7.978590559991927,0,1
TG_0980,Park2024_Fig5d_human2,human,computed_park_eq,0.13654377724430963,0.5159022490441252,0.3663236621080326,0.5537319306231653,0.36377076778004225,0.4568522245587009,0.49192570755470716,0.07495585100019829,2354,0.506,8.465714189147198,0,1
TG_0981,Park2024_Fig5d_human2,human,computed_park_eq,0.1656067632100579,0.5359586177475777,0.3027724765216543,0.6424471147072638,0.25285832184927426,0.5712433284441532,0.5035845339153722,0.08782289074725534,2083,0.503,10.26761931902359,0,1
TG_0982,Park2024_Fig5d_human2,human,computed_park_eq,0.19189261084400158,0.6621317567060507,0.39282974129084497,0.5818606760830995,0.35712754896585497,0.45489605316264,0.535349203262228,0.0017846748367733422,1979,0.504,11.897341872328099,0,1
TG_0983,Park2024_Fig5d_human2,human,computed_park_eq,0.2049486646547663,0.7407176235004524,0.47684124092797403,0.5413517678134425,0.3720204877693112,0.6355801259724054,0.5379864701921153,0.0484468100045712,1752,0.512,12.70681720859551,0,1
TG_0984,Park2024_Fig5d_human2,human,computed_park_eq,0.17133796320512265,0.6620366857622445,0.5244621355185383,0.6717920990527781,0.4590639595014286,0.5848116905507392,0.49502465740331,0.09565542765628932,1163,0.513,10.622953718717604,0,1
TG_0985,Park2024_Fig5d_human2,human,computed_park_eq,0.18208269316517375,0.6066479752635984,0.5667358067182329,0.6535676674482219,0.3576295994928927,0.5883011091627189,0.5418344790715474,0.07435755151174132,1648,0.518,11.289126976240773,0,1
TG_0986,Park2024_Fig5d_human2,human,computed_park_eq,0.1460693371310249,0.670681824448828,0.5102276002319148,0.6180011407774637,0.48278081014542407,0.6164382304615115,0.5236373270918934,0.09985731528857107,2487,0.523,9.056298902123544,0,1
TG_0987,Park2024_Fig5d_human2,human,computed_park_eq,0.14441477397644487,0.5440223219859635,0.522999874069697,0.47562096605505144,0.3362502410503292,0.5271718893672218,0.5487454165044942,0.058663836622233075,1688,0.523,8.953715986539581,0,1
TG_0988,Park2024_Fig5d_human2,human,computed_park_eq,0.1539872580523221,0.5301948806081447,0.4278345836492338,0.48626603692627746,0.24809614141008032,0.5064311168072279,0.4963276183886474,0.1101110296508817,1259,0.529,9.54720999924397,0,1
TG_0989,Park2024_Fig5d_human2,human,computed_park_eq,0.15363595065996216,0.5259598465277319,0.3370717471798471,0.4303084739473776,0.38291245866102797,0.48929653048058375,0.49760011065312243,0.02603582162271596,1274,0.543,9.525428940917655,0,1
TG_0990,Park2024_Fig5d_human2,human,computed_park_eq,0.173437276489253,0.5903165971014974,0.36400892040989136,0.5155152037610851,0.4218823907000412,0.5335278011737405,0.5315656312657352,0.017034681146630648,957,0.541,10.753111142333687,0,1
TG_0991,Park2024_Fig5d_human2,human,computed_park_eq,0.18952852169092682,0.5410981710821036,0.5412327738183395,0.6375883043400147,0.23815435676506608,0.5297118448288255,0.4919106848801162,0.03820807506863234,1286,0.542,11.750768344837462,0,1
TG_0992,Park2024_Fig5d_human2,human,computed_park_eq,0.17673269165862973,0.6226116149802439,0.31111559810804784,0.5605758203887927,0.41143867997758865,0.5178329065050068,0.4877744312297158,0.04178519298084891,1069,0.549,10.957426882835044,0,1
TG_0993,Park2024_Fig5d_human2,human,computed_park_eq,0.15888797740992971,0.71447229631156,0.39265826977093893,0.5976566212680526,0.369933105525988,0.5443512618781748,0.5147073630853978,0.10983568711384313,1108,0.544,9.851054599415642,0,1
TG_0994,Park2024_Fig5d_human2,human,computed_park_eq,0.16561789750015538,0.5283968293446687,0.4024578226264091,0.6893868566851054,0.35276676149812336,0.5755112047741293,0.504947053496612,0.04852316424647191,1431,0.539,10.268309645009634,0,1
TG_0995,Park2024_Fig5d_human2,human,computed_park_eq,0.17418070943940508,0.5316363277990943,0.44298613689316213,0.629084589688497,0.27747930736614906,0.5461572336359455,0.5494411178577785,0.10299756350310559,887,0.543,10.799203985243116,0,1
TG_0996,Park2024_Fig5d_human2,human,computed_park_eq,0.15763486778584326,0.570499838171243,0.36563830547301673,0.5565804892193731,0.2466029907530051,0.583322677318857,0.5223740539560962,0.013062307438714293,2413,0.552,9.773361802722283,0,1
TG_0997,Park2024_Fig5d_human2,human,computed_park_eq,0.2006492889328787,0.6773285737008709,0.4758547062265024,0.5071725904510409,0.3731160025140633,0.5184531185579493,0.4858711616986408,0.14892059672790214,1015,0.558,12.44025591383848,0,1
TG_0998,Park2024_Fig5d_human2,human,computed_park_eq,0.15833020685230434,0.5180870959590144,0.5635592247621468,0.49055039826786856,0.3950890922220523,0.5158011459324465,0.507401798955613,0.03931694580251947,1695,0.562,9.816472824842869,0,1
TG_0999,Park2024_Fig5d_human2,human,computed_park_eq,0.18147877638315998,0.5020663244864646,0.5339881381621179,0.5999908217233726,0.2926356975057758,0.5084883609179032,0.5358791097582414,0.11750050378869308,1992,0.557,11.25168413575592,0,1
TG_1000,Park2024_Fig5d_human2,human,computed_park_eq,0.17348589727220506,0.643374896233804,0.5560889785583871,0.47257831843577097,0.46288770455718126,0.4538086818548584,0.5312718240393611,0.13996698317529796,1585,0.5680000000000001,10.756125630876713,0,1
TG_1001,Park2024_Fig5d_human2,human,computed_park_eq,0.1788168767585268,0.624161303097376,0.3432503447454148,0.6760817106407222,0.3322295743026107,0.6489118281219479,0.5094050606676515,0.09119365540254139,1544,0.556,11.086646359028663,0,1
TG_1002,Park2024_Fig5d_human2,human,computed_park_eq,0.1689260285546135,0.6135569559517173,0.371629768201192,0.6506694395713705,0.43517587546026193,0.6148359999250717,0.5306526606430566,0.12490248354300768,1639,0.5650000000000001,10.473413770386037,0,1
TG_1003,Park2024_Fig5d_human2,human,computed_park_eq,0.21424312154577224,0.5875591535817692,0.5751295515515382,0.4401924600249344,0.40145354218431123,0.4508719159913161,0.5447255773783627,0.016875619985713724,2138,0.5660000000000001,13.283073535837879,0,1
TG_1004,Park2024_Fig5d_human2,human,computed_park_eq,0.19551560313900584,0.6983591454718404,0.5744789809887847,0.4508690555713327,0.44522373658073316,0.6366450122638256,0.5456853120207212,0.13712346924802518,815,0.5650000000000001,12.121967394618363,0,1
TG_1005,Park2024_Fig5d_human2,human,computed_park_eq,0.18021087531429741,0.5998315365978776,0.35541417287096494,0.5186440084094971,0.25239501963661043,0.6197582505551682,0.5008736414512919,0.0897846525237465,1502,0.5680000000000001,11.17307426948644,0,1
TG_1006,Park2024_Fig5d_human2,human,computed_park_eq,0.16865241968083539,0.5805201438290665,0.47357560457788495,0.4225280937415942,0.48300718961296446,0.5230167346568801,0.5438808952547376,0.11707827041355326,2419,0.562,10.456450020211793,0,1
TG_1007,Park2024_Fig5d_human2,human,computed_park_eq,0.18966726038587725,0.7179665614627362,0.5062123253093392,0.43347469393997246,0.24432389733138835,0.5356246735636749,0.49369954261471516,0.004177466637413363,1957,0.5650000000000001,11.75937014392439,0,1
TG_1008,Park2024_Fig5d_human2,human,computed_park_eq,0.1454894390915345,0.5539099406814623,0.3251412477285182,0.5448683309795797,0.35422420868578197,0.6158363559899835,0.5110648505497635,0.08562795383164691,1400,0.5700000000000001,9.02034522367514,0,1
TG_1009,Park2024_Fig5d_human2,human,computed_park_eq,0.18256575490722565,0.7070108214435631,0.34725016442274115,0.5782995201779787,0.37808316333392433,0.48283699281127174,0.4886424501611515,0.14700779144647272,1964,0.5640000000000001,11.31907680424799,0,1
TG_1010,Park2024_Fig5d_human2,human,computed_park_eq,0.17311971157245795,0.5568554321808823,0.3513973633363125,0.6002805140749705,0.38283358919818367,0.5787104245974835,0.48616042192580167,0.13403018752476553,2439,0.5630000000000001,10.733422117492394,0,1
TG_1011,Park2024_Fig5d_human2,human,computed_park_eq,0.2020184586211019,0.7410958546960094,0.33436358987594467,0.4943155123202375,0.4430376283156571,0.5032316772102353,0.49505844179322284,0.12380669668034575,2348,0.561,12.525144434508318,0,1
TG_1012,Park2024_Fig5d_human2,human,computed_park_eq,0.16582682732813397,0.561437578046472,0.4730877450362937,0.48236337542213337,0.44722834714531223,0.4510648381142129,0.5195373414020478,0.0508805146907877,2403,0.554,10.281263294344306,0,1
TG_1013,Park2024_Fig5d_human2,human,computed_park_eq,0.17740529219868206,0.553563858585796,0.40226490464770714,0.6354866845859523,0.25761009570844884,0.577668350116218,0.5258196333856519,0.1431140872353451,1400,0.551,10.999128116318287,0,1
TG_1014,Park2024_Fig5d_human2,human,computed_park_eq,0.16957336925436853,0.6653810810365437,0.477574321325721,0.6208839696350265,0.3714018585359231,0.4633500509701514,0.48815118668592977,0.08947118663159286,1120,0.552,10.51354889377085,0,1
TG_1015,Park2024_Fig5d_human2,human,computed_park_eq,0.15098778554017672,0.5420577108009208,0.5081536158816798,0.5936196022937454,0.40621173972734204,0.524505490560559,0.49836854757995214,0.1139581993021388,1175,0.55,9.361242703490957,0,1
TG_1016,Park2024_Fig5d_human2,human,computed_park_eq,0.165101809278954,0.6593613446794755,0.4660283102361204,0.40341690042656586,0.4089521550430667,0.5252083582218313,0.5459826797111059,0.1226977156615808,2096,0.551,10.236312175295147,0,1
TG_1017,Park2024_Fig5d_human2,human,computed_park_eq,0.2119988674312927,0.6699527229003326,0.4676188330573617,0.5874826825322185,0.22897660474835968,0.6403531032284654,0.5353541144612424,0.05608918045601757,2003,0.55,13.143929780740148,0,1
TG_1018,Park2024_Fig5d_human2,human,computed_park_eq,0.16439312842712037,0.732986034913593,0.5740734034208084,0.5576081445458494,0.4174730815508253,0.5372096595945176,0.5241024204279707,0.051086390613167804,1296,0.546,10.192373962481463,0,1
TG_1019,Park2024_Fig5d_human2,human,computed_park_eq,0.15620976549921017,0.5295885253316469,0.5282039283662898,0.6782510653889726,0.337484964915882,0.5818891317431276,0.5440120355616659,0.01351704494012168,2277,0.548,9.68500546095103,0,1
TG_1020,Park2024_Fig5d_human2,human,computed_park_eq,0.17024065927822304,0.5259436771586852,0.5438785216181811,0.41166210910500683,0.3976828381804228,0.5045115497630801,0.5410081976495689,0.07274884268662493,1395,0.549,10.55492087524983,0,1
TG_1021,Park2024_Fig5d_human2,human,computed_park_eq,0.20035446647117833,0.5920214094165536,0.33752346804489763,0.41244979131571347,0.28445288623171266,0.4988467400728157,0.5192246381813973,0.0032608257095561033,1929,0.552,12.421976921213057,0,1
TG_1022,Park2024_Fig5d_human2,human,computed_park_eq,0.17803360554021355,0.6798896033163587,0.33223596493256596,0.6538357556665335,0.420715396033433,0.4923433556923932,0.49017002068220505,0.04744385230884366,1589,0.554,11.03808354349324,0,1
TG_1023,Park2024_Fig5d_human2,human,computed_park_eq,0.14509678149134736,0.6659495980106671,0.44694841816401676,0.5552297679438889,0.32970679764402944,0.6483398922037125,0.544929294417333,0.04615862840465564,1674,0.549,8.996000452463536,0,1
TG_1024,Park2024_Fig5d_human2,human,computed_park_eq,0.14665732571046639,0.5101962533588795,0.3945024825569322,0.572664852349331,0.4851781897793373,0.6218260719502466,0.49598489299251936,0.033016474502874524,1398,0.545,9.092754194048917,0,1
TG_1025,Park2024_Fig5d_human2,human,computed_park_eq,0.182152556390919,0.7029532767364446,0.5225498141185979,0.6210988935181067,0.2534060972876811,0.6149362478455873,0.4993283042710421,0.13955499868522941,1818,0.536,11.293458496236978,0,1
TG_1026,Park2024_Fig5d_human2,human,computed_park_eq,0.1731270947604335,0.5329525933743648,0.5659768788506838,0.625503930109427,0.32686052271772614,0.5534300724567754,0.5058999220171985,0.11111698007410087,2255,0.535,10.733879875146878,0,1
TG_1027,Park2024_Fig5d_human2,human,computed_park_eq,0.15953791307742926,0.7333602517927146,0.5116468645735903,0.6237592715095999,0.43840417265324216,0.5995486851855222,0.5108781314868833,0.11004327439319202,1176,0.531,9.891350610800615,0,1
TG_1028,Park2024_Fig5d_human2,human,computed_park_eq,0.16907782447727585,0.599760113012076,0.5939743298347141,0.4677644238800728,0.38364759768296874,0.5365946099679413,0.48497171973545283,0.07318149089970892,1463,0.527,10.482825117591103,0,1
TG_1029,Park2024_Fig5d_human2,human,computed_park_eq,0.18285249377863658,0.703575245917897,0.4559003689397789,0.6314714317986493,0.3568081322133611,0.4816184674565698,0.48873152792551755,0.028255234810060464,1313,0.526,11.336854614275468,0,1
TG_1030,Park2024_Fig5d_human2,human,computed_park_eq,0.16483010007591142,0.7326323169185047,0.5399035240960803,0.5298404683678952,0.3479230129362722,0.503121891533283,0.5293047069530491,0.1204148507193057,1742,0.521,10.219466204706508,0,1
TG_1031,Park2024_Fig5d_human2,human,computed_park_eq,0.1313705386841698,0.6189137577312293,0.4808422596800278,0.6957974716511978,0.48132936779546726,0.6224305916586244,0.5422391374993402,0.07017737749380644,2192,0.516,8.144973398418529,0,1
TG_1032,Park2024_Fig5d_human2,human,computed_park_eq,0.1580737329535568,0.720061998618891,0.5882712462386879,0.6679004087189491,0.4157534072155939,0.5669985467211643,0.5282483144826169,0.14086638310990335,1520,0.518,9.800571443120523,0,1
TG_1033,Park2024_Fig5d_human2,human,computed_park_eq,0.17902677139302942,0.6302038965360206,0.3805671421861923,0.6329820519389171,0.36566668405215397,0.5821947641299352,0.5026030748004531,0.07219109277414075,2225,0.517,11.099659826367823,0,1
TG_1034,Park2024_Fig5d_human2,human,computed_park_eq,0.1516216327210299,0.7346900317909397,0.46017853214973026,0.5787843852377843,0.20940847064137652,0.48405382742571884,0.5243053716329732,0.06298055576734068,2269,0.519,9.400541228703855,0,1
TG_1035,Park2024_Fig5d_human2,human,computed_park_eq,0.1390726359733539,0.6360450289854884,0.46304096099440895,0.5491461447648615,0.24043573547523145,0.5492150957001063,0.4918372730294456,0.018920367944364774,1358,0.521,8.622503430347942,0,1
TG_1036,Park2024_Fig5d_human2,human,computed_park_eq,0.13911638350146047,0.6512375032869261,0.49784701743737525,0.5205381011000091,0.47269426757445926,0.5775860979159331,0.5338418908666511,0.05528437035415707,1666,0.523,8.625215777090549,0,1
TG_1037,Park2024_Fig5d_human2,human,computed_park_eq,0.17196373849178062,0.5430485668564385,0.38128896236136584,0.4856879799050731,0.28127276697406134,0.6210816324208577,0.48223193566460143,0.011414998347116146,1028,0.521,10.661751786490399,0,1
TG_1038,Park2024_Fig5d_human2,human,computed_park_eq,0.1704647702703676,0.6503399018195886,0.46381497956482975,0.5770939516975205,0.4803955858121662,0.45171384216214816,0.4833459796760424,0.02872401148962035,1672,0.518,10.568815756762792,0,1
TG_1039,Park2024_Fig5d_human2,human,computed_park_eq,0.17193735135016033,0.6755242970948727,0.5162679657156293,0.6185412836675775,0.20001584807968906,0.6407841607693445,0.5369946136938264,0.1355972544883928,1539,0.52,10.66011578370994,0,1
TG_1040,Park2024_Fig5d_human2,human,computed_park_eq,0.15310114146434944,0.6386492213864974,0.552953376195852,0.5442940738138984,0.2618071170746253,0.6156889077108771,0.517644074389295,0.022956389574573192,1485,0.518,9.492270770789666,0,1
TG_1041,Park2024_Fig5d_human2,human,computed_park_eq,0.17531725860454603,0.610734280433609,0.4797880698931436,0.5429014880483098,0.47985386640808975,0.4652169453531015,0.5150783790577744,0.10304286620781575,1586,0.515,10.869670033481853,0,1
TG_1042,Park2024_Fig5d_human2,human,computed_park_eq,0.1669513663128616,0.59384433847483,0.37247550020125003,0.566460075099747,0.43885578453016105,0.4507535389101066,0.5241964205476801,0.08947740010479463,1797,0.517,10.350984711397418,0,1
TG_1043,Park2024_Fig5d_human2,human,computed_park_eq,0.17939568126705202,0.7116385806163508,0.3382499180015957,0.4279091124222687,0.3767802016270001,0.5564235944917566,0.4986464349001017,0.13491796268307527,1458,0.515,11.122532238557225,0,1
TG_1044,Park2024_Fig5d_human2,human,computed_park_eq,0.16658188078044925,0.6253618549604182,0.4562486191622225,0.5345100806294729,0.2768265278715271,0.4740680880486104,0.4868976087017418,0.11361937850110329,2486,0.517,10.328076608387853,0,1
TG_1045,Park2024_Fig5d_human2,human,computed_park_eq,0.1941464119810209,0.5917934536078231,0.3056642635728704,0.4301591076075508,0.34886584384697733,0.5879928714252725,0.5034314728605496,0.10432326887664754,834,0.518,12.037077542823296,0,1
TG_1046,Park2024_Fig5d_human2,human,computed_park_eq,0.15999150723648403,0.6283744903354643,0.3417480032723885,0.4710940955166954,0.334392557641558,0.4877738765631098,0.498801941305076,0.08015783463528947,2170,0.518,9.91947344866201,0,1
TG_1047,Park2024_Fig5d_human2,human,computed_park_eq,0.16831256701249064,0.5621339359817732,0.39124657634563953,0.6312443564992963,0.2981663549484362,0.49843917840262847,0.4918340424393594,0.11622876032729337,2309,0.52,10.43537915477442,0,1
TG_1048,Park2024_Fig5d_human2,human,computed_park_eq,0.15815812551939845,0.5637008165079239,0.5316777493959592,0.5303971954153253,0.299238498434313,0.4857325610678206,0.5335732701654181,0.11794827092041155,2468,0.517,9.805803782202704,0,1
TG_1049,Park2024_Fig5d_human2,human,computed_park_eq,0.1636780156180205,0.5549047613698344,0.5032400306803385,0.6275225922399114,0.2674717911655467,0.46532215285222267,0.536736154061046,0.14647529604690185,2383,0.517,10.148036968317271,0,1
TG_1050,Park2024_Fig5d_human2,human,computed_park_eq,0.16921570259087296,0.6352970139642561,0.3071149080917372,0.42393673709020013,0.3253908630759581,0.6385825422783513,0.5305058245890397,0.013218985425083662,1833,0.517,10.491373560634123,0,1
TG_1051,Park2024_Fig5d_human2,human,computed_park_eq,0.17412083289860625,0.6523259297391268,0.44020718649948354,0.5879456919912271,0.4385649759591148,0.6438075252605107,0.5127101150727484,0.08604798044831356,2287,0.522,10.795491639713587,0,1
TG_1052,Park2024_Fig5d_human2,human,computed_park_eq,0.1846907781428229,0.7371762295597952,0.5706736869288693,0.6627151109676818,0.44042504327258813,0.6386856214530571,0.4868946249175582,0.03976848921686092,1982,0.524,11.45082824485502,0,1
TG_1053,Park2024_Fig5d_human2,human,computed_park_eq,0.1514453287850077,0.5160211469010165,0.35385007814830516,0.6296814454773376,0.34805924906978625,0.6261336925100297,0.5078069492026784,0.04030511036314023,2116,0.517,9.389610384670476,0,1
TG_1054,Park2024_Fig5d_human2,human,computed_park_eq,0.14433910967573815,0.5874654235556196,0.512497214723391,0.5103541543428403,0.36657899678238204,0.46998637541088195,0.536351238526424,0.05548329384721873,2266,0.517,8.949024799895765,0,1
TG_1055,Park2024_Fig5d_human2,human,computed_park_eq,0.14350465072457844,0.6540543490735348,0.44966184634616424,0.696755672459435,0.33870853524432,0.4648663102720692,0.5484158342544345,0.126538041839031,2129,0.517,8.897288344923863,0,1
TG_1056,Park2024_Fig5d_human2,human,computed_park_eq,0.15140048894775368,0.5844276936810562,0.5429022774264219,0.6087032989646017,0.4297352878147173,0.5382402204425865,0.5301533383849517,0.057974058429587055,1700,0.513,9.386830314760727,0,1
TG_1057,Park2024_Fig5d_human2,human,computed_park_eq,0.1522745818569774,0.6475577993515897,0.5085822398833251,0.5031560726627738,0.4081642066124967,0.6268414703658638,0.5130481720963269,0.05743639922696784,1487,0.519,9.4410240751326,0,1
TG_1058,Park2024_Fig5d_human2,human,computed_park_eq,0.17455011522024003,0.7496053084809435,0.5257207361158401,0.6591709948882339,0.3953593136286039,0.6212570256093525,0.48786680824500966,0.05216067533389734,2390,0.517,10.82210714365488,0,1
TG_1059,Park2024_Fig5d_human2,human,computed_park_eq,0.17162055928605682,0.5406630545474751,0.5563037948348146,0.6060303386791508,0.3560248049649752,0.616050038556277,0.5093474474523276,0.029099093433509582,1563,0.509,10.640474675735524,0,1
TG_1060,Park2024_Fig5d_human2,human,computed_park_eq,0.17001966840537786,0.5173488287351355,0.5408037488117756,0.6427098098521996,0.27359141511772433,0.5730456405600407,0.5110226052601262,0.09490440621052694,841,0.508,10.541219441133427,0,1
TG_1061,Park2024_Fig5d_human2,human,computed_park_eq,0.1597670946894027,0.6738297374060962,0.42283438128819273,0.6628941909746526,0.2893939383986809,0.45237426933387187,0.5010458948392521,0.08671125737772474,1785,0.506,9.905559870742968,0,1
TG_1062,Park2024_Fig5d_human2,human,computed_park_eq,0.15620278370376264,0.511759763353687,0.5637330671678894,0.6438270559891478,0.39944001316012545,0.5178261630969405,0.484935346889778,0.08700577318513837,2422,0.499,9.684572589633284,0,1
TG_1063,Park2024_Fig5d_human2,human,computed_park_eq,0.15231891656614674,0.5715915169717897,0.5292732663659435,0.561884755180551,0.238711036343131,0.5553038895466472,0.5077015804356703,0.027053395242247785,1570,0.465,9.443772827101098,0,1
TG_1064,Park2024_Fig5d_human2,human,computed_park_eq,0.13469764807197268,0.6399732753839873,0.3902757219496256,0.4501402944607922,0.3221521215796626,0.4964546729581002,0.5174360683843418,0.029824279542971992,2053,0.463,8.351254180462305,0,1
TG_1065,Park2024_Fig5d_human2,human,computed_park_eq,0.15307776756686212,0.5131605281567903,0.31779266844032905,0.4915977697099799,0.46897145749078323,0.5782786497446633,0.5339091904350244,0.02123281642156591,2469,0.467,9.490821589145451,0,1
TG_1066,Park2024_Fig5d_human2,human,computed_park_eq,0.1383071542507793,0.6293652523460728,0.5773063038581401,0.5647249667706169,0.37489954391549474,0.5303306251528761,0.5464355722227973,0.11657788641594144,1370,0.462,8.575043563548316,0,1
TG_1067,Park2024_Fig5d_human2,human,computed_park_eq,0.16432207256308867,0.5148781106409936,0.3819986629997672,0.6773988064874787,0.30627380095677326,0.5823306400934503,0.5499647445293105,0.03946045707503117,1141,0.464,10.187968498911498,0,1
TG_1068,Park2024_Fig5d_human2,human,computed_park_eq,0.18228120156756109,0.681392061889987,0.3689478125377608,0.4002717505738271,0.41457105604478994,0.48423694876702505,0.48731376767154844,0.03562741808910902,1078,0.463,11.301434497188787,0,1
TG_1069,Park2024_Fig5d_human2,human,computed_park_eq,0.16977466946249736,0.5336789327174314,0.3452747948140589,0.637803246338388,0.46626873752380493,0.506603393176754,0.5106574774773798,0.05324925615575303,1052,0.466,10.526029506674837,0,1
TG_1070,Park2024_Fig5d_human2,human,computed_park_eq,0.18196102429145802,0.5640637309722681,0.41405849939255324,0.6613815552850351,0.3989443488199468,0.5183423758683376,0.5278589682007235,0.0029524823072120563,1760,0.463,11.281583506070398,0,1
TG_1071,Park2024_Fig5d_human2,human,computed_park_eq,0.1164222192454296,0.5646704434503571,0.5146688481996697,0.616472957825508,0.2847191330317481,0.61706129217169,0.502179146055523,0.10876396859798133,2269,0.459,7.218177593216636,0,1
TG_1072,Park2024_Fig5d_human2,human,computed_park_eq,0.11065224959865852,0.5421754107009364,0.39473869335247536,0.5781621303003585,0.3936534456436098,0.529271234393495,0.48544874071773597,0.05604519781390864,1177,0.465,6.860439475116828,0,1
TG_1073,Park2024_Fig5d_human2,human,computed_park_eq,0.14107390888869395,0.6535459309961348,0.5412960978291517,0.6697750920944694,0.38712601531076984,0.45112626254961075,0.4930421743562973,0.014958930578005191,2119,0.461,8.746582351099025,0,1
TG_1074,Park2024_Fig5d_human2,human,computed_park_eq,0.13781737788471463,0.6594160115371477,0.3888191522137757,0.613127414916034,0.25079955722208247,0.6163980106220694,0.5200293830223313,0.08758347350580727,2209,0.466,8.544677428852307,0,1
TG_1075,Park2024_Fig5d_human2,human,computed_park_eq,0.14766484224125456,0.6539029879805898,0.32851393759850567,0.68516034235845,0.49412430806984203,0.5590913390784984,0.5465048408691384,0.02691678563712796,877,0.467,9.155220218957783,0,1
TG_1076,Park2024_Fig5d_human2,human,computed_park_eq,0.13572707326276298,0.6522497777629821,0.3864635905344318,0.44809271185467064,0.36335938787135247,0.5564620526759821,0.4853110148856833,0.10473231802417092,1008,0.468,8.415078542291305,0,1
TG_1077,Park2024_Fig5d_human2,human,computed_park_eq,0.13817945027864714,0.6605772389477546,0.38282582654677866,0.4652342902023101,0.27625331429169725,0.5481294998681454,0.5476269910912038,0.12483569123418424,1876,0.471,8.567125917276122,0,1
TG_1078,Park2024_Fig5d_human2,human,computed_park_eq,0.1373862554035748,0.5908433021245244,0.4393536751512232,0.6936788941050971,0.2517171405007147,0.5214966206983765,0.53105982657879,0.1445915601403415,2003,0.472,8.517947835021637,0,1
TG_1079,Park2024_Fig5d_human2,human,computed_park_eq,0.16828536910873762,0.6045958344283179,0.43225653381075474,0.5902729272932628,0.432343225782795,0.4567578301896497,0.5215209196868994,0.028009949114605647,2303,0.474,10.433692884741733,0,1
TG_1080,Park2024_Fig5d_human2,human,computed_park_eq,0.14457816559246583,0.5725736289247286,0.5359630967730142,0.4478170797246763,0.21322766491925965,0.5287975015426111,0.5091474519099344,0.06763610072834313,1643,0.475,8.963846266732881,0,1
TG_1081,Park2024_Fig5d_human2,human,computed_park_eq,0.17495556197917383,0.7066819120990705,0.3320759593139464,0.5514262970696625,0.4091273414782276,0.5673640890147127,0.5382945349716306,0.010840756351702724,958,0.475,10.847244842708777,0,1
TG_1082,Park2024_Fig5d_human2,human,computed_park_eq,0.17270593597416808,0.5622040788345555,0.4983700149785597,0.6129715137338824,0.20320759703405045,0.537842102186375,0.5390283429975236,0.0734381394364571,2094,0.472,10.707768030398421,0,1
TG_1083,Park2024_Fig5d_human2,human,computed_park_eq,0.13440270010234276,0.5153764341146596,0.3154003113971033,0.514045042587301,0.30117132525075263,0.5935874047245139,0.5319975051109407,0.0076280953250609735,985,0.468,8.33296740634525,0,1
TG_1084,Park2024_Fig5d_human2,human,computed_park_eq,0.1464738273497533,0.7382275783908774,0.4216211882552772,0.5011659729730678,0.2042606468512294,0.4806835158821775,0.509479509936975,0.010275418885784109,826,0.471,9.081377295684705,0,1
TG_1085,Park2024_Fig5d_human2,human,computed_park_eq,0.12104377496277252,0.6977510185163518,0.4530638749434366,0.43835492109804014,0.4216976189468732,0.5293775956449838,0.4984046973342503,0.05632479330310802,1177,0.472,7.5047140476918965,0,1
TG_1086,Park2024_Fig5d_human2,human,computed_park_eq,0.1320690855640381,0.5161012790037608,0.31651131266781485,0.4562051252987281,0.4728382394146314,0.5539996248073844,0.5351558644471031,0.03417647821147509,1884,0.474,8.188283304970362,0,1
TG_1087,Park2024_Fig5d_human2,human,computed_park_eq,0.1707622549022367,0.5056511098398067,0.3731528189898316,0.4457722672907136,0.4577567116164708,0.5435087699387532,0.5082954030725252,0.06742241431516198,1850,0.479,10.587259803938675,0,1
TG_1088,Park2024_Fig5d_human2,human,computed_park_eq,0.1462508813911395,0.7456720598978315,0.5580743432932393,0.6063695936437226,0.48162496648394987,0.5944622336647416,0.4933319897921032,0.06632342071692175,2254,0.483,9.067554646250649,0,1
TG_1089,Park2024_Fig5d_human2,human,computed_park_eq,0.16859479102503905,0.5967668283478234,0.4687922991744298,0.64088989033257,0.32813975931451733,0.49670836038527366,0.5496168023868124,0.14348562861782393,863,0.484,10.452877043552421,0,1
TG_1090,Park2024_Fig5d_human2,human,computed_park_eq,0.15305701015456333,0.6738385626829674,0.33171736812934044,0.5994423275740733,0.2858542612393722,0.48978336274744494,0.5455446790477491,0.00277868651189338,1778,0.483,9.489534629582927,0,1
TG_1091,Park2024_Fig5d_human2,human,computed_park_eq,0.16315289995731844,0.548289437780245,0.5003773420788253,0.4280403810713331,0.3523550429412444,0.4824471096281155,0.5091444649157503,0.12494731120476564,828,0.481,10.115479797353743,0,1
TG_1092,Park2024_Fig5d_human2,human,computed_park_eq,0.16649980191510544,0.6474585986099389,0.3601849113373958,0.48619909996829486,0.24856868301570753,0.4998590700009223,0.49574207461578723,0.07791731795868563,1998,0.49,10.322987718736536,0,1
TG_1093,Park2024_Fig5d_human2,human,computed_park_eq,0.1776492315302503,0.6400603659457631,0.3765010957503227,0.4787650690060001,0.2117759159213,0.5110888453096963,0.5321222575302367,0.007127663581066556,1914,0.498,11.014252354875518,0,1
TG_1094,Park2024_Fig5d_human2,human,computed_park_eq,0.16963022840610192,0.6447291331481794,0.4178097340076824,0.5733207310482525,0.35452531285153555,0.5871414458572152,0.5254672701745773,0.063636855480987,2051,0.505,10.51707416117832,0,1
TG_1095,Park2024_Fig5d_human2,human,computed_park_eq,0.1711924864980445,0.5171877380221693,0.45221822815348817,0.4986759334632173,0.3524935082830084,0.45479508947530634,0.5019117748291106,0.12298022212905074,812,0.504,10.61393416287876,0,1
TG_1096,Park2024_Fig5d_human2,human,computed_park_eq,0.1637820796993124,0.7405875333595695,0.4387066802803987,0.5238009832010624,0.2769332052389564,0.45201422696645666,0.49923531850952596,0.016409988819050092,2018,0.507,10.15448894135737,0,1
TG_1097,Park2024_Fig5d_human2,human,computed_park_eq,0.18162678158492732,0.606726330159076,0.4656054516886954,0.46928249937962335,0.4230507607337226,0.5563976636541563,0.536632418516824,0.11710990950430045,2196,0.511,11.260860458265494,0,1
TG_1098,Park2024_Fig5d_human2,human,computed_park_eq,0.15861730761546997,0.6265924344130522,0.5015676046909118,0.6734854616510284,0.350648603229096,0.6431677550116661,0.5459144396451359,0.12975937949765406,1463,0.514,9.834273072159139,0,1
TG_1099,Park2024_Fig5d_human2,human,computed_park_eq,0.14304519153298223,0.7149163869166189,0.3773265646884329,0.46792888152629497,0.3442142169453068,0.5497702047488549,0.4950559660149565,0.040779109008887364,2179,0.518,8.868801875044898,0,1
TG_1100,Park2024_Fig5d_human2,human,computed_park_eq,0.17152782329260055,0.6572784049780298,0.5379030922876797,0.4397931623361897,0.35559160719980376,0.605813502871894,0.4982443418329901,0.024437488950242864,2423,0.524,10.634725044141234,0,1
TG_1101,Park2024_Fig5d_human2,human,computed_park_eq,0.2040808415277054,0.5327190833644218,0.4372706543021915,0.48048465866184636,0.4526072654194852,0.5127150264128062,0.5387093167173702,0.06428469189026882,2415,0.527,12.653012174717734,0,1
TG_1102,Park2024_Fig5d_human2,human,computed_park_eq,0.19568555713908078,0.6715916516446698,0.3055067173137425,0.4935332940415066,0.3913466537778231,0.45186899069724884,0.48230838605778154,0.1277831973705575,1016,0.531,12.132504542623009,0,1
TG_1103,Park2024_Fig5d_human2,human,computed_park_eq,0.17831266162638434,0.5872900966414374,0.5010958901944629,0.5927279719025732,0.4793057827639113,0.6182832872050701,0.5253212846625874,0.05122606660260654,1433,0.532,11.05538502083583,0,1
TG_1104,Park2024_Fig5d_human2,human,computed_park_eq,0.18478557662819828,0.6921169489160335,0.36649419438526776,0.48084701504000904,0.27281449603957497,0.6483346105663357,0.493818261361138,0.0863280325449186,2024,0.525,11.456705750948293,0,1
TG_1105,Park2024_Fig5d_human2,human,computed_park_eq,0.18922886284169885,0.5888513516905839,0.5461489333973565,0.4134120794256586,0.42662933018660826,0.5034143882698175,0.513378644240065,0.12339544073358308,1089,0.525,11.73218949618533,0,1
TG_1106,Park2024_Fig5d_human2,human,computed_park_eq,0.18066965177570213,0.5439066163920006,0.4264130823641564,0.6381507736445848,0.33945494111121566,0.5575046200406097,0.5496611587140086,0.0598663949336139,1667,0.52,11.201518410093533,0,1
TG_1107,Park2024_Fig5d_human2,human,computed_park_eq,0.14348123113297723,0.6739101883613521,0.581366092828465,0.5627076851476964,0.430519978684634,0.4678413117633928,0.49478106262023486,0.07531974613792987,2096,0.517,8.895836330244588,0,1
TG_1108,Park2024_Fig5d_human2,human,computed_park_eq,0.14019564524975525,0.519704519310696,0.5288996693135826,0.5753729418254521,0.2114354735565475,0.5476194031745655,0.5298420549938117,0.13034270919012095,1819,0.524,8.692130005484826,0,1
TG_1109,Park2024_Fig5d_human2,human,computed_park_eq,0.14902807850953514,0.7325877942832669,0.5354648950163383,0.4600026763338243,0.23925270840464594,0.5851623271485467,0.5191918215903889,0.11845104206891335,1814,0.522,9.239740867591179,0,1
TG_1110,Park2024_Fig5d_human2,human,computed_park_eq,0.19802881041491668,0.5641218808017886,0.4781252257221539,0.40472079411206335,0.27786567459949646,0.5822764155689978,0.48224438874147635,0.012480272476340247,1439,0.524,12.277786245724835,0,1
TG_1111,Park2024_Fig5d_human2,human,computed_park_eq,0.16979464267723068,0.6490075402374502,0.4381158527025122,0.509322959798621,0.3059014252915509,0.5772745411419181,0.5325891181856423,0.10177756042266216,1071,0.528,10.527267845988302,0,1
TG_1112,Park2024_Fig5d_human2,human,computed_park_eq,0.17100547767715654,0.7486125221363962,0.5939958321861327,0.6646500173413099,0.37246084854742123,0.529601287500763,0.505507041709785,0.0018187125131617242,2414,0.528,10.602339615983706,0,1
TG_1113,Park2024_Fig5d_human2,human,computed_park_eq,0.18574852295266442,0.7027538437330173,0.557695917309635,0.69747827069925,0.2882119130119997,0.5920486683854518,0.48807799007965796,0.06102139370352741,1904,0.537,11.516408423065194,0,1
TG_1114,Park2024_Fig5d_human2,human,computed_park_eq,0.15805701504660136,0.5211821708225794,0.48689186630642867,0.4020356658930483,0.2130368738903512,0.6307960018111682,0.5169294604949763,0.11038529788027872,845,0.542,9.799534932889284,0,1
TG_1115,Park2024_Fig5d_human2,human,computed_park_eq,0.17449208317747622,0.5196317964853931,0.46816180572503124,0.49962216724714614,0.24648253560138078,0.6198069026566946,0.5165119659093785,0.13999146185685998,1043,0.548,10.818509157003525,0,1
TG_1116,Park2024_Fig5d_human2,human,computed_park_eq,0.19391197787850367,0.7445813691112618,0.5185158558302198,0.5931245597328769,0.3005277302805028,0.4569007752996652,0.5001687590198284,0.11526718506894265,1753,0.546,12.022542628467228,0,1
TG_1117,Park2024_Fig5d_human2,human,computed_park_eq,0.1472880342179017,0.5524661693197803,0.4797297975308257,0.4266788568265072,0.21745032761627742,0.5244490590372143,0.5304465118155504,0.0832210137410922,1264,0.5509999999999999,9.131858121509906,0,1
TG_1118,Park2024_Fig5d_human2,human,computed_park_eq,0.17919528127047177,0.7055686778682313,0.4688008622052926,0.689316776997178,0.2651672297453244,0.5928263987204305,0.5058960892438128,0.04184492916302908,862,0.5529999999999999,11.11010743876925,0,1
TG_1119,Park2024_Fig5d_human2,human,computed_park_eq,0.15347304062037223,0.5500877128621015,0.5971595715251454,0.6405242250537282,0.4244830460763126,0.608812125176551,0.5478246011603121,0.08599150331298051,2363,0.556,9.515328518463079,0,1
TG_1120,Park2024_Fig5d_human2,human,computed_park_eq,0.1833136352042216,0.7155524101883097,0.5228192188362271,0.5242924937002519,0.3420708495723939,0.5322504796957739,0.5450959512160303,0.05152974172474412,1561,0.558,11.365445382661738,0,1
TG_1121,Park2024_Fig5d_human2,human,computed_park_eq,0.18273914450610035,0.6449554432750186,0.41102678402099124,0.405501516703195,0.23828695587132598,0.6008462646699098,0.5130078088611716,0.022475720128195213,877,0.558,11.329826959378222,0,1
TG_1122,Park2024_Fig5d_human2,human,computed_park_eq,0.1902623590144954,0.5306297856342734,0.3636083551506687,0.408862590583448,0.3301805748894121,0.5055665799129309,0.5408934153723225,0.09074112197966326,2076,0.5549999999999999,11.796266258898715,0,1
TG_1123,Park2024_Fig5d_human2,human,computed_park_eq,0.15684328156022986,0.6447342940513392,0.49415033161529565,0.6060658235145269,0.43292099660663097,0.5122678485858834,0.5197443869502315,0.14723685446468915,1974,0.5569999999999999,9.724283456734252,0,1
TG_1124,Park2024_Fig5d_human2,human,computed_park_eq,0.18792025046393693,0.7381663570245917,0.4158409195585714,0.6360784317689985,0.38596938552810434,0.46654701661244824,0.5376786272409946,0.1015651914536047,2103,0.552,11.65105552876409,0,1
TG_1125,Park2024_Fig5d_human2,human,computed_park_eq,0.1563744537011642,0.5633752540264433,0.3992661263081383,0.48093881736770927,0.3534309218904762,0.5380296894448265,0.515869998596366,0.10090704172506543,1870,0.5549999999999999,9.69521612947218,0,1
TG_1126,Park2024_Fig5d_human2,human,computed_park_eq,0.19483209241393726,0.5883977864893296,0.5391465317447495,0.5328550592425632,0.2955408276806916,0.5946458917211069,0.536112397362913,0.1187574251376407,1292,0.5569999999999999,12.07958972966411,0,1
TG_1127,Park2024_Fig5d_human2,human,computed_park_eq,0.18978696575536252,0.714371313434055,0.3000555585886328,0.5087294233563312,0.42128092881032664,0.5699438022220555,0.4924300401842132,0.0455599633632818,1425,0.5569999999999999,11.766791876832476,0,1
TG_1128,Park2024_Fig5d_human2,human,computed_park_eq,0.19213857565125958,0.5166569996025937,0.5928239058664402,0.6870975306611324,0.21813096348216923,0.5386506882949924,0.4930371456809842,0.07280173457016272,1781,0.562,11.912591690378093,0,1
TG_1129,Park2024_Fig5d_human2,human,computed_park_eq,0.18578035445285285,0.5884764168029543,0.48099766969337954,0.4936003918325351,0.4729470922496181,0.6240800926211674,0.5190762225195763,0.04871983730705408,2317,0.572,11.518381976076876,0,1
TG_1130,Park2024_Fig5d_human2,human,computed_park_eq,0.19274956024118026,0.6688511092838235,0.3970887373741437,0.423892481886707,0.37503069041326553,0.639574033723936,0.5139550389894222,0.13591636209705568,1584,0.576,11.950472734953175,0,1
TG_1131,Park2024_Fig5d_human2,human,computed_park_eq,0.18048802380430032,0.554285101009418,0.41209224554000956,0.499873628869421,0.25284617375085805,0.5714533340202976,0.513363691235604,0.12985514884860055,2152,0.57,11.19025747586662,0,1
TG_1132,Park2024_Fig5d_human2,human,computed_park_eq,0.19015554535547188,0.7348337539357467,0.41055529735151425,0.41619092842821753,0.428890816612707,0.5907016288176682,0.5218537694584333,0.0734840616576261,1729,0.563,11.789643812039257,0,1
TG_1133,Park2024_Fig5d_human2,human,computed_park_eq,0.17370484412504036,0.5017393968258228,0.37203798613545597,0.4302421591417256,0.2780634103807261,0.48540865890567947,0.48199640173870534,0.1363956219609074,1127,0.56,10.769700335752503,0,1
TG_1134,Park2024_Fig5d_human2,human,computed_park_eq,0.18078322585920198,0.5030156294556002,0.3102875034931627,0.6107015302305585,0.28372554084538504,0.5658759454695897,0.49415940267634684,0.04053733125925712,1552,0.5640000000000001,11.208560003270522,0,1
TG_1135,Park2024_Fig5d_human2,human,computed_park_eq,0.1815833832419492,0.7340370261282558,0.5878139563160842,0.46243299892615225,0.29335808074068337,0.6039984562437408,0.5406734801603941,0.07788401162842916,880,0.563,11.25816976100085,0,1
TG_1136,Park2024_Fig5d_human2,human,computed_park_eq,0.1845321659563163,0.5351926144428033,0.36746904171912215,0.5674402474384644,0.42922790006389444,0.5738702611872598,0.4962493738960109,0.00014145637912355014,1106,0.5609999999999999,11.440994289291611,0,1
TG_1137,Park2024_Fig5d_human2,human,computed_park_eq,0.19417535665090677,0.6024619182795875,0.4574802252730402,0.543138930218705,0.33428716179965745,0.6050381538587812,0.5168738235088645,0.04750756830378241,2481,0.558,12.03887211235622,0,1
TG_1138,Park2024_Fig5d_human2,human,computed_park_eq,0.17626038519973194,0.5094368292418583,0.4749585485649138,0.46898842462031026,0.24444017660491493,0.5807659927655355,0.5276846480475085,0.1128232338386499,1377,0.5549999999999999,10.928143882383381,0,1
TG_1139,Park2024_Fig5d_human2,human,computed_park_eq,0.17284600177094175,0.5322510437558148,0.4569390338718673,0.5899086716223227,0.3734865845520211,0.5018480270780541,0.5436176821678158,0.0031758545603067677,1774,0.5529999999999999,10.71645210979839,0,1
TG_1140,Park2024_Fig5d_human2,human,computed_park_eq,0.16595490426549986,0.6797481188495152,0.5300786779047478,0.5248355633295579,0.20507294397691014,0.5736087358247475,0.48441662768282506,0.016178366423027172,2031,0.552,10.289204064460991,0,1
TG_1141,Park2024_Fig5d_human2,human,computed_park_eq,0.16699071247077144,0.5929986899472904,0.554103610616725,0.6483736186447193,0.31484726238905114,0.5678237471960473,0.5304571421532441,0.03618101619420345,1648,0.5509999999999999,10.353424173187829,0,1
TG_1142,Park2024_Fig5d_human2,human,computed_park_eq,0.1680056725693051,0.6330614517854452,0.48205794234027854,0.5466338164688997,0.3223983086744457,0.4922570075139876,0.513775391396748,0.05116540707036871,822,0.5489999999999999,10.416351699296916,0,1
TG_1143,Park2024_Fig5d_human2,human,computed_park_eq,0.1410523863534189,0.5419053909601461,0.37886421059679776,0.4107245183397594,0.411327086443246,0.5484233314171724,0.4865970146483168,0.02575409896927368,1841,0.5469999999999999,8.745247953911973,0,1
TG_1144,Park2024_Fig5d_human2,human,computed_park_eq,0.17772090338850127,0.6867521248992399,0.5747783238311344,0.6874368386438838,0.20315781389291043,0.6480748418709275,0.5278112822945913,0.09652862405612839,1162,0.548,11.018696010087078,0,1
TG_1145,Park2024_Fig5d_human2,human,computed_park_eq,0.19562086418685698,0.6501849436125984,0.5045499096098576,0.6980504681187124,0.2697006637772055,0.5747891149522777,0.5122224973040179,0.005917792938403715,1059,0.5469999999999999,12.128493579585133,0,1
TG_1146,Park2024_Fig5d_human2,human,computed_park_eq,0.17440103837978183,0.6563042646632131,0.5482152580822074,0.60359483115486,0.21955993001184515,0.5114865065095675,0.500158502555275,0.13725486352066263,1995,0.546,10.812864379546474,0,1
TG_1147,Park2024_Fig5d_human2,human,computed_park_eq,0.16341847467433737,0.7235268294511834,0.5664569858892561,0.6564238396092175,0.4535244913206505,0.546050800217231,0.49242021565747185,0.07162320756936415,2255,0.544,10.131945429808917,0,1
TG_1148,Park2024_Fig5d_human2,human,computed_park_eq,0.16991386654952323,0.5132801560497503,0.5386745509626849,0.5251165708698117,0.26873498417341973,0.49635805552331597,0.5430979958860463,0.12508749006915554,1619,0.5409999999999999,10.53465972607044,0,1
TG_1149,Park2024_Fig5d_human2,human,computed_park_eq,0.1810070692712929,0.6028909429752576,0.45564249362530607,0.410095099640517,0.4023297669405791,0.5309211765893727,0.5111834378158342,0.1310509090769647,824,0.5409999999999999,11.22243829482016,0,1
TG_1150,Park2024_Fig5d_human2,human,computed_park_eq,0.18091616902629307,0.6297223829127704,0.3419756931680982,0.5539424504539832,0.2727256441661633,0.48686626979763825,0.4845383953150334,0.11439788381342113,2201,0.542,11.21680247963017,0,1
TG_1151,Park2024_Fig5d_human2,human,computed_park_eq,0.13079805511877132,0.6115716671185878,0.4232764709081516,0.561575015756261,0.27513302052608113,0.6282110387683641,0.5033159883665711,0.02212857512660202,846,0.542,8.109479417363822,0,1
TG_1152,Park2024_Fig5d_human2,human,computed_park_eq,0.1511297318977177,0.718675496081678,0.35116811340195553,0.4408700954637177,0.38912027781079983,0.5102451496124559,0.4812999503135569,0.13329640040444327,1615,0.54,9.370043377658497,0,1
TG_1153,Park2024_Fig5d_human2,human,computed_park_eq,0.20126991267071884,0.7464517052521062,0.5001571033927683,0.4734518652428562,0.4149660919336999,0.569585885363966,0.49482595020070835,0.1276666238771332,911,0.5409999999999999,12.478734585584569,0,1
TG_1154,Park2024_Fig5d_human2,human,computed_park_eq,0.16931521012771744,0.539907483313191,0.3615548500185482,0.6365655526024769,0.2501587563641805,0.4556914783687845,0.5240548459840257,0.14639746790886748,2245,0.5429999999999999,10.497543027918482,0,1
TG_1155,Park2024_Fig5d_human2,human,computed_park_eq,0.18419400707759412,0.7227066883935671,0.5929470102132748,0.6100643976536002,0.3506905152985226,0.4832623400418165,0.5293766391753192,0.043736657513989606,905,0.54,11.420028438810835,0,1
TG_1156,Park2024_Fig5d_human2,human,computed_park_eq,0.17800838276337408,0.6812740047244127,0.5895094868729756,0.4781192076235215,0.2055369257129068,0.5591216928854301,0.529475335307777,0.11856112138244819,1931,0.54,11.036519731329193,0,1
TG_1157,Park2024_Fig5d_human2,human,computed_park_eq,0.14881716994459637,0.6472833507890096,0.4943008068362478,0.5355225260546326,0.4906074350639129,0.4667691436008962,0.5042932918167644,0.06286120246881614,2104,0.542,9.226664536564975,0,1
TG_1158,Park2024_Fig5d_human2,human,computed_park_eq,0.14815113318018416,0.5686430788877554,0.46382964240098723,0.46420213395216225,0.342657956487858,0.5136350419017406,0.498669240144605,0.1450477527042056,2291,0.542,9.185370257171417,0,1
TG_1159,Park2024_Fig5d_human2,human,computed_park_eq,0.1659852944338834,0.7097622920198393,0.5794266582258658,0.49673358705545617,0.47784278997887925,0.6086016318245077,0.5445704927702639,0.09994052053812714,1558,0.54,10.291088254900771,0,1
TG_1160,Park2024_Fig5d_human2,human,computed_park_eq,0.17743791698975578,0.6469714229824455,0.45041894357859724,0.6620152493113143,0.2252005143561877,0.58630520597733,0.5276076788903294,0.10036200252934248,2144,0.5409999999999999,11.001150853364859,0,1
TG_1161,Park2024_Fig5d_human2,human,computed_park_eq,0.17020453994090723,0.7032858475748341,0.4834729636438203,0.6337281830145312,0.41571000163696625,0.5493540226254328,0.48288526321661895,0.08764023030967515,2128,0.54,10.552681476336248,0,1
TG_1162,Park2024_Fig5d_human2,human,computed_park_eq,0.16443660432287818,0.7075457416544235,0.40813890874477665,0.52912657242639,0.32285554408361417,0.524946204507152,0.5447870525152827,0.12433948367895181,1900,0.54,10.195069468018447,0,1
TG_1163,Park2024_Fig5d_human2,human,computed_park_eq,0.16516904792779652,0.6643920764461531,0.5649358220024325,0.5731125585970075,0.30620589140960336,0.6141819268141232,0.5347758405744081,0.08162732313469512,1019,0.54,10.240480971523384,0,1
TG_1164,Park2024_Fig5d_human2,human,computed_park_eq,0.17509400655667437,0.5113716353680686,0.5536878900345057,0.6733702930944014,0.44618821802571107,0.475589988183953,0.5498540594088602,0.03878763323291607,2413,0.538,10.855828406513812,0,1
TG_1165,Park2024_Fig5d_human2,human,computed_park_eq,0.14464361504258327,0.7281752525892776,0.357840838402982,0.5168104031144202,0.4820935402783255,0.5354213125674085,0.518828557995294,0.012050529985423136,832,0.5409999999999999,8.967904132640163,0,1
TG_1166,Park2024_Fig5d_human2,human,computed_park_eq,0.16119653790256633,0.5477023728615767,0.4658525387954304,0.47597360891207524,0.4866864139344068,0.4557262387671306,0.49398097960778653,0.03634659095811716,1145,0.54,9.994185349959112,0,1
TG_1167,Park2024_Fig5d_human2,human,computed_park_eq,0.16253718516076193,0.637685820222768,0.3870276794852244,0.5840336417703971,0.3061408491931927,0.5167229781955363,0.48265568190551544,0.02204406088557173,1592,0.5389999999999999,10.07730547996724,0,1
TG_1168,Park2024_Fig5d_human2,human,computed_park_eq,0.18780182313630417,0.5625141896275383,0.42511461849627025,0.5051410606953783,0.457644174402457,0.47530889174268165,0.5195951417669352,0.021309241416459335,1987,0.538,11.643713034450858,0,1
TG_1169,Park2024_Fig5d_human2,human,computed_park_eq,0.16944589100343685,0.6220230650662439,0.5782268509448287,0.5562974165948071,0.3462795314148683,0.5656658205408609,0.5282460815454066,0.01603250626305471,1991,0.537,10.505645242213085,0,1
TG_1170,Park2024_Fig5d_human2,human,computed_park_eq,0.18539374085163035,0.6175868146782835,0.39520622508007697,0.5867878082085758,0.3958279267928376,0.6038791553681604,0.4909696507034043,0.11122758784904854,1725,0.533,11.494411932801082,0,1
TG_1171,Park2024_Fig5d_human2,human,computed_park_eq,0.19052256218299884,0.5915632514996185,0.4804645519139118,0.5818950842123596,0.30950759121164695,0.6308947854562575,0.5152259841770283,0.06971763089062512,1610,0.534,11.81239885534593,0,1
TG_1172,Park2024_Fig5d_human2,human,computed_park_eq,0.1634634910644976,0.6233750910181541,0.3535194755785743,0.5539208268590314,0.444205020655979,0.6053720653796564,0.535200723557593,0.10620356759968676,1679,0.534,10.13473644599885,0,1
TG_1173,Park2024_Fig5d_human2,human,computed_park_eq,0.137246714132768,0.5048122409622235,0.5475644837255529,0.44281655619056143,0.2928625975586264,0.5638213960725608,0.4972194820049878,0.0745710695628302,2225,0.531,8.509296276231616,0,1
TG_1174,Park2024_Fig5d_human2,human,computed_park_eq,0.1556083943570772,0.6176344836975687,0.5846932032358787,0.6542501861129024,0.29991177060901825,0.5299924249167876,0.5096328708915769,0.0939269179386772,1303,0.53,9.647720450138786,0,1
TG_1175,Park2024_Fig5d_human2,human,computed_park_eq,0.1603869490977999,0.539713172985989,0.3586998886876027,0.6918932141260914,0.24593403373165953,0.5038540848610416,0.521341276041701,0.09152678643549628,1102,0.53,9.943990844063594,0,1
TG_1176,Park2024_Fig5d_human2,human,computed_park_eq,0.15563534971092646,0.7162484932573836,0.46886994790703695,0.6851030429541715,0.22172669385820545,0.5090521260171947,0.49354803612677006,0.08307604383431043,2363,0.529,9.649391682077441,0,1
TG_1177,Park2024_Fig5d_human2,human,computed_park_eq,0.16660012529793028,0.6398254680192068,0.35622338639513307,0.5344679746324673,0.380307763246607,0.5154753360230798,0.5346661373265341,0.1260674372458208,1299,0.529,10.329207768471678,0,1
TG_1178,Park2024_Fig5d_human2,human,computed_park_eq,0.15554550631737932,0.6866816093002579,0.5540767798652722,0.5129165489324833,0.28898625855017546,0.6278893516703354,0.5499555452534876,0.10055304594926985,2492,0.528,9.643821391677518,0,1
TG_1179,Park2024_Fig5d_human2,human,computed_park_eq,0.1647034515004427,0.5717880658594072,0.45022047184325953,0.5367838557305984,0.30332841386515647,0.5887482597396657,0.5331693283739736,0.1279475953545205,1153,0.528,10.211613993027447,0,1
TG_1180,Park2024_Fig5d_human2,human,computed_park_eq,0.18066983739849668,0.5385040813435915,0.37954686891159445,0.476623126255553,0.3840583652490719,0.639007493072721,0.4833790320870587,0.00015334493916719925,2347,0.526,11.201529918706795,0,1
TG_1181,Park2024_Fig5d_human2,human,computed_park_eq,0.13953015617015752,0.5925800438626305,0.3060708697919851,0.5571979502394001,0.3515173400811226,0.5550500929660976,0.5481821857480446,0.1367181005182259,1365,0.523,8.650869682549766,0,1
TG_1182,Park2024_Fig5d_human2,human,computed_park_eq,0.16234361404563216,0.6740086830572831,0.5826427446841214,0.4537357852470865,0.23097764283082478,0.4604175813854302,0.5105229108039065,0.09347210510039353,1101,0.522,10.065304070829194,0,1
TG_1183,Park2024_Fig5d_human2,human,computed_park_eq,0.1617581701776192,0.6784786460209086,0.43063083867061064,0.48839467091875016,0.2150056462706559,0.5474499120690902,0.5048805676507172,0.03772695595146012,1234,0.523,10.02900655101239,0,1
TG_1184,Park2024_Fig5d_human2,human,computed_park_eq,0.17046517377794776,0.5630835011033068,0.4244094354915384,0.42470264892901655,0.38195776011516014,0.47074603290849887,0.5385136707544169,0.12218306805299951,812,0.519,10.568840774232761,0,1
TG_1185,Park2024_Fig5d_human2,human,computed_park_eq,0.14674286546816048,0.5022514160661188,0.37064142510326314,0.4413184904551423,0.3836498662169437,0.4833091177187603,0.5170040886275633,0.08851746335167061,2311,0.519,9.09805765902595,0,1
TG_1186,Park2024_Fig5d_human2,human,computed_park_eq,0.15244180272028152,0.6503460556921827,0.5369184785423886,0.4645661935799137,0.2197786668072447,0.556364702162161,0.4843488039504067,0.11498359415501298,2292,0.519,9.451391768657453,0,1
TG_1187,Park2024_Fig5d_human2,human,computed_park_eq,0.18023339390762227,0.678257864093776,0.3820508597489121,0.4364762048600581,0.3668172005574385,0.5153955246485479,0.5109743919567626,0.09704200625059581,2400,0.521,11.17447042227258,0,1
TG_1188,Park2024_Fig5d_human2,human,computed_park_eq,0.11804687671378516,0.5805743683507272,0.46734080436274406,0.6583858998264291,0.2671718605740442,0.6382516392084805,0.5219383079374076,0.14881897070284142,2019,0.525,7.31890635625468,0,1
TG_1189,Park2024_Fig5d_human2,human,computed_park_eq,0.09842553419394437,0.691061405213095,0.47476615111259823,0.4213020340667766,0.4676336047073244,0.456156620447528,0.532387744934682,0.11381912140564693,2478,0.414,6.102383120024551,0,1
TG_1190,Park2024_Fig5d_human2,human,computed_park_eq,0.10544809041695083,0.5995387361461937,0.39071508183372805,0.6387120055284512,0.30073597505085087,0.45063485963690064,0.5471700811340346,0.08881848545265277,2139,0.413,6.5377816058509515,0,1
TG_1191,Park2024_Fig5d_human2,human,computed_park_eq,0.13606182909358652,0.6844882800632346,0.5301834903160945,0.6716119564787282,0.32284122256663317,0.6406145537244274,0.540580058355788,0.04447523565359086,2316,0.416,8.435833403802365,0,1
TG_1192,Park2024_Fig5d_human2,human,computed_park_eq,0.11656172202071541,0.5954958674225759,0.4630781905395508,0.5403956098311826,0.23818775992852353,0.5799020987003848,0.4851136243767462,0.05672920246216204,1741,0.413,7.226826765284355,0,1
TG_1193,Park2024_Fig5d_human2,human,computed_park_eq,0.1250288520849656,0.742824365076648,0.33535803260393104,0.6874753516697509,0.22730354206475512,0.49620722758941194,0.4832605959460579,0.10576697199584924,2216,0.417,7.751788829267868,0,1
TG_1194,Park2024_Fig5d_human2,human,computed_park_eq,0.14498223894794837,0.635984103072567,0.4175529038798557,0.4930121256194243,0.2754636659398835,0.5186841232261348,0.5121895756630302,0.02879879253461851,1283,0.414,8.9888988147728,0,1
TG_1195,Park2024_Fig5d_human2,human,computed_park_eq,0.13316345268625274,0.6024596195273986,0.5972404067837813,0.5416842892986403,0.3661508247506662,0.5559549830513597,0.5025215920900794,0.011253313333937726,2373,0.412,8.25613406654767,0,1
TG_1196,Park2024_Fig5d_human2,human,computed_park_eq,0.12906193677312608,0.5562375109692584,0.5633496503670367,0.5445620151834971,0.3689282833617479,0.5687375238674042,0.524773198722165,0.0743333535563895,1836,0.416,8.001840079933817,0,1
TG_1197,Park2024_Fig5d_human2,human,computed_park_eq,0.13804650094059304,0.652392133474616,0.3273198546246543,0.5421759282733576,0.2581100878357106,0.4916767358017651,0.5262912773600807,0.1366884227751432,831,0.412,8.558883058316768,0,1
TG_1198,Park2024_Fig5d_human2,human,computed_park_eq,0.16300414922986195,0.5519373182530476,0.4946240811709962,0.6613561139050953,0.42449564033674725,0.6237514461073175,0.517558826970756,0.11278143665537863,2170,0.416,10.10625725225144,0,1
TG_1199,Park2024_Fig5d_human2,human,computed_park_eq,0.1345340439603095,0.700252060799479,0.41916219129206916,0.463654114770062,0.47337062463430796,0.6366271736812438,0.5148302600907895,0.0009742523998884755,1913,0.416,8.341110725539188,0,1
TG_1200,Park2024_Fig5d_human2,human,computed_park_eq,0.14240625944192323,0.6536927382890656,0.5708328143293635,0.688687462501776,0.396080885760568,0.6176318402802173,0.5167641540161558,0.031249042029005955,1521,0.412,8.82918808539924,0,1
TG_1201,Park2024_Fig5d_human2,human,computed_park_eq,0.16285375018219003,0.6012894180042352,0.39131033502886525,0.6047479101211446,0.4542707144307485,0.5887235275565758,0.5452471655820056,0.10758952880368906,2243,0.414,10.096932511295782,0,1
TG_1202,Park2024_Fig5d_human2,human,computed_park_eq,0.15258437230300248,0.5663860462008103,0.47156090681151963,0.6682908679955943,0.3425593158370849,0.6390235014685093,0.4950120760526913,0.01112386586610461,1352,0.414,9.460231082786153,0,1
TG_1203,Park2024_Fig5d_human2,human,computed_park_eq,0.09470444162312278,0.7459106327582029,0.4177334545627711,0.5086886297768705,0.2955813113847963,0.6289498441951596,0.5147706678268725,0.09000217162209533,1619,0.429,5.871675380633612,0,1
TG_1204,Park2024_Fig5d_human2,human,computed_park_eq,0.10265767550162692,0.6352355900012318,0.3823944578605465,0.6191910763788633,0.4497585046377146,0.5929621384262556,0.5311170916389181,0.07687120561792755,2447,0.418,6.3647758811008694,0,1
TG_1205,Park2024_Fig5d_human2,human,computed_park_eq,0.11635458307192342,0.5008469619956598,0.37358702809309285,0.611375809640005,0.2297583590338636,0.6317774880772936,0.4950515798549329,0.03068904214376637,2419,0.423,7.213984150459252,0,1
TG_1206,Park2024_Fig5d_human2,human,computed_park_eq,0.1419819315864067,0.5556870810947971,0.524569415536088,0.5311372821220037,0.41158508721179377,0.5634971755567193,0.5465498924998154,0.08966937490842494,1800,0.433,8.802879758357216,0,1
TG_1207,Park2024_Fig5d_human2,human,computed_park_eq,0.13186325359746026,0.5744618370900054,0.43677478110663415,0.42136201526236977,0.4396062112791087,0.4986603855965934,0.530778848623508,0.010252255717229208,2170,0.438,8.175521723042536,0,1
TG_1208,Park2024_Fig5d_human2,human,computed_park_eq,0.16964124509948408,0.5482537463514247,0.564822622862124,0.6428419628846302,0.4903579772244248,0.54557813218915,0.5309178105692166,0.05560659855566761,1273,0.445,10.517757196168013,0,1
TG_1209,Park2024_Fig5d_human2,human,computed_park_eq,0.1421766900754872,0.5922197729148189,0.5498325093682047,0.49789607719647777,0.4183502487738115,0.46878199296620604,0.5261562631193645,0.04751207748861525,2312,0.456,8.814954784680205,0,1
TG_1210,Park2024_Fig5d_human2,human,computed_park_eq,0.14122592208765156,0.7350440158252641,0.5286214960319177,0.6917543446479227,0.21126682092205687,0.5070266350361418,0.4936795810646844,0.0016731880967745748,881,0.449,8.756007169434396,0,1
TG_1211,Park2024_Fig5d_human2,human,computed_park_eq,0.12221106105916418,0.6272508613706546,0.5663454344894996,0.6081273761047226,0.3183887209718096,0.5244937877824216,0.5119015069805939,0.026556216158985957,1382,0.443,7.57708578566818,0,1
TG_1212,Park2024_Fig5d_human2,human,computed_park_eq,0.152601983667056,0.5910382047761513,0.5557096047786131,0.6269657980173449,0.383153949227648,0.5228404445299032,0.4946952282171439,0.11642277961584342,2474,0.441,9.461322987357471,0,1
TG_1213,Park2024_Fig5d_human2,human,computed_park_eq,0.14107871281073708,0.5984860661726461,0.4833952161159244,0.413343156640948,0.4256368514745882,0.46582585789493675,0.5259530062271116,0.0027685838309916334,2267,0.445,8.7468801942657,0,1
TG_1214,Park2024_Fig5d_human2,human,computed_park_eq,0.12104280207777765,0.7169368475204326,0.4353228215474579,0.404609875220417,0.327933141714291,0.5712387074848281,0.5190435331368644,0.09770041587003082,1248,0.443,7.504653728822214,0,1
TG_1215,Park2024_Fig5d_human2,human,computed_park_eq,0.13835925688299244,0.5112648954799314,0.3558102184113836,0.6803610944923609,0.4930502795540568,0.5979499894780971,0.4976540035431839,0.03907761681539535,1904,0.436,8.578273926745531,0,1
TG_1216,Park2024_Fig5d_human2,human,computed_park_eq,0.10923166509172484,0.6468904430374496,0.4060646562613011,0.5447354411143353,0.37920479029335596,0.5444924227829782,0.5288819326758393,0.06505453996604393,2027,0.441,6.7723632356869405,0,1
TG_1217,Park2024_Fig5d_human2,human,computed_park_eq,0.1340456016600174,0.6669841861370163,0.5419065842380768,0.4492443221677006,0.33275284439876873,0.5487671881303847,0.5018483625737443,0.07226337445934722,1832,0.439,8.310827302921078,0,1
TG_1218,Park2024_Fig5d_human2,human,computed_park_eq,0.14850629830409195,0.6766913204654078,0.5167300269067239,0.42551308639182134,0.2659973380690792,0.45176296665889454,0.5301289348333716,0.0516657432642765,2152,0.438,9.207390494853701,0,1
TG_1219,Park2024_Fig5d_human2,human,computed_park_eq,0.15704842682125572,0.5326745634370782,0.35201194702725247,0.5022629618751809,0.322546216664682,0.5197405621685957,0.5334552922766255,0.014542708894007205,1785,0.439,9.737002462917856,0,1
TG_1220,Park2024_Fig5d_human2,human,computed_park_eq,0.1326920330711208,0.6027023155935853,0.4577058167758518,0.6841507575117278,0.3785600542716313,0.5815767870673063,0.48447379246643985,0.024899169101268787,2159,0.445,8.22690605040949,0,1
TG_1221,Park2024_Fig5d_human2,human,computed_park_eq,0.15327699998063402,0.6610914251231419,0.5272529468455518,0.43539369983110776,0.4499628370730787,0.5911239608360288,0.5204139207637459,0.1334603002174585,916,0.456,9.503173998799308,0,1
TG_1222,Park2024_Fig5d_human2,human,computed_park_eq,0.17351620066283563,0.5504249906577563,0.4289236143227,0.54821286008072,0.2165652880251217,0.6409275026720112,0.4890004082557815,0.10461919008400902,1669,0.471,10.758004441095808,0,1
TG_1223,Park2024_Fig5d_human2,human,computed_park_eq,0.11599736704283523,0.5460623686236084,0.33193427664993236,0.6907721822610698,0.2598945925868069,0.46197492534427714,0.5473166740527748,0.08234276120367406,1327,0.478,7.191836756655784,0,1
TG_1224,Park2024_Fig5d_human2,human,computed_park_eq,0.15439848751578908,0.7416023240308572,0.4724860479688924,0.6669793167670293,0.3952636512487332,0.5450493053174401,0.539822529391336,0.07070521652594962,1433,0.479,9.572706225978923,0,1
TG_1225,Park2024_Fig5d_human2,human,computed_park_eq,0.20219172916127218,0.5242911704914914,0.3396991668360274,0.6030998816097357,0.40251398668697597,0.6458206788504547,0.5298367091645886,0.07398652439001709,2349,0.49,12.535887207998876,0,1
TG_1226,Park2024_Fig5d_human2,human,computed_park_eq,0.1774752395495497,0.6564645992675293,0.5380773591606971,0.4841770647923107,0.3670395153119515,0.5917457159809799,0.4894101757985014,0.12211003589269002,2101,0.491,11.003464852072081,0,1
TG_1227,Park2024_Fig5d_human2,human,computed_park_eq,0.1545596823725258,0.5270364855842997,0.4519503603110776,0.42574323151283167,0.490857956997202,0.45773699165143833,0.5327452730775116,0.0787653597213366,1903,0.492,9.5827003070966,0,1
TG_1228,Park2024_Fig5d_human2,human,computed_park_eq,0.1648747466291533,0.6180494596545438,0.51808616061993,0.6997989764479257,0.49707969191867846,0.59886736856434,0.5317710542774774,0.03714283307983585,1420,0.495,10.222234291007505,0,1
TG_1229,Park2024_Fig5d_human2,human,computed_park_eq,0.1416304820314437,0.7330404298034081,0.4123608457353123,0.4242337641623031,0.31618735210259896,0.5700405094185161,0.5159556870274931,0.1041812961055911,1330,0.493,8.78108988594951,0,1
TG_1230,Park2024_Fig5d_human2,human,computed_park_eq,0.15807384749481915,0.6612096490050491,0.37033465464241183,0.6194823833105572,0.27706934181336895,0.48504047258480804,0.5283467610807105,0.12641808691708936,1655,0.49,9.800578544678787,0,1
TG_1231,Park2024_Fig5d_human2,human,computed_park_eq,0.1418837001324748,0.5165421804312952,0.3647814612060405,0.4383561453726087,0.29372176930388955,0.552876649302204,0.5212131624495506,0.11848021610696143,2451,0.501,8.796789408213439,0,1
TG_1232,Park2024_Fig5d_human2,human,computed_park_eq,0.16582937243106524,0.6236893098964511,0.38999217244635975,0.44811227055000163,0.3942756766405422,0.6358851490053028,0.4907532987453046,0.027002706757621012,2348,0.501,10.281421090726045,0,1
TG_1233,Park2024_Fig5d_human2,human,computed_park_eq,0.14045924321506995,0.7225287840774524,0.5577138989119967,0.42301821157846176,0.23191652162422322,0.5490343184493333,0.5226455863938548,0.04123625062233611,2351,0.5,8.708473079334336,0,1
TG_1234,Park2024_Fig5d_human2,human,computed_park_eq,0.1690802973498796,0.7427442978972867,0.5035594232190194,0.40302209859796945,0.3443056339401386,0.5328895870070959,0.4874699701995638,0.1384813253808285,896,0.499,10.482978435692534,0,1
TG_1235,Park2024_Fig5d_human2,human,computed_park_eq,0.17366127283083949,0.7159057502299884,0.411455872573072,0.4626666678144529,0.43254382331857844,0.5366160407204262,0.49344293954913027,0.13566380134757253,2043,0.49,10.766998915512048,0,1
TG_1236,Park2024_Fig5d_human2,human,computed_park_eq,0.16190846885783353,0.714577360126762,0.4442222737229168,0.40088881616811906,0.2728404499478826,0.5147537951335932,0.5476196146190224,0.1367659922758049,2465,0.496,10.038325069185678,0,1
TG_1237,Park2024_Fig5d_human2,human,computed_park_eq,0.15155297019363656,0.7322790881728314,0.36675631325323393,0.6999019615726276,0.2514568081361561,0.6043092914624755,0.49563887814507374,0.012127020246488096,1130,0.496,9.396284152005467,0,1
TG_1238,Park2024_Fig5d_human2,human,computed_park_eq,0.15812876009496651,0.7364577927789674,0.5777221897324257,0.4487961561286363,0.32232207407891583,0.6162072626545372,0.5262700209174598,0.05921812637560708,2212,0.487,9.803983125887925,0,1
TG_1239,Park2024_Fig5d_human2,human,computed_park_eq,0.12135374805054829,0.7228637661390931,0.3497633773987606,0.44485259185620885,0.37307286059682543,0.5814988459969884,0.49362334780271955,0.05860761633819361,1333,0.497,7.523932379133994,0,1
TG_1240,Park2024_Fig5d_human2,human,computed_park_eq,0.15558499294708578,0.6028889366362569,0.347627374533625,0.6768044302019836,0.20080045040278588,0.6287617086433261,0.541868052643284,0.04754454805470024,1133,0.499,9.646269562719318,0,1
TG_1241,Park2024_Fig5d_human2,human,computed_park_eq,0.1900954661495113,0.6480475451073046,0.5636092751478228,0.5070665986841203,0.2899657220167415,0.4927677778990529,0.4826448077645216,0.0064520946570083,2232,0.501,11.785918901269701,0,1
TG_1242,Park2024_Fig5d_human2,human,computed_park_eq,0.16851312773264035,0.6695982866014768,0.4981597246309458,0.5843928456804658,0.45476574340823145,0.5460533851331255,0.540928757999081,0.05391675392733587,1806,0.494,10.447813919423702,0,1
TG_1243,Park2024_Fig5d_human2,human,computed_park_eq,0.16359184300317473,0.7226863979624303,0.47643155947259935,0.675255390564871,0.3639567373497253,0.5511931126040006,0.495564711344722,0.08171799810453075,2345,0.506,10.142694266196832,0,1
TG_1244,Park2024_Fig5d_human2,human,computed_park_eq,0.1934232767977706,0.6603725922660719,0.5630756795612541,0.6028168015039759,0.3070951076420339,0.5525376144657623,0.5273022732243025,0.14403784878021564,1646,0.518,11.992243161461777,0,1
TG_1245,Park2024_Fig5d_human2,human,computed_park_eq,0.18934482850882628,0.6304558062374881,0.3580427548243104,0.6676090346229342,0.20931849692691007,0.6290792535286887,0.4835364158670634,0.09987740469001921,1936,0.532,11.73937936754723,0,1
TG_1246,Park2024_Fig5d_human2,human,computed_park_eq,0.16511257088980213,0.6211182022582982,0.4380980954333499,0.5699399817938903,0.2448153640313684,0.5438332097134797,0.5381789051702422,0.0023223688706273003,2398,0.522,10.236979395167733,0,1
TG_1247,Park2024_Fig5d_human2,human,computed_park_eq,0.15589373398948037,0.5235424245618093,0.380198864508803,0.5891374891727272,0.35897318256828475,0.46379746165173613,0.5477901893124729,0.13307530324418865,1311,0.53,9.665411507347782,0,1
TG_1248,Park2024_Fig5d_human2,human,computed_park_eq,0.16848634210937252,0.7310790887518572,0.5137182085418764,0.5105123522754202,0.41390846068672904,0.4580556325470776,0.5070490893281407,0.060948454776836886,1063,0.535,10.446153210781096,0,1
TG_1249,Park2024_Fig5d_human2,human,computed_park_eq,0.18014741807588516,0.6348370512102199,0.5597526866248745,0.4396430134509582,0.37864370199970193,0.5398686105003643,0.5095604478985082,0.03788416069042881,833,0.523,11.16913992070488,0,1
TG_1250,Park2024_Fig5d_human2,human,computed_park_eq,0.18635584793685334,0.6794113965856856,0.526493619944749,0.42669266076080153,0.4583748155549195,0.6126210094221688,0.4823382104604204,0.013662662232007721,1976,0.5389999999999999,11.554062572084908,0,1
TG_1251,Park2024_Fig5d_human2,human,computed_park_eq,0.1674862468429418,0.5561182173571507,0.46560971275195495,0.5072129210343888,0.48979812272249784,0.6427099198781702,0.5110600688384168,0.11926311909903893,1089,0.536,10.384147304262392,0,1
TG_1252,Park2024_Fig5d_human2,human,computed_park_eq,0.16404557837605668,0.602055455647058,0.38215275572977775,0.43939697492929525,0.44574935002886895,0.6492290484248384,0.5030679493466718,0.057243156626490585,2088,0.5389999999999999,10.170825859315514,0,1
TG_1253,Park2024_Fig5d_human2,human,computed_park_eq,0.1563018599229101,0.6175587399023204,0.5308309984803289,0.43157256942329575,0.4306851401478188,0.5877254604589996,0.5319162566633423,0.11017025788129842,1965,0.5429999999999999,9.690715315220427,0,1
TG_1254,Park2024_Fig5d_human2,human,computed_park_eq,0.1423500691606092,0.5830774776849899,0.4411634054853668,0.4943552716627316,0.410056268249137,0.6152538299725162,0.531194156662969,0.14839999302424128,1711,0.5529999999999999,8.82570428795777,0,1
TG_1255,Park2024_Fig5d_human2,human,computed_park_eq,0.18080107908010984,0.5905446893895365,0.5202373630970906,0.4312227869254741,0.4368000447021657,0.5564661205174205,0.5004603120896477,0.09836659526762702,2159,0.5469999999999999,11.20966690296681,0,1
TG_1256,Park2024_Fig5d_human2,human,computed_park_eq,0.18112349060239477,0.6167027265010145,0.5582179986619891,0.6859229768074063,0.32702756949405043,0.48448821585864615,0.5370996489001452,0.060489063183373076,1199,0.5409999999999999,11.229656417348476,0,1
TG_1257,Park2024_Fig5d_human2,human,computed_park_eq,0.16714122508563314,0.6865205391432232,0.3614404574817501,0.5113194204410594,0.39026839964408444,0.45363159312141577,0.5305722917237268,0.12533032519022502,2272,0.542,10.362755955309256,0,1
TG_1258,Park2024_Fig5d_human2,human,computed_park_eq,0.20236481830235772,0.7255440399943709,0.45250415247220294,0.5231549921087651,0.45983862568769485,0.5984841023742796,0.5464282965475431,0.1410182839965799,990,0.5489999999999999,12.546618734746179,0,1
TG_1259,Park2024_Fig5d_human2,human,computed_park_eq,0.17071445308300853,0.7249958192196635,0.506452331016679,0.6957922953056558,0.4301037589942308,0.6383948864287181,0.49513320017093326,0.11572273122253886,1220,0.5589999999999999,10.584296091146529,0,1
TG_1260,Park2024_Fig5d_human2,human,computed_park_eq,0.16584832130065996,0.6550079019195587,0.34420582980502157,0.4479888752402963,0.2042684671187498,0.6064180029247219,0.5368607238796437,0.024303362454665956,1098,0.5640000000000001,10.282595920640917,0,1
TG_1261,Park2024_Fig5d_human2,human,computed_park_eq,0.1601350769864119,0.708010184804694,0.3929519314583035,0.682914643191286,0.2538901479116422,0.5825444846736356,0.5270473546909635,0.037829274214187726,1582,0.5609999999999999,9.928374773157538,0,1
TG_1262,Park2024_Fig5d_human2,human,computed_park_eq,0.1493373060536652,0.7255485725305946,0.3035713406543551,0.5495543382967171,0.305002089293204,0.5660664380515819,0.4957820170716361,0.009734882584758714,2286,0.562,9.258912975327242,0,1
TG_1263,Park2024_Fig5d_human2,human,computed_park_eq,0.18301013194246127,0.6733667264910068,0.5821204116786556,0.5663537667072895,0.38006558331859086,0.6453942109252522,0.5249490402804983,0.00461798532911199,1714,0.5609999999999999,11.3466281804326,0,1
TG_1264,Park2024_Fig5d_human2,human,computed_park_eq,0.18135541130765107,0.549860084253305,0.49014462186898344,0.5707200994726269,0.314776647101276,0.5151660039874789,0.496632994013625,0.08031874634390118,2393,0.5609999999999999,11.244035501074366,0,1
TG_1265,Park2024_Fig5d_human2,human,computed_park_eq,0.1947208923434496,0.6519058939709848,0.34603704963244863,0.46202399372207176,0.38648887341296406,0.4756459894607548,0.4985626612591226,0.12528683216070036,2026,0.5609999999999999,12.072695325293875,0,1
TG_1266,Park2024_Fig5d_human2,human,computed_park_eq,0.1562897378298006,0.6959095755369591,0.39055173607425464,0.5537299697707945,0.3862895288831577,0.6138961443401244,0.5332972065573464,0.14819629814660554,2404,0.56,9.689963745447637,0,1
TG_1267,Park2024_Fig5d_human2,human,computed_park_eq,0.1792138994670673,0.5570827091483276,0.3074427990127697,0.5151321791066872,0.242464655296347,0.5920775294876597,0.5262791410778002,0.0065957462432182255,1462,0.5569999999999999,11.111261766958174,0,1
TG_1268,Park2024_Fig5d_human2,human,computed_park_eq,0.1799328439073657,0.5734725207998292,0.3170704441492865,0.415747655185909,0.32822684071083097,0.636365144612324,0.5000144309147743,0.06407365210515656,2201,0.558,11.155836322256674,0,1
TG_1269,Park2024_Fig5d_human2,human,computed_park_eq,0.18162872138903927,0.6033742842658429,0.4270757480637236,0.6107881318970956,0.48283160033158296,0.503412188047872,0.5108100944576556,0.11939598653284517,976,0.556,11.260980726120435,0,1
TG_1270,Park2024_Fig5d_human2,human,computed_park_eq,0.1813429573488291,0.6643984580609693,0.5504005565369116,0.5675176348986021,0.2093283865829168,0.5422802381651153,0.5123931958625781,0.08156977422069117,2463,0.5589999999999999,11.243263355627404,0,1
TG_1271,Park2024_Fig5d_human2,human,computed_park_eq,0.162662348144385,0.718562969171084,0.3513032563254685,0.5277605682649431,0.2561519344780841,0.604660808022875,0.5132060847982234,0.0526715535835218,845,0.5569999999999999,10.085065584951868,0,1
TG_1272,Park2024_Fig5d_human2,human,computed_park_eq,0.16352722309996323,0.7130535516807448,0.4661321862883314,0.615360355339379,0.46911155487520534,0.6303483352081285,0.5029956338036504,0.1428676894719578,1824,0.5509999999999999,10.13868783219772,0,1
TG_1273,Park2024_Fig5d_human2,human,computed_park_eq,0.195776614027783,0.5999581148375512,0.31021335186007937,0.6463216669171056,0.3637578203059287,0.5176287076448393,0.4975624663447696,0.08906961891231384,1867,0.554,12.138150069722547,0,1
TG_1274,Park2024_Fig5d_human2,human,computed_park_eq,0.16834078313379672,0.6685498437357151,0.36134001605927263,0.6798045707081506,0.27934786200424355,0.47997885906563165,0.48629770952026724,0.08450756109992484,1167,0.5489999999999999,10.437128554295397,0,1
TG_1275,Park2024_Fig5d_human2,human,computed_park_eq,0.18420182681988892,0.6090689139098916,0.31326322318071015,0.47338380102085753,0.42966450622979474,0.4638266671634979,0.4903155081508438,0.10413402240625566,1919,0.546,11.420513262833113,0,1
TG_1276,Park2024_Fig5d_human2,human,computed_park_eq,0.16665793285323596,0.50205906039799,0.5639161599180647,0.45991855573672147,0.48418529692693035,0.5184614569655039,0.5108246241725277,0.10606809209165714,1461,0.5409999999999999,10.332791836900629,0,1
TG_1277,Park2024_Fig5d_human2,human,computed_park_eq,0.1741891048498814,0.5559846083274239,0.5559435949675775,0.4762106195342525,0.29197972295746266,0.6168555798110912,0.5016154420860417,0.0615245653845956,2337,0.5469999999999999,10.799724500692646,0,1
TG_1278,Park2024_Fig5d_human2,human,computed_park_eq,0.18996322116550005,0.6082127766989177,0.35930128106228065,0.5645450757247373,0.2348160378153707,0.4546213705574961,0.4835792146674688,0.1431387662272965,2471,0.5449999999999999,11.777719712261003,0,1
TG_1279,Park2024_Fig5d_human2,human,computed_park_eq,0.1728819246836307,0.7006129363703735,0.5210057627608096,0.48919531285361406,0.21756881315614351,0.478511251426988,0.5386805881900535,0.10968207299944216,1107,0.5409999999999999,10.718679330385104,0,1
TG_1280,Park2024_Fig5d_human2,human,computed_park_eq,0.17702881614942528,0.6137400793482528,0.4068535602985263,0.6841262640926666,0.3808726434274057,0.5658145055371989,0.49623307852382403,0.00700467268276696,1032,0.537,10.975786601264367,0,1
TG_1281,Park2024_Fig5d_human2,human,computed_park_eq,0.1861057744237217,0.5370869657297431,0.5298365254035391,0.4205042854569074,0.44791963212339003,0.5023858489696458,0.5282196303610466,0.13855340115328055,1968,0.533,11.538558014270745,0,1
TG_1282,Park2024_Fig5d_human2,human,computed_park_eq,0.1926421496364685,0.6257235194851047,0.4389354101851351,0.44728340471886047,0.3770936031472285,0.5986003837041896,0.5441812380246673,0.1276203902474269,1131,0.528,11.943813277461047,0,1
TG_1283,Park2024_Fig5d_human2,human,computed_park_eq,0.18403008021168957,0.5907821776224089,0.5854810687499363,0.6838926697625162,0.2434695977922038,0.485462250704529,0.5403871849232322,0.05891413783870788,1390,0.525,11.409864973124753,0,1
TG_1284,Park2024_Fig5d_human2,human,computed_park_eq,0.16248221696417026,0.64940724829889,0.5397797897879903,0.44001658512797787,0.2331624093250206,0.6344185307144663,0.5325803857475808,0.08846694011671176,2070,0.524,10.073897451778556,0,1
TG_1285,Park2024_Fig5d_human2,human,computed_park_eq,0.17617854470575744,0.7342720995266241,0.326234725310666,0.5673702336431528,0.2761642538372096,0.4778118251587859,0.495328616092409,0.08666446012465612,1097,0.519,10.923069771756962,0,1
TG_1286,Park2024_Fig5d_human2,human,computed_park_eq,0.15175611837134456,0.6085546490421043,0.34056835528654916,0.48180311571834444,0.25722629892297916,0.6265950999661795,0.5295607931609903,0.13026938684212055,1754,0.514,9.408879339023363,0,1
TG_1287,Park2024_Fig5d_human2,human,computed_park_eq,0.1761650216958423,0.6721573224751358,0.3846979052195827,0.5444306037872817,0.2133185794907981,0.6135064831916242,0.5492924513567913,0.06103185939370063,1714,0.52,10.922231345142222,0,1
TG_1288,Park2024_Fig5d_human2,human,computed_park_eq,0.18905216083601448,0.6534739605519784,0.3934953301828955,0.697178494063197,0.33353331041603845,0.5768257621733606,0.4888705169666874,0.10995363222954871,1654,0.516,11.721233971832898,0,1
TG_1289,Park2024_Fig5d_human2,human,computed_park_eq,0.17501749367326325,0.5368184521245817,0.43576935103067477,0.6643592018666922,0.32635741394761725,0.6179133412950844,0.5213177355681786,0.028781506965353514,1053,0.521,10.85108460774232,0,1
TG_1290,Park2024_Fig5d_human2,human,computed_park_eq,0.13136748749177649,0.722490926284312,0.5536011667519241,0.4890835287860716,0.4374465147034272,0.4698981867324745,0.537593475482716,0.10131834270348757,908,0.514,8.144784224490142,0,1
TG_1291,Park2024_Fig5d_human2,human,computed_park_eq,0.17252407242228598,0.5939264513450676,0.52735743662163,0.5590742579098729,0.41122570059270064,0.5020231966030798,0.5459333480986831,0.07951327453716359,1596,0.515,10.69649249018173,0,1
TG_1292,Park2024_Fig5d_human2,human,computed_park_eq,0.15931953119848488,0.5912614233690283,0.3300634047151573,0.6021134943162546,0.20232789450122735,0.5450585953131016,0.49349613318665214,0.09410632566530432,1526,0.51,9.877810934306062,0,1
TG_1293,Park2024_Fig5d_human2,human,computed_park_eq,0.17655900609147535,0.6065578645661911,0.399683721117599,0.670217743037195,0.22966190866289085,0.4734214463010556,0.5009542743539274,0.14396624726494778,1008,0.508,10.946658377671472,0,1
TG_1294,Park2024_Fig5d_human2,human,computed_park_eq,0.1659422524789183,0.6210532664399476,0.5494920120507992,0.6688085095974978,0.32438601871894335,0.45354088901464745,0.5403241687852549,0.026141801775204105,831,0.504,10.288419653692936,0,1
TG_1295,Park2024_Fig5d_human2,human,computed_park_eq,0.16170332526012687,0.6076902895904338,0.4944347532854086,0.5092872264020737,0.26916519472111006,0.5439617125765802,0.5192669549648002,0.021390008074453563,1990,0.497,10.025606166127867,0,1
TG_1296,Park2024_Fig5d_human2,human,computed_park_eq,0.12776770336580506,0.5202969467626077,0.48814151821833524,0.5009106135651129,0.40162531718181893,0.4564239512135629,0.48933794646242423,0.10295583491589651,1903,0.495,7.921597608679915,0,1
TG_1297,Park2024_Fig5d_human2,human,computed_park_eq,0.1524485059247938,0.7074893772890456,0.3463244833019977,0.6468344094598504,0.3620882728017099,0.49459489760199643,0.5084998969189138,0.1481989488669925,955,0.494,9.451807367337215,0,1
TG_1298,Park2024_Fig5d_human2,human,computed_park_eq,0.1775012431787634,0.5786191589666276,0.5486691335927634,0.581025273541685,0.31673690288450906,0.5615284786686318,0.5203732593205147,0.0248302939040799,2049,0.498,11.00507707708333,0,1
TG_1299,Park2024_Fig5d_human2,human,computed_park_eq,0.138635602698217,0.6902776471213145,0.44476152224000176,0.6820948459717793,0.28810292400753085,0.5331407156569858,0.5350869767335329,0.08190368899811254,1131,0.491,8.595407367289454,0,1
TG_1300,Park2024_Fig5d_human2,human,computed_park_eq,0.1268501645807298,0.7412851751844215,0.44691161825939935,0.4334912335963556,0.33758146390170257,0.5893986468141601,0.5498283755176869,0.04858579748448028,1454,0.487,7.864710204005248,0,1
TG_1301,Park2024_Fig5d_human2,human,computed_park_eq,0.16510986753961443,0.7101339699872984,0.5650104894092736,0.44811816250184355,0.3018719423624509,0.5170446360427143,0.4829431357253161,0.08973566397778447,1989,0.488,10.236811787456094,0,1
TG_1302,Park2024_Fig5d_human2,human,computed_park_eq,0.12095968586637743,0.5903627711936354,0.41907955871530456,0.4522327742599705,0.3134454839877383,0.6107887061552104,0.5359994170788874,0.1403695261343179,1817,0.487,7.4995005237154,0,1
TG_1303,Park2024_Fig5d_human2,human,computed_park_eq,0.1803277451889839,0.5276447967671649,0.5515013461780156,0.5666526935186449,0.40699070364251744,0.6442803697217292,0.4858576691773388,0.13518360344666838,1857,0.484,11.180320201717002,0,1
TG_1304,Park2024_Fig5d_human2,human,computed_park_eq,0.1618277506645044,0.587526201071141,0.3673100483077139,0.50585323551205,0.39359924384885653,0.5593574249656568,0.5320512584564858,0.05086112227226645,2104,0.485,10.033320541199272,0,1
TG_1305,Park2024_Fig5d_human2,human,computed_park_eq,0.1578654864594989,0.6203190376279042,0.43518702753245064,0.5271699255990995,0.3527634755738128,0.6390101106789208,0.5183742640954506,0.14297663073947087,2455,0.485,9.787660160488933,0,1
TG_1306,Park2024_Fig5d_human2,human,computed_park_eq,0.15018957552773665,0.6780136334228068,0.5525916356121887,0.5391503028850156,0.4283181151902428,0.5549171158147048,0.49559241391915926,0.050648425320140925,1651,0.483,9.311753682719672,0,1
TG_1307,Park2024_Fig5d_human2,human,computed_park_eq,0.1272620147196364,0.7174421420034814,0.4296074398901225,0.6425094070530449,0.27902108358675337,0.45078586428444356,0.5146821435032061,0.015034238496432638,884,0.48,7.890244912617458,0,1
TG_1308,Park2024_Fig5d_human2,human,computed_park_eq,0.14273950369039762,0.7020956078098624,0.45615813384274906,0.6172629492440079,0.3098985574096275,0.45735555854661797,0.5433032993272778,0.0191690232386733,2236,0.476,8.849849228804652,0,1
TG_1309,Park2024_Fig5d_human2,human,computed_park_eq,0.15390026263801673,0.7027554223230568,0.3326914887911747,0.47521954780061637,0.4683616556721773,0.5930211227236178,0.5247687678464118,0.099565010418255,1875,0.47,9.541816283557038,0,1
TG_1310,Park2024_Fig5d_human2,human,computed_park_eq,0.1583792676016193,0.583777465009236,0.5589163179347847,0.5576649010450688,0.35850563676537084,0.642293491810202,0.502461697932565,0.07193116876593425,2404,0.467,9.819514591300397,0,1
TG_1311,Park2024_Fig5d_human2,human,computed_park_eq,0.15338984822637716,0.6287449526620862,0.33922042183735496,0.46452144143951574,0.396868397122642,0.5270082475680824,0.538553123416618,0.1424932513998306,961,0.467,9.510170590035385,0,1
TG_1312,Park2024_Fig5d_human2,human,computed_park_eq,0.1552276557805736,0.6758263267158445,0.5673787946746195,0.5907623581993021,0.4813259046534451,0.47570079570024193,0.48614137490838893,0.12576190967510562,1215,0.469,9.624114658395563,0,1
TG_1313,Park2024_Fig5d_human2,human,computed_park_eq,0.1574318636663945,0.590557090984665,0.36523862507741633,0.678641205999337,0.2921000548545002,0.5296815364328065,0.5289691271616144,0.04400341199909814,1984,0.47,9.76077554731646,0,1
TG_1314,Park2024_Fig5d_human2,human,computed_park_eq,0.16155094268225342,0.568513551857387,0.3195578406554073,0.41497674569901377,0.23466700965090165,0.46427340277787604,0.5332390680863947,0.07283493034251437,2499,0.48,10.016158446299713,0,1
TG_1315,Park2024_SuppFig14,normal_beagle,computed_park_eq,0.16980812782781346,0.5703935714638826,0.3232786745928447,0.4435268339917415,0.40975322943847187,0.45449846592710813,0.5399510131251801,0.104159599121987,1275,0.418,10.528103925324434,0,0
TG_1316,Park2024_SuppFig14,normal_beagle,computed_park_eq,0.11010464557070476,0.6204249595030853,0.42019735453138596,0.6958540934826085,0.44633708783531734,0.536996039577609,0.5309104734067698,0.04043425398786892,1422,0.417,6.8264880253836955,0,0
TG_1317,Park2024_SuppFig14,normal_beagle,computed_park_eq,0.1454710311398069,0.6695900224457255,0.3858558740052402,0.4756426781993957,0.3143797157267142,0.5501877383499789,0.5465802361983789,0.11431627000461561,2324,0.43,9.019203930668027,0,0
TG_1318,Park2024_SuppFig14,normal_beagle,computed_park_eq,0.0934865838591331,0.6521718819707002,0.5850852150511456,0.6996250103173951,0.3115580345999283,0.509760612816655,0.5400849238611368,0.1497917140556181,1562,0.419,5.796168199266252,0,0
TG_1319,Park2024_SuppFig14,normal_beagle,computed_park_eq,0.13112483749660417,0.673950578706445,0.5853336602928799,0.4231095999952342,0.20854514316478145,0.6268294425971443,0.5323701688372199,0.14883728687333628,1837,0.417,8.129739924789458,0,0
TG_1320,Park2024_SuppFig14,normal_beagle,computed_park_eq,0.13680618893733884,0.5430779593243624,0.33475414577920154,0.5736154031770714,0.30928550038844976,0.466063289589049,0.5420890948666324,0.029753470237399958,1149,0.439,8.481983714115009,0,0
TG_1321,Park2024_SuppFig14,normal_beagle,computed_park_eq,0.12117164594812149,0.6823166014591584,0.3986535864626969,0.5960466796174743,0.2838783111569696,0.564148748346664,0.5340506753365225,0.1392013112661831,1448,0.419,7.512642048783532,0,0
TG_1322,Park2024_SuppFig14,normal_beagle,computed_park_eq,0.12869019089876726,0.5112338631131815,0.3504271756058926,0.4352415820818577,0.2539079283953909,0.6440375448612545,0.5186158674153319,0.07021685856823902,2278,0.409,7.97879183572357,0,0
TG_1323,Park2024_SuppFig14,normal_beagle,computed_park_eq,0.1301829520850075,0.5370963445543694,0.49081210653956575,0.6848486295217484,0.49902013108831444,0.525048226499383,0.5219308845980228,0.1284401480286122,2480,0.426,8.071343029270464,0,0
TG_1324,Park2024_SuppFig14,normal_beagle,computed_park_eq,0.11672527792782954,0.6342253176301055,0.46831585185716373,0.5151817669111777,0.28061824083943726,0.580411975198925,0.489426141296912,0.0777922547453001,2329,0.409,7.236967231525432,0,0
TG_1325,Park2024_SuppFig14,normal_beagle,computed_park_eq,0.1306314337399604,0.6430367194466,0.4708298049284564,0.5231479343624025,0.2577589746314418,0.59902654969968,0.4888939385750372,0.015581068541821574,961,0.413,8.099148891877544,0,0
TG_1326,Park2024_SuppFig14,normal_beagle,computed_park_eq,0.15329110312793168,0.6241693183944319,0.42220644348883496,0.6096658255351204,0.47125056486431804,0.6110496173926877,0.49921164351433683,0.13183998276784586,1336,0.423,9.504048393931765,0,0
TG_1327,Park2024_SuppFig14,normal_beagle,computed_park_eq,0.11632812868214588,0.5805833279501185,0.43139932436866624,0.49223865191005783,0.49548136069125903,0.6128103852842859,0.49152582817792206,0.0008391233822804267,849,0.42,7.2123439782930445,0,0
TG_1328,Park2024_SuppFig14,normal_beagle,computed_park_eq,0.15835945092873072,0.5151407108531584,0.5660462002030565,0.6145664428174602,0.2110052016183627,0.5358640085708353,0.5328130032501566,0.08746504269461995,1512,0.443,9.818285957581304,0,0
TG_1329,Park2024_SuppFig14,normal_beagle,computed_park_eq,0.1609523789030865,0.7097804007765411,0.5729154935723328,0.5527735751508626,0.40828242393075886,0.47236007424678744,0.5195702271967788,0.03730377142067027,1464,0.433,9.979047491991363,0,0
TG_1330,Park2024_SuppFig14,normal_beagle,computed_park_eq,0.14310511186857927,0.6585126270766799,0.3770957813561343,0.41565551733902834,0.20307015692262725,0.4544319071089043,0.48058448162596384,0.016553258483681322,1293,0.448,8.872516935851914,0,0
TG_1331,Park2024_SuppFig14,normal_beagle,computed_park_eq,0.1482096230416398,0.5106196916579502,0.3480288412972334,0.5152344733731308,0.26577971047777404,0.5110507258200886,0.5482705836001033,0.10566083162438626,1419,0.479,9.188996628581666,0,0
TG_1332,Park2024_SuppFig14,normal_beagle,computed_park_eq,0.15292513900369895,0.6666346138244222,0.5612431274326855,0.6610316375032312,0.37368096782210103,0.5359712738222424,0.524909920689557,0.12273180020556947,1456,0.463,9.481358618229335,0,0
TG_1333,Park2024_SuppFig14,normal_beagle,computed_park_eq,0.17466061820894055,0.6468436000314522,0.43487597973353354,0.6277156030201324,0.2203777443098915,0.5846321465560529,0.5498043155495476,0.11702878942020474,2173,0.484,10.828958328954315,0,0
TG_1334,Park2024_SuppFig14,normal_beagle,computed_park_eq,0.17316363666298734,0.5694548736763452,0.5001655831780376,0.668756277102559,0.3733849222543529,0.5554804574340116,0.491226889369057,0.10731854330397249,1171,0.496,10.736145473105216,0,0
TG_1335,Park2024_SuppFig14,normal_beagle,computed_park_eq,0.15655115362098596,0.6396181979040337,0.5449361566801674,0.4665985135056927,0.3028606218582245,0.6046617340395194,0.5199320540701503,0.01386343753576053,1107,0.511,9.70617152450113,0,0
TG_1336,Park2024_SuppFig14,normal_beagle,computed_park_eq,0.1953635076887784,0.6641806766141827,0.43090535829108345,0.6369736005108536,0.4453743878139994,0.5080963211217887,0.5037800180685259,0.1403932730592905,1333,0.529,12.11253747670426,0,0
TG_1337,Park2024_SuppFig14,normal_beagle,computed_park_eq,0.163619579939515,0.7003024750609073,0.5315004318932237,0.6758591886738496,0.3599601993107121,0.47001293431330665,0.5212082282035212,0.11675934215298173,1329,0.515,10.144413956249931,0,0
TG_1338,Park2024_SuppFig14,normal_beagle,computed_park_eq,0.16246267545892823,0.5652817118403639,0.32931096333032245,0.5847796021260006,0.33040711779907583,0.5352881590584864,0.5168723496701032,0.05420739173483138,1907,0.538,10.07268587845355,0,0
TG_1339,Park2024_SuppFig14,normal_beagle,computed_park_eq,0.17769703269153378,0.7385326507643938,0.5707038169282759,0.6370733427703441,0.32219947695427775,0.5628678446364347,0.5355038731951653,0.04095179933100476,1912,0.528,11.017216026875094,0,0
TG_1340,Park2024_SuppFig14,normal_beagle,computed_park_eq,0.14045264449698533,0.7276531268431513,0.30444904872951234,0.6427309650469137,0.48153861593740066,0.60786008982163,0.48911361219092564,0.01219186572613316,2102,0.555,8.70806395881309,0,0
TG_1341,Park2024_SuppFig14,normal_beagle,computed_park_eq,0.20457269892417176,0.6790922637785108,0.4363229253844392,0.5422480523554376,0.3403588212082347,0.4566509214425216,0.49687457312326266,0.02318460099748242,1198,0.588,12.68350733329865,0,0
TG_1342,Park2024_SuppFig14,normal_beagle,computed_park_eq,0.21380811209789602,0.5687423416132372,0.3415327903396621,0.4359300795732655,0.40999695036564765,0.4512166621829919,0.5129913081229556,0.017830665839729438,1320,0.61,13.256102950069554,0,0
TG_1343,Park2024_SuppFig14,normal_beagle,computed_park_eq,0.20049878938918267,0.5744690828806983,0.4681139580410305,0.5193871831887308,0.4024021976069485,0.4611277318657406,0.48867574359851074,0.07488172552999,1584,0.639,12.430924942129325,0,0
TG_1344,Park2024_SuppFig14,normal_beagle,computed_park_eq,0.20748332927828422,0.5602008780386547,0.4381581993409128,0.5441862200849932,0.36821352174539546,0.613575327577618,0.5284316732328626,0.09945945736937879,1540,0.668,12.863966415253621,0,0
TG_1345,Park2024_SuppFig14,normal_beagle,computed_park_eq,0.19528693956940898,0.6754327601889463,0.5268995359440477,0.6339886607166337,0.34336319169591734,0.5359765516249696,0.480771965898823,0.1389835672712757,1460,0.649,12.107790253303357,0,0
TG_1346,Park2024_SuppFig14,normal_beagle,computed_park_eq,0.251854728438296,0.6804660599737501,0.5651676712623315,0.5847328944092957,0.23909850937690771,0.4729591933996328,0.483360161184109,0.08506199558602964,1526,0.69,15.61499316317435,0,0
TG_1347,Park2024_SuppFig14,normal_beagle,computed_park_eq,0.23426101631820298,0.5577350898051834,0.3295312647002972,0.6938261541032799,0.28880736545618313,0.6241783580935613,0.48028890082722225,0.0031537210829403303,1110,0.709,14.524183011728585,0,0
TG_1348,Park2024_SuppFig14,normal_beagle,computed_park_eq,0.23756799491909877,0.5596786709837659,0.5069523850307893,0.5696692976703863,0.22324573923514746,0.48252565926314345,0.507163448904089,0.027840609593314972,2179,0.718,14.729215684984124,0,0
TG_1349,Park2024_SuppFig14,normal_beagle,computed_park_eq,0.2738997338416174,0.722599697270138,0.574767190421011,0.4833146917721718,0.25636698508175426,0.5022574720673676,0.5325960239374852,0.05550870540692402,2184,0.75,16.98178349818028,0,0
TG_1350,Park2024_SuppFig14,normal_beagle,computed_park_eq,0.24253686092463653,0.5835193043544618,0.38173393233264946,0.5647467072370718,0.4165559481599337,0.648674557632035,0.4892099498315248,0.007393799853570665,2498,0.743,15.037285377327464,0,0
TG_1351,Park2024_SuppFig14,normal_beagle,computed_park_eq,0.25214693399903876,0.5823108696908943,0.32638590251061866,0.6114911001421617,0.3080395063321623,0.4590929254409852,0.49104788869098587,0.020582221794603645,1856,0.769,15.633109907940403,0,0
TG_1352,Park2024_SuppFig14,normal_beagle,computed_park_eq,0.2620293258560832,0.5490539127925738,0.4644360194945455,0.5359044251140566,0.4633275026578199,0.47000633421343074,0.4980418042918063,0.11276984167780628,1680,0.799,16.245818203077157,0,0
TG_1353,Park2024_SuppFig14,normal_beagle,computed_park_eq,0.2764121258312803,0.5932175826702151,0.552461540307401,0.5293246139450472,0.3204007829298278,0.45566487150940554,0.5286695230957188,0.12112537876707344,2299,0.814,17.137551801539377,0,0
TG_1354,Park2024_SuppFig14,normal_beagle,computed_park_eq,0.2794054599997871,0.5354572071719187,0.3011235284133854,0.5596472454954506,0.23214700907807703,0.5283455527262356,0.5212490232865961,0.04135288453540504,1768,0.844,17.323138519986802,0,0
TG_1355,Park2024_SuppFig14,normal_beagle,computed_park_eq,0.2589936701583246,0.7346472145443241,0.3950835865906756,0.5962918964602167,0.224009770929781,0.4984659622907478,0.5341575542535476,0.07930287805182296,1176,0.821,16.057607549816126,0,0
TG_1356,Park2024_SuppFig14,normal_beagle,computed_park_eq,0.28985734431145976,0.5318371940939713,0.5713130500982977,0.557754890879144,0.43747252891789734,0.4730582519767201,0.5449349893856017,0.12317131372458152,1977,0.857,17.971155347310507,0,0
TG_1357,Park2024_SuppFig14,normal_beagle,computed_park_eq,0.2813363207444595,0.6560726001958175,0.32180469467694445,0.6510132161750384,0.25236376505104896,0.46416294027715294,0.5080153366877168,0.08653832078994651,2462,0.89,17.44285188615649,0,0
TG_1358,Park2024_SuppFig14,normal_beagle,computed_park_eq,0.2964472043774381,0.7016406580326008,0.3889528500426393,0.5530415625731205,0.40030218530248607,0.4552513637619812,0.5063717121731668,0.10438325365178534,1425,0.89,18.379726671401162,0,0
TG_1359,Park2024_SuppFig14,normal_beagle,computed_park_eq,0.2656955973840447,0.6892529669368401,0.4631681089477923,0.6630543322462336,0.3630631743948326,0.497652482667986,0.5395764317562501,0.08358285673950659,993,0.931,16.47312703781077,0,0
TG_1360,Park2024_SuppFig14,normal_beagle,computed_park_eq,0.2963169947194477,0.5491975333979499,0.4927739747413622,0.5374248069027192,0.4376869859992707,0.4548265557385107,0.52272883025324,0.10960080183598138,2160,0.913,18.37165367260576,0,0
TG_1361,Park2024_SuppFig14,normal_beagle,computed_park_eq,0.2995332590732599,0.5824539522140902,0.49510966814863366,0.6270984278468966,0.42485798264237296,0.5519748112612806,0.5367574376486706,0.06556171241362126,1593,0.95,18.571062062542115,0,0
TG_1362,Park2024_SuppFig14,normal_beagle,computed_park_eq,0.31219652713711743,0.5043314929389242,0.4724731764621318,0.46372441975696455,0.26249807531841246,0.4750762457352961,0.4932716843123685,0.004768372433270651,2338,1.002,19.35618468250128,0,0
TG_1363,Park2024_SuppFig14,normal_beagle,computed_park_eq,0.31496776654671127,0.6037695322519497,0.34472870360143015,0.6873457971439777,0.32129372936592765,0.6250658165275816,0.4932549359376466,0.08218062159558297,2152,0.992,19.528001525896098,0,0
TG_1364,Park2024_SuppFig14,normal_beagle,computed_park_eq,0.30382972518665835,0.667778124593609,0.3097126131823224,0.5758716016089683,0.36613296877977447,0.5193280863926386,0.4941059887796876,0.12113333264989515,891,1.039,18.83744296157282,0,0
TG_1365,Park2024_SuppFig14,normal_beagle,computed_park_eq,0.35804610289501093,0.6530374554033476,0.46477538141336827,0.4819086387027578,0.27335224920332757,0.47741193670731624,0.5394349612432445,0.09247190378118667,996,1.049,22.198858379490677,0,0
TG_1366,Park2024_SuppFig14,normal_beagle,computed_park_eq,0.38473106730124795,0.5443023449553099,0.561910680457841,0.6228192591289958,0.3978197239716114,0.5313728215078599,0.4983382894994962,0.14691761446692356,1959,1.081,23.853326172677374,0,0
TG_1367,Park2024_SuppFig14,normal_beagle,computed_park_eq,0.38923464794674073,0.5723206061104907,0.5549025922203374,0.531284688621505,0.4904684152885231,0.64083113388874,0.5341293355866771,0.1398608244219927,1062,1.104,24.132548172697927,0,0
TG_1368,Park2024_SuppFig14,normal_beagle,computed_park_eq,0.351478263622249,0.7238957974977953,0.37094211520989195,0.5036260600530396,0.4258790198014585,0.5349122476413114,0.5386129203677162,0.13164583073816627,1386,1.116,21.791652344579436,0,0
TG_1369,Park2024_SuppFig14,normal_beagle,computed_park_eq,0.4085947445385786,0.7434851458933143,0.39826418128154784,0.6769431663150574,0.28080707545414824,0.6478148930947409,0.5269184580779315,0.06952672205378264,1845,1.14,25.33287416139187,0,0
TG_1370,Park2024_SuppFig14,normal_beagle,computed_park_eq,0.35181451257665597,0.5681327922600516,0.38225215725344,0.43406636315304814,0.23421508931161963,0.5195343482937823,0.533399883452746,0.09119567513972437,1632,1.139,21.81249977975267,0,0
TG_1371,Park2024_SuppFig14,normal_beagle,computed_park_eq,0.3542977742945241,0.6468395515547238,0.4356548056085082,0.6323650982421074,0.26272545264761904,0.5406313488610053,0.49093708799763414,0.14362908417162698,1383,1.133,21.966462006260493,0,0
TG_1372,Park2024_SuppFig14,normal_beagle,computed_park_eq,0.36839312863298457,0.532350750149642,0.3754993305136412,0.5288647370562026,0.3462321421279365,0.47760552178757937,0.5271374105381081,0.08942070925448022,993,1.121,22.840373975245043,0,0
TG_1373,Park2024_SuppFig14,normal_beagle,computed_park_eq,0.36386528533328827,0.538493587791421,0.4130458818443912,0.5884547813531065,0.36417122836378507,0.49623517662747885,0.5040675743881127,0.0921046797672976,932,1.129,22.559647690663873,0,0
TG_1374,Park2024_SuppFig14,normal_beagle,computed_park_eq,0.3522010034798694,0.6116498253371567,0.38301599926268975,0.4313039839976682,0.22254756960142547,0.5195116654623204,0.5230330172118454,0.12562789730471605,858,1.121,21.8364622157519,0,0
TG_1375,Park2024_SuppFig14,normal_beagle,computed_park_eq,0.36226213819371555,0.651382318722818,0.4454334180271341,0.4317336720682201,0.2833766032308077,0.6280628912427303,0.5184991891106168,0.062012486276086305,1872,1.123,22.460252568010365,0,0
TG_1376,Park2024_SuppFig14,normal_beagle,computed_park_eq,0.35915267881296,0.7057738950739084,0.5771481619093958,0.5917434214369437,0.44623473475187114,0.46180066679982007,0.5434278226012661,0.028338760025868687,1445,1.102,22.26746608640352,0,0
TG_1377,Park2024_SuppFig14,normal_beagle,computed_park_eq,0.3632119639111823,0.5777981110885941,0.43490395526554715,0.6417054366630677,0.24848481821908924,0.5085671244920521,0.5275655615915589,0.04732338097233358,1792,1.111,22.519141762493305,0,0
TG_1378,Park2024_SuppFig14,normal_beagle,computed_park_eq,0.36423062020584807,0.5439061953322095,0.49758675268892827,0.6926314869560711,0.4616440579576625,0.6223630352291816,0.5453672611765098,0.13409283908288205,2130,1.088,22.58229845276258,0,0
TG_1379,Park2024_SuppFig14,normal_beagle,computed_park_eq,0.32716081837555044,0.6272505458841846,0.5974793326589956,0.6949647959961237,0.3905073698424829,0.5385741012211781,0.5143798678394264,0.10237185993552929,1312,0.978,20.28397073928413,0,0
TG_1380,Park2024_SuppFig14,normal_beagle,computed_park_eq,0.2555388441893153,0.6374770967817904,0.3992888713075345,0.4506916450113671,0.3400145967211706,0.47005729449578115,0.50352759424548,0.05688178593534515,1167,0.86,15.843408339737548,0,0
TG_1381,Park2024_SuppFig14,normal_beagle,computed_park_eq,0.2636777755548298,0.6375738807957824,0.381380575944953,0.5844802533751442,0.4931563217397255,0.47226286429551007,0.4948487779105358,0.0709641807149062,1627,0.847,16.348022084399446,0,0
TG_1382,Park2024_SuppFig14,normal_beagle,computed_park_eq,0.2633576916259918,0.6512855492007169,0.48574414081475703,0.5588764607914869,0.4286855585695173,0.4578301088554156,0.5455181175746627,0.014259768488559076,2159,0.827,16.328176880811494,0,0
TG_1383,Park2024_SuppFig14,normal_beagle,computed_park_eq,0.2577744076842707,0.7425191547275003,0.5003580666719041,0.6335659076555626,0.4328418211074566,0.5570147499558429,0.5358242284399113,0.08937112985849545,1165,0.806,15.982013276424782,0,0
TG_1384,Park2024_SuppFig14,normal_beagle,computed_park_eq,0.26535584221386643,0.7391819069786157,0.38984001388427547,0.6970713652261955,0.3898185158022699,0.49841773325710104,0.5105744518114881,0.11106796835753846,892,0.832,16.45206221725972,0,0
TG_1385,Park2024_SuppFig14,normal_beagle,computed_park_eq,0.24835394723615617,0.5908115446405443,0.48319282527649343,0.43577505030443997,0.4772103477290764,0.4655344826545677,0.5451004703883217,0.10607062769035297,1930,0.79,15.397944728641683,0,0
TG_1386,Park2024_SuppFig14,normal_beagle,computed_park_eq,0.2477132732197022,0.5195079676634639,0.5654173509943694,0.6446656762096384,0.3853803366533881,0.6389930417972276,0.5252501404594403,0.0323977913594255,2242,0.773,15.358222939621538,0,0
TG_1387,Park2024_SuppFig14,normal_beagle,computed_park_eq,0.23927674626817635,0.5729557968934919,0.5295334531319549,0.6292037876997162,0.2877336382992188,0.4662780633265966,0.48080028736705427,0.06411757998637282,1433,0.762,14.835158268626934,0,0
TG_1388,Park2024_SuppFig14,normal_beagle,computed_park_eq,0.21629923676780247,0.6561832129739036,0.5667714412580476,0.46294797492716844,0.4945631889057817,0.5903907067940651,0.5147285185899011,0.06463808465264965,2155,0.743,13.410552679603754,0,0
TG_1389,Park2024_SuppFig14,normal_beagle,computed_park_eq,0.2473009902602852,0.6473763460438564,0.4033505565427385,0.587700154189478,0.47312332687343484,0.504798120094518,0.5153581702929472,0.1438035980867633,2132,0.737,15.332661396137683,0,0
TG_1390,Park2024_SuppFig14,normal_beagle,computed_park_eq,0.22701628810083527,0.5042879201741535,0.5460460976056943,0.6639394171935757,0.4571601002973602,0.5250108773771073,0.5123399655154945,0.001858248285563374,2358,0.712,14.075009862251786,0,0
TG_1391,Park2024_SuppFig14,normal_beagle,computed_park_eq,0.221503531411043,0.7423374036049564,0.34209705593034784,0.5762100338372458,0.2602922098373719,0.608014825392655,0.5348592092132682,0.016891072355896767,2417,0.691,13.733218947484666,0,0
TG_1392,Park2024_SuppFig14,normal_beagle,computed_park_eq,0.23415454904115587,0.6636580064792739,0.314717510222593,0.4310811608708656,0.23857604387938203,0.46828287535393825,0.49247640962885253,0.1032731686967339,800,0.703,14.517582040551664,0,0
TG_1393,Park2024_SuppFig14,normal_beagle,computed_park_eq,0.22989521565127238,0.6983074195683305,0.34504609325516256,0.5979194596782271,0.29707328121185356,0.5182404144784307,0.5263342411110549,0.07004991292998303,1303,0.713,14.253503370378887,0,0
TG_1394,Park2024_SuppFig14,normal_beagle,computed_park_eq,0.19898933072862188,0.662576789326814,0.33602721197146534,0.401698900157739,0.21553503318292025,0.6332298392894115,0.5435924459982276,0.03387365816460507,1880,0.69,12.337338505174557,0,0
TG_1395,Park2024_SuppFig14,normal_beagle,computed_park_eq,0.23084946104641763,0.5528932016223256,0.5433468784762516,0.6320909935017283,0.2435875135897345,0.5427659463633264,0.5342379436658236,0.050599429665512216,1307,0.694,14.312666584877892,0,0
TG_1396,Park2024_SuppFig14,normal_beagle,computed_park_eq,0.17960816519333542,0.5816181824546551,0.3233470393911498,0.549214343322783,0.2444332774667069,0.6123094012669466,0.5094413401909826,0.11475034859875846,2042,0.663,11.135706241986796,0,0
TG_1397,Park2024_SuppFig14,normal_beagle,computed_park_eq,0.19639958663362828,0.5925008851437579,0.38544011227486524,0.6735262996004431,0.4252785180550167,0.4627846328383878,0.5300281214604468,0.0790948699693191,1294,0.618,12.176774371284953,0,0
TG_1398,Park2024_SuppFig14,normal_beagle,computed_park_eq,0.19250744432189254,0.5782364043370896,0.4722485998828748,0.5502265824222958,0.34686827186828173,0.5412210799034425,0.4943940632872597,0.11335648837385891,1339,0.628,11.935461547957338,0,0
TG_1399,Park2024_SuppFig14,normal_beagle,computed_park_eq,0.2026801080983062,0.6352669646642056,0.5882213516698414,0.4359868623244576,0.42137301609949673,0.47567212257903957,0.5067291359246391,0.08782267637564681,2416,0.612,12.566166702094984,0,0
TG_1400,Park2024_SuppFig14,normal_beagle,computed_park_eq,0.21259540111388417,0.500929025067996,0.37817936591153284,0.5614601174229461,0.35986210374845207,0.5775252869892529,0.5012697506607756,0.08107938766334034,2286,0.622,13.18091486906082,0,0
TG_1401,Park2024_SuppFig14,normal_beagle,computed_park_eq,0.19432932163456582,0.7430105235441559,0.3428354550418694,0.4303375564544975,0.23366346177418187,0.564625584654513,0.5346682080502637,0.05500007668119496,1880,0.619,12.04841794134308,0,0
TG_1402,Park2024_SuppFig14,normal_beagle,computed_park_eq,0.20952864027268842,0.6752424136445301,0.5807065132642877,0.5997021208687874,0.279527420578235,0.5641120103481796,0.5109627082356347,0.08346286966682241,1817,0.633,12.990775696906681,0,0
TG_1403,Park2024_SuppFig14,normal_beagle,computed_park_eq,0.20975278893553764,0.547189619483526,0.31890503366261125,0.527309136604404,0.20468318667731877,0.5136594771666672,0.5057615028607458,0.05633833110148859,1041,0.632,13.004672914003335,0,0
TG_1404,Park2024_SuppFig14,normal_beagle,computed_park_eq,0.21116161555072907,0.5759752192431171,0.37956824861358635,0.4388142793202624,0.35330265070478384,0.48073486124272413,0.523140629891155,0.02327396684075243,2043,0.609,13.092020164145202,0,0
TG_1405,Park2024_SuppFig14,normal_beagle,computed_park_eq,0.200810193398584,0.6737413172046598,0.3925183775895438,0.6630575749078516,0.4345166797963879,0.45308303321530785,0.5371802336378716,0.045079013585774395,819,0.619,12.450231990712208,0,0
TG_1406,Park2024_SuppFig14,normal_beagle,computed_park_eq,0.19593831744635862,0.5895748533798956,0.3257526832861747,0.6189746888537733,0.46134144504864655,0.6440129074040328,0.5448619916540098,0.1196126863249873,1726,0.61,12.148175681674234,0,0
TG_AUG_0000,Park2024_Fig4f_diabetic,diabetic_beagle,augmented_diabetic,0.25156160019914153,0.6811495717119073,0.33347789998717425,0.5824958500023315,0.2843149250500667,0.4846992100710044,0.5065826066043523,0.12021686643344304,1682,0.7283358235011341,15.596819212346775,1,0
TG_AUG_0001,Park2024_Fig4f_diabetic,diabetic_beagle,augmented_diabetic,0.2212050861694122,0.6931928549162698,0.3710799974719946,0.6032179389666619,0.3697344664522989,0.6358289434423374,0.507112576258272,0.009924778325166066,1292,0.7227455706664675,13.714715342503556,1,0
TG_AUG_0002,Park2024_Fig4f_diabetic,diabetic_beagle,augmented_diabetic,0.2246060844380318,0.7067146402431883,0.45742069129842966,0.6325732155504847,0.2703276800034544,0.5190167491026467,0.4821072710547923,0.14422384868611682,1886,0.7536696259129919,13.92557723515797,1,0
TG_AUG_0003,Park2024_Fig4f_diabetic,diabetic_beagle,augmented_diabetic,0.2744006181446345,0.6493231050883673,0.4960150495436042,0.45769296881008825,0.2886963624837456,0.5739231853889845,0.5219739297921945,0.07594954640314017,2041,0.8069197646454033,17.01283832496734,1,0
TG_AUG_0004,Park2024_Fig4f_diabetic,diabetic_beagle,augmented_diabetic,0.2473407497264546,0.7282327511936725,0.4019310726896531,0.5366857469311754,0.40343414928626264,0.5586042861733529,0.504282018345507,0.06534671856847647,882,0.7139573914367645,15.335126483040185,1,0
TG_AUG_0005,Park2024_Fig4f_diabetic,diabetic_beagle,augmented_diabetic,0.23512222391389007,0.5197348507366388,0.4328394409631212,0.4783145578704544,0.30301601065329326,0.6169143580511256,0.5454839159469247,0.027859960800777843,1169,0.7876512441855986,14.577577882661185,1,0
TG_AUG_0006,Park2024_Fig4f_diabetic,diabetic_beagle,augmented_diabetic,0.220524275113191,0.7321576405288486,0.31854253820676676,0.4277081584334136,0.24883729676186883,0.5690425668253749,0.4905330589704198,0.14521145721761003,1336,0.7160450015272353,13.672505057017842,1,0
TG_AUG_0007,Park2024_Fig4f_diabetic,diabetic_beagle,augmented_diabetic,0.2099009934324542,0.5682601548319517,0.35315775030335733,0.4882800209911343,0.23443907817538404,0.6383065820568883,0.5348944322055688,0.0693586765368811,904,0.6925438464076528,13.01386159281216,1,0
TG_AUG_0008,Park2024_Fig4f_diabetic,diabetic_beagle,augmented_diabetic,0.24663547094029722,0.6658808984783631,0.4233592466647637,0.5207218777897935,0.46537606646888413,0.6291125696263677,0.5436422684837511,0.047081711477254096,982,0.7379962624584377,15.291399198298429,1,0
TG_AUG_0009,Park2024_Fig4f_diabetic,diabetic_beagle,augmented_diabetic,0.2403504134994023,0.6824279766243555,0.5820662416713855,0.5811390975787288,0.4589406613207217,0.6144989298580454,0.49213401370826965,0.07287261433689472,1683,0.7524367650945075,14.901725636962944,1,0
TG_AUG_0010,Park2024_Fig4f_diabetic,diabetic_beagle,augmented_diabetic,0.22171763999751803,0.5719863356689981,0.4478458753598473,0.4899826209331068,0.37882458657149176,0.5367687845710488,0.4915083870355215,0.017487461183354508,869,0.7555048011522526,13.746493679846118,1,0
TG_AUG_0011,Park2024_Fig4f_diabetic,diabetic_beagle,augmented_diabetic,0.2575478503049477,0.6832500268056558,0.4975984064819301,0.6794664742928442,0.4462943051897422,0.5633210517810926,0.5259921348763875,0.13475796998760523,2065,0.7677515318034596,15.967966718906757,1,0
TG_AUG_0012,Park2024_Fig4f_diabetic,diabetic_beagle,augmented_diabetic,0.21104303333165497,0.6401449522502621,0.582797753089989,0.42482021188710123,0.27618133157710884,0.6059976653821089,0.4869116044817866,0.011349165585616628,1348,0.7124945422702486,13.084668066562609,1,0
TG_AUG_0013,Park2024_Fig4f_diabetic,diabetic_beagle,augmented_diabetic,0.25898311643269367,0.5081108615117967,0.49761529161810664,0.5596875627854363,0.23097950266251455,0.48450477538927245,0.5197582008121256,0.044453642026993256,2268,0.7886831331258125,16.056953218827008,1,0
TG_AUG_0014,Park2024_Fig4f_diabetic,diabetic_beagle,augmented_diabetic,0.2531039476708073,0.5615610402426501,0.42706437479756887,0.6380711963616404,0.20953354530719734,0.6064101538527517,0.49680495183412965,0.021646380108240455,1342,0.7609090487397513,15.692444755590051,1,0
TG_AUG_0015,Park2024_Fig4f_diabetic,diabetic_beagle,augmented_diabetic,0.2624762047159564,0.614482248608507,0.3679564878108317,0.5841910918975698,0.2758574354750334,0.5655263508688846,0.5051446122887884,0.12353283399177285,2032,0.7349254890425613,16.273524692389298,1,0
TG_AUG_0016,Park2024_Fig4f_diabetic,diabetic_beagle,augmented_diabetic,0.28890273500658614,0.5191099652598619,0.5687652543577979,0.6381788157579894,0.2474911700316843,0.4603571777465634,0.5190117402720016,0.023405371700996536,965,0.8498950620116731,17.911969570408342,1,0
TG_AUG_0017,Park2024_Fig4f_diabetic,diabetic_beagle,augmented_diabetic,0.31454783719406804,0.7102271776007267,0.36637160893381915,0.51429738210052,0.44252172166810727,0.6147247221497947,0.5069227753185138,0.06886860349300213,2068,0.9657529811028034,19.50196590603222,1,0
TG_AUG_0018,Park2024_Fig4f_diabetic,diabetic_beagle,augmented_diabetic,0.23791490788939035,0.5510616897280418,0.3050268913477147,0.6037597453603508,0.22297047753006172,0.5341522403531852,0.5221177514812807,0.14056634173795154,1785,0.8655556477379466,14.750724289142202,1,0
TG_AUG_0019,Park2024_Fig4f_diabetic,diabetic_beagle,augmented_diabetic,0.3217221850847983,0.6641024008751643,0.5913452722104857,0.5686566433193575,0.4144259829331838,0.46369009051320337,0.5092366897071896,0.01745377277467438,818,0.9788475257209418,19.946775475257493,1,0
TG_AUG_0020,Park2024_Fig4f_diabetic,diabetic_beagle,augmented_diabetic,0.3107948777825642,0.6933930254326801,0.3132121138165393,0.608000546120412,0.3944707692146291,0.4962960191825977,0.5276947109268945,0.14102747868781237,843,0.9515767459894314,19.26928242251898,1,0
TG_AUG_0021,Park2024_Fig4f_diabetic,diabetic_beagle,augmented_diabetic,0.3696081479966017,0.5933644862831763,0.37660091212897323,0.4317622954639388,0.3064693050459662,0.532634503441544,0.5273076047572852,0.09872397364463602,1679,1.0859103451451317,22.915705175789306,1,0
TG_AUG_0022,Park2024_Fig4f_diabetic,diabetic_beagle,augmented_diabetic,0.3807609193787569,0.5542390614659699,0.38640160377721233,0.5668984021771237,0.2087465558066267,0.6314497888712811,0.4909398596684843,0.03301330153070798,1036,1.1731430382662136,23.607177001482928,1,0
TG_AUG_0023,Park2024_Fig4f_diabetic,diabetic_beagle,augmented_diabetic,0.42478268715196926,0.5794236743867905,0.5906023816723072,0.47870289003428373,0.29391504351894404,0.6172996981236067,0.4835150102183319,0.06969197532134562,902,1.3026419901169934,26.336526603422094,1,0
TG_AUG_0024,Park2024_Fig4f_diabetic,diabetic_beagle,augmented_diabetic,0.4694864288212533,0.6588535892154774,0.48894619633041225,0.5209631899551468,0.42571936469113636,0.5562588036701864,0.5274206649859806,0.06426868557731931,1371,1.466604468572284,29.108158586917703,1,0
TG_AUG_0025,Park2024_Fig4f_diabetic,diabetic_beagle,augmented_diabetic,0.49631272292358664,0.6645137459653052,0.3024177310026359,0.6829524468883854,0.2711433397933134,0.4715228369519718,0.5337689724866618,0.07507159738000772,2441,1.5133493148218309,30.77138882126237,1,0
TG_AUG_0026,Park2024_Fig4f_diabetic,diabetic_beagle,augmented_diabetic,0.557961022615131,0.7110530813215358,0.4452061717528212,0.5542286327653779,0.2925404844468452,0.5646084401238032,0.5027647837393348,0.005890412136247847,1634,1.7315805791644658,34.59358340213812,1,0
TG_AUG_0027,Park2024_Fig4f_diabetic,diabetic_beagle,augmented_diabetic,0.6376969434856805,0.6741737778591872,0.3973037423085167,0.47016907944166103,0.26326586830423643,0.6214383314119177,0.5374298774181314,0.0660860292018461,2016,1.9042576990136424,39.537210496112195,1,0
TG_AUG_0028,Park2024_Fig4f_diabetic,diabetic_beagle,augmented_diabetic,0.6002524801255833,0.600053068962418,0.5349893948868143,0.47977853518963565,0.4970996911380945,0.45515391975287023,0.5222470164550785,0.09892589724769907,1024,1.7922875676820014,37.215653767786165,1,0
TG_AUG_0029,Park2024_Fig4f_diabetic,diabetic_beagle,augmented_diabetic,0.6578589904851433,0.5495238791800724,0.31970763494689775,0.6661357951671094,0.32595460930589526,0.5493791037000098,0.5441859433740641,0.11644357162739216,2060,2.0168217622225106,40.78725741007889,1,0
TG_AUG_0030,Park2024_Fig4f_diabetic,diabetic_beagle,augmented_diabetic,0.6430491593500344,0.6413549919019356,0.4326756829558677,0.6391633217736288,0.41726976428358475,0.5880811443822144,0.5038381384835928,0.12074455955988816,1848,2.008760811589808,39.86904787970213,1,0
TG_AUG_0031,Park2024_Fig4f_diabetic,diabetic_beagle,augmented_diabetic,0.6347047021107202,0.5407547784537216,0.3701438499279192,0.4071123260933555,0.4504841617083211,0.6449381192097103,0.48948216757562835,0.03472128206479472,2399,1.984715205183497,39.35169153086465,1,0
TG_AUG_0032,Park2024_Fig4f_diabetic,diabetic_beagle,augmented_diabetic,0.6490843573225957,0.5694297718377109,0.31077905465579186,0.6780749038993323,0.2641094424710985,0.534000814816281,0.4806780817918677,0.12869326363725858,986,1.9139166398901548,40.24323015400093,1,0
TG_AUG_0033,Park2024_Fig4f_diabetic,diabetic_beagle,augmented_diabetic,0.6234943066826163,0.6968429895373183,0.39192984681101145,0.4120774009027697,0.376505666294946,0.5295368828866109,0.5481660289350005,0.08162979937555533,1626,1.8487158650729574,38.65664701432221,1,0
TG_AUG_0034,Park2024_Fig4f_diabetic,diabetic_beagle,augmented_diabetic,0.5459438053069764,0.6338419852954128,0.4698214939344495,0.6254358833378031,0.23958959588718853,0.5526366167513558,0.4936113351102182,0.013979417934404203,940,1.7086535315509177,33.84851592903254,1,0
TG_AUG_0035,Park2024_Fig4f_diabetic,diabetic_beagle,augmented_diabetic,0.5829367356851661,0.5560796397133816,0.36782372130316876,0.6451915936639709,0.47911952605079766,0.46907218425460073,0.5115041047598358,0.05061814184463435,875,1.703008255404357,36.1420776124803,1,0
TG_AUG_0036,Park2024_Fig4f_diabetic,diabetic_beagle,augmented_diabetic,0.5479333048816786,0.5718316791272255,0.38392379033072127,0.49959948827132955,0.3988388822629165,0.6241267762966981,0.5331360852788947,0.10912938453376424,1027,1.6608947396097666,33.97186490266407,1,0
TG_AUG_0037,Park2024_Fig4f_diabetic,diabetic_beagle,augmented_diabetic,0.5393093210263659,0.5540626320466322,0.3625765103223152,0.48891760206258505,0.473240801290944,0.5594829680759452,0.5313733763901309,0.05198381397248214,1717,1.635863311855689,33.437177903634684,1,0
TG_AUG_0038,Park2024_Fig4f_diabetic,diabetic_beagle,augmented_diabetic,0.514107070116644,0.5313913946593128,0.3513884873465011,0.6482069664478436,0.37545158950666463,0.5175064931767638,0.5361995846296883,0.03697798584569745,1020,1.5531013597009575,31.87463834723193,1,0
TG_AUG_0039,Park2024_Fig4f_diabetic,diabetic_beagle,augmented_diabetic,0.4773390938982684,0.5779779763841764,0.33663345477728635,0.43334114419960373,0.39443151036023705,0.6250236089116095,0.5353364357190171,0.021166139103202662,2111,1.522152513659861,29.595023821692642,1,0
TG_AUG_0040,Park2024_Fig4f_diabetic,diabetic_beagle,augmented_diabetic,0.4948265112060529,0.7060876118123374,0.4190976486622422,0.44689509121265825,0.4213852842192777,0.5220949010283108,0.5269889577660393,0.040596591297264846,1388,1.47506511673897,30.67924369477528,1,0
TG_AUG_0041,Park2024_Fig4f_diabetic,diabetic_beagle,augmented_diabetic,0.49846383748601736,0.6444517625627711,0.5598304636133504,0.48683185648584637,0.34030436374546313,0.5738779938733004,0.5087833333108643,0.0641229681135402,1115,1.481719182322081,30.904757924133076,1,0
TG_AUG_0042,Park2024_Fig4f_diabetic,diabetic_beagle,augmented_diabetic,0.466891499544123,0.6663413021047261,0.4502132777510014,0.5934583668444939,0.20705974832422963,0.5359245727793689,0.49952566532514336,0.01937616678646656,1140,1.4656196394157266,28.947272971735625,1,0
TG_AUG_0043,Park2024_Fig4f_diabetic,diabetic_beagle,augmented_diabetic,0.47959130302838593,0.6913408409645102,0.37590790227607596,0.659668714951661,0.23085277764724302,0.47519103927587164,0.5485406088570431,0.10107583474050069,1292,1.4682316039944314,29.73466078775993,1,0
TG_AUG_0044,Park2024_Fig4f_diabetic,diabetic_beagle,augmented_diabetic,0.45318102914694613,0.5337700365564402,0.3455326229553306,0.6668729854991476,0.48317848504293737,0.6031658078469819,0.4803783446570869,0.00020194064348455498,2419,1.4402522242559772,28.09722380711066,1,0
TG_AUG_0045,Park2024_Fig4f_diabetic,diabetic_beagle,augmented_diabetic,0.4590958085238465,0.5565681075007965,0.5077062918463242,0.469999846794798,0.3875990509863362,0.5994156534258058,0.49530997222345774,0.008991495129196241,2060,1.4130240024293812,28.463940128478484,1,0
TG_AUG_0046,Park2024_Fig4f_diabetic,diabetic_beagle,augmented_diabetic,0.4479015985898341,0.6514992418177563,0.5548339218677206,0.41349904637062734,0.4202453777124939,0.5182637291900104,0.5134969858943665,0.13932893247683484,2247,1.3317333502376791,27.769899112569714,1,0
TG_AUG_0047,Park2024_Fig4f_diabetic,diabetic_beagle,augmented_diabetic,0.45253120485102577,0.710503915376686,0.4448140419230803,0.6332366401547156,0.4018541400465634,0.5948509054998267,0.514481930365527,0.09501176103631906,1368,1.3749204786992184,28.0569347007636,1,0
TG_AUG_0048,Park2024_Fig4f_diabetic,diabetic_beagle,augmented_diabetic,0.4489396761768335,0.7413256809076,0.3151250320806627,0.6671152962565798,0.37306436039336255,0.5627839133511248,0.5150194974645432,0.010409112885627509,1645,1.3475351106691515,27.83425992296368,1,0
TG_AUG_0049,Park2024_Fig4f_diabetic,diabetic_beagle,augmented_diabetic,0.4162135252881492,0.5376718717502085,0.5554782957912656,0.6974360703528375,0.41805164931447125,0.6069539363649976,0.5496090687291212,0.09082218757889181,1919,1.3130422252819969,25.80523856786525,1,0
TG_AUG_0050,Park2024_Fig4f_diabetic,diabetic_beagle,augmented_diabetic,0.44582294157056296,0.6690902669681811,0.503889954718543,0.6837773932096259,0.2887472292489608,0.45022241883923747,0.4990368191578739,0.0326837069440116,2275,1.3498499013722538,27.641022377374902,1,0
TG_AUG_0051,Park2024_Fig4f_diabetic,diabetic_beagle,augmented_diabetic,0.44797062866808823,0.6105916332756047,0.31274097277695995,0.6053878582794898,0.47081165313360684,0.6174526014277018,0.48891586314135166,0.01894067056615978,2350,1.2936719920449513,27.77417897742147,1,0
TG_AUG_0052,Park2024_Fig4f_diabetic,diabetic_beagle,augmented_diabetic,0.4304073979872426,0.5236047244151203,0.549455499933667,0.6755192626244674,0.3949364140292899,0.4706868229720967,0.5081419051821768,0.10934088001577358,1005,1.3282450703928055,26.68525867520904,1,0
TG_AUG_0053,Park2024_Fig4f_diabetic,diabetic_beagle,augmented_diabetic,0.4149618361940589,0.563620332904565,0.30386924093685763,0.5620898220284499,0.45534522062779453,0.6415263292545176,0.5196021465429302,0.07716919916098412,1125,1.3804036215980586,25.72763384403165,1,0
TG_AUG_0054,Park2024_Fig4f_diabetic,diabetic_beagle,augmented_diabetic,0.41164761855437154,0.7030645302475855,0.4152127915173301,0.5998803584437116,0.49665065941674935,0.4951455447678255,0.5072929822403757,0.07200710659651284,1739,1.2418121754009108,25.522152350371037,1,0
TG_AUG_0055,Park2024_Fig4f_diabetic,diabetic_beagle,augmented_diabetic,0.3582932913131398,0.6329679416262541,0.5620855586211646,0.6986706701472063,0.3748143348034044,0.6124947642088343,0.5028858717035672,0.04586159361709367,1505,1.2076438985243854,22.214184061414667,1,0
TG_AUG_0056,Park2024_Fig4f_diabetic,diabetic_beagle,augmented_diabetic,0.4214466415204367,0.6681268156684123,0.5046575067765297,0.4945718303948352,0.2399629772409886,0.5764792512931017,0.4889828103532135,0.08677387623439951,2027,1.3152547347888244,26.129691774267076,1,0
TG_AUG_0057,Park2024_Fig4f_diabetic,diabetic_beagle,augmented_diabetic,0.4159980080095935,0.7010239174083982,0.4277813125400818,0.6984052495589461,0.22775013138168915,0.6060695725480317,0.527159121347951,0.11512482458860582,2299,1.3308826867789043,25.7918764965948,1,0
TG_AUG_0058,Park2024_Fig4f_diabetic,diabetic_beagle,augmented_diabetic,0.4138574859733098,0.6107584265844048,0.48513178332859686,0.6549877991509616,0.2588737150118497,0.4751099579796954,0.5474435963232029,0.016206683906461065,1849,1.2434455460338856,25.659164130345207,1,0
TG_AUG_0059,Park2024_Fig4f_diabetic,diabetic_beagle,augmented_diabetic,0.40028601154815757,0.6928780154996219,0.49557025966873813,0.6497251550230758,0.4926419084942065,0.5448328592543973,0.4846685716983814,0.007213846561805314,1865,1.2431458545252572,24.81773271598577,1,0
TG_AUG_0060,Park2024_Fig4f_diabetic,diabetic_beagle,augmented_diabetic,0.39151301429499535,0.7050168755139123,0.3124736879539781,0.5494389830644127,0.4067931236308071,0.5004623854139374,0.5015439633705204,0.09204568544840756,2400,1.1915461996717276,24.273806886289712,1,0
TG_AUG_0061,Park2024_Fig4f_diabetic,diabetic_beagle,augmented_diabetic,0.41625590620103176,0.5339220794480698,0.5680905760038402,0.4223915293238287,0.4723206299532538,0.6493131312577964,0.5290302259409553,0.11556708316109846,1451,1.2393065765852755,25.80786618446397,1,0
TG_AUG_0062,Park2024_Fig4f_diabetic,diabetic_beagle,augmented_diabetic,0.35447595790539965,0.5896553954883978,0.5734017570235892,0.40628023534802,0.2947319453748488,0.46137627955552935,0.5336569121355139,0.10531611811706888,915,1.142025947510696,21.977509390134777,1,0
TG_AUG_0063,Park2024_Fig4f_diabetic,diabetic_beagle,augmented_diabetic,0.3487745603394636,0.6890634478556086,0.43625509882101177,0.5236839183494997,0.4804189746464903,0.5001758199781401,0.48843131379975957,0.08768146698891872,1166,1.139216330368701,21.62402274104674,1,0
TG_AUG_0064,Park2024_Fig4f_diabetic,diabetic_beagle,augmented_diabetic,0.37958113512182384,0.5864062483941004,0.5447308213905322,0.5400184281303851,0.22301684805586558,0.4832105042963073,0.48427732673337426,0.07489544190214878,1762,1.1254222844698174,23.53403037755308,1,0
TG_AUG_0065,Park2024_Fig4f_diabetic,diabetic_beagle,augmented_diabetic,0.4023201222299253,0.6001760417086166,0.3345438535185603,0.6649820804278671,0.3244476966564056,0.5274548822849683,0.5261783191051332,0.06630501313966852,1043,1.1478598000449878,24.94384757825537,1,0
TG_AUG_0066,Park2024_Fig4f_diabetic,diabetic_beagle,augmented_diabetic,0.38677980407246987,0.5992369932335733,0.43661494064418227,0.5244881308239041,0.41914774324468984,0.47707108699465683,0.4938347454413791,0.027077734258863537,2264,1.1732624372546407,23.980347852493132,1,0
TG_AUG_0067,Park2024_Fig4f_diabetic,diabetic_beagle,augmented_diabetic,0.3682288213659672,0.6003654447722608,0.4014253228098784,0.43804720676512565,0.31752273516868346,0.482532163021097,0.5314055973544554,0.031324640324188496,1529,1.1790581322143003,22.830186924689965,1,0
TG_AUG_0068,Park2024_Fig4f_diabetic,diabetic_beagle,augmented_diabetic,0.398141875589887,0.5537291328466798,0.31258922203309025,0.5090936076758349,0.22957826907258094,0.4732955699346674,0.4977982862011405,0.04432018869401389,1555,1.1581758051848248,24.684796286572993,1,0
TG_AUG_0069,Park2024_Fig4f_diabetic,diabetic_beagle,augmented_diabetic,0.40259110428265116,0.7270046363554156,0.41889378764946616,0.48889774056994,0.24304083710540603,0.48028910438707145,0.5102940039039273,0.08935197362422943,2352,1.1606218214813466,24.960648465524372,1,0
TG_AUG_0070,Park2024_Fig4f_diabetic,diabetic_beagle,augmented_diabetic,0.4071900392610214,0.6309158540136527,0.39573704694613876,0.5409746116100786,0.3507472630480796,0.4901541949513357,0.5020507260663712,0.11871146257604634,1067,1.212376923062245,25.245782434183326,1,0
TG_AUG_0071,Park2024_Fig4f_diabetic,diabetic_beagle,augmented_diabetic,0.3669091511710369,0.5692673124283499,0.5822640508677612,0.4373037524292611,0.46254008558634563,0.6441880499209237,0.4924007466255838,0.10830990963056779,2487,1.1448191533102108,22.74836737260429,1,0
TG_AUG_0072,Park2024_Fig4f_diabetic,diabetic_beagle,augmented_diabetic,0.37049855067652354,0.6013557062847887,0.4548849897593022,0.5741935677728902,0.48078117447456786,0.5844501374588389,0.5136894565853466,0.12145125543988339,2453,1.190326265165324,22.970910141944458,1,0
TG_AUG_0073,Park2024_Fig4f_diabetic,diabetic_beagle,augmented_diabetic,0.3804735999580159,0.7184687388802546,0.3038721683942976,0.4680071956224771,0.37006783887486083,0.5203084520099396,0.5227264246722829,0.0036165290113000237,971,1.1312976825835022,23.589363197396985,1,0
TG_AUG_0074,Park2024_Fig4f_diabetic,diabetic_beagle,augmented_diabetic,0.34175120880064436,0.5136413520706747,0.479838341897615,0.6707209828332024,0.3149646097841755,0.49326655552616544,0.510980414215297,0.00725440665731713,1177,1.0959548331623312,21.18857494563995,1,0
TG_AUG_0075,Park2024_Fig4f_diabetic,diabetic_beagle,augmented_diabetic,0.3297687497186994,0.5661179541667977,0.4510640944535658,0.4204327074170568,0.26545229887798194,0.6370756322614235,0.5126281404860943,0.06680797889668083,1908,1.0359767662363546,20.445662482559364,1,0
TG_AUG_0076,Park2024_Fig4f_diabetic,diabetic_beagle,augmented_diabetic,0.3433602855140305,0.6035352670539166,0.5873837579778413,0.5623341474636534,0.3815268555621615,0.49409752788294986,0.5237955552599094,0.08574114742244157,1228,1.1021954453843041,21.288337701869892,1,0
TG_AUG_0077,Park2024_Fig4f_diabetic,diabetic_beagle,augmented_diabetic,0.3333631129497111,0.6969355470755925,0.38500922066733545,0.6511711654665454,0.3628994397815808,0.5247616217734005,0.5237730971792963,0.0018511569090561009,2210,1.0385361631940313,20.66851300288209,1,0
TG_AUG_0078,Park2024_Fig4f_diabetic,diabetic_beagle,augmented_diabetic,0.3515004695146847,0.5461147627649708,0.36068818474746106,0.5160121171131934,0.2153450616861193,0.5295586881858196,0.5158195212980291,0.07249414274494878,1703,1.0390012933209585,21.793029109910453,1,0
TG_AUG_0079,Park2024_Fig4f_diabetic,diabetic_beagle,augmented_diabetic,0.3659469997515268,0.6186087234051838,0.3022002452508541,0.40774281785895455,0.3659871918869,0.5540898808330572,0.5496207392324682,0.030276275304563713,1133,1.0742681684349769,22.68871398459466,1,0
TG_AUG_0080,Park2024_Fig4f_diabetic,diabetic_beagle,augmented_diabetic,0.3565918432549249,0.7399477551012126,0.31460845451997893,0.4294023054342223,0.21321975847111443,0.487055370066708,0.5178889077659175,0.0968358272141142,800,0.9951219079264786,22.10869428180534,1,0
TG_AUG_0081,Park2024_Fig4f_diabetic,diabetic_beagle,augmented_diabetic,0.3226594642291743,0.6135695991974557,0.4354696759816725,0.6810783591193417,0.495209454283739,0.6092968778659162,0.532973066317285,0.10208372426686521,1219,1.018042087306902,20.004886782208807,1,0
TG_AUG_0082,Park2024_Fig4f_diabetic,diabetic_beagle,augmented_diabetic,0.3225919593021565,0.5895349291322861,0.5968516000152967,0.6052942746776034,0.4846942001141004,0.47851131100662314,0.5067497632382798,0.08320977049235313,1457,0.9367402085366425,20.000701476733703,1,0
TG_AUG_0083,Park2024_Fig4f_diabetic,diabetic_beagle,augmented_diabetic,0.2893543673198236,0.513853972110561,0.3993439467492449,0.6297914724565536,0.3241036036955781,0.5805945843815878,0.5205733368059696,0.0033327723038370613,2072,0.9372130760587183,17.939970773829064,1,0
TG_AUG_0084,Park2024_Fig4f_diabetic,diabetic_beagle,augmented_diabetic,0.28676158063606566,0.5246060472753422,0.5870161301668049,0.5798079175126497,0.4185968852709808,0.5130727486532235,0.5075202990645811,0.03553859908450852,2360,0.9065567306158435,17.77921799943607,1,0
TG_AUG_0085,Park2024_Fig4f_diabetic,diabetic_beagle,augmented_diabetic,0.3100891331787833,0.5519458552404228,0.47630910548626376,0.4337093445846957,0.29959594142981083,0.6063265116106494,0.5105936065289531,0.09416181223460045,2262,0.904278226439359,19.225526257084564,1,0
TG_AUG_0086,Park2024_Fig4f_diabetic,diabetic_beagle,augmented_diabetic,0.3196903307605498,0.6956064530531969,0.5977543860485914,0.47220115442714594,0.46229220024112416,0.6161245520863583,0.49572601783492365,0.059899887029883386,1362,0.9424517256494295,19.82080050715409,1,0
TG_AUG_0087,Park2024_Fig4f_diabetic,diabetic_beagle,augmented_diabetic,0.2838081006583179,0.5041689533724598,0.35843204930616773,0.6431404651646397,0.28179519419374544,0.5963124239122268,0.5060484150669189,0.07828264922369148,1491,0.9237401117995854,17.59610224081571,1,0
TG_AUG_0088,Park2024_Fig4f_diabetic,diabetic_beagle,augmented_diabetic,0.3069338094252841,0.716605795884925,0.3178851976033977,0.6076151659119234,0.24199621301652888,0.5331637136036822,0.5184011890538283,0.06041092271202461,2166,0.8718893818460901,19.02989618436761,1,0
TG_AUG_0089,Park2024_Fig4f_diabetic,diabetic_beagle,augmented_diabetic,0.2719464047049696,0.6582006526653768,0.5306760133713505,0.6982244963936726,0.20332356577829291,0.5960346906621353,0.5200252521155186,0.06510782641214351,884,0.91624036367317,16.860677091708116,1,0
TG_AUG_0090,Park2024_Fig4f_diabetic,diabetic_beagle,augmented_diabetic,0.3179155541093533,0.7478831939568467,0.36249461700255536,0.5066318012092186,0.40076570897746,0.5467605079721295,0.5092872673364833,0.05367168740033896,1290,0.9465083298278724,19.710764354779904,1,0
TG_AUG_0091,Park2024_Fig4f_diabetic,diabetic_beagle,augmented_diabetic,0.2972759578282553,0.6639758282745999,0.35964421828122084,0.4945031521550274,0.2673807320224655,0.46383071354370026,0.5379249119144972,0.03818108143824917,1958,0.9657212431211062,18.431109385351828,1,0
TG_AUG_0092,Park2024_Fig4f_diabetic,diabetic_beagle,augmented_diabetic,0.29133229447443204,0.6950531621339084,0.4691678763166207,0.4783487297532581,0.4084859358029143,0.5634781888312147,0.5357370526619472,0.1102537779284735,911,0.9766016467777267,18.062602257414788,1,0
TG_AUG_0093,Park2024_Fig4f_diabetic,diabetic_beagle,augmented_diabetic,0.31837663458367016,0.5793263693551216,0.57358787525989,0.418278616516216,0.4082052242317226,0.4865502331974872,0.5023331552032568,0.06232710945930989,2154,0.8923268929049024,19.73935134418755,1,0
TG_AUG_0094,Park2024_Fig4f_diabetic,diabetic_beagle,augmented_diabetic,0.3003018777817027,0.5714064971405608,0.5203824902131605,0.40718387958114505,0.37544834339173727,0.6382948475012131,0.49220864869780495,0.0707474236125893,2487,0.8837497125180633,18.618716422465567,1,0
TG_AUG_0095,Park2024_Fig4f_diabetic,diabetic_beagle,augmented_diabetic,0.2774007868535257,0.563403192714927,0.4926259522057197,0.48266097014225534,0.3483563375361224,0.4743390613453345,0.5211665546323813,0.04741165257648961,1020,0.839405075524896,17.198848784918592,1,0
TG_AUG_0096,Park2024_Fig4f_diabetic,diabetic_beagle,augmented_diabetic,0.2561750877792971,0.7025402724899257,0.4289020090065444,0.6249579793864806,0.4739124400669568,0.5644245927444412,0.4926549605393666,0.040319642254529726,1671,0.8509019201191516,15.88285544231642,1,0
TG_AUG_0097,Park2024_Fig4f_diabetic,diabetic_beagle,augmented_diabetic,0.2505737507034362,0.6387834466882971,0.4763974888391498,0.5279499241725584,0.3846262339462506,0.4663149851222732,0.4861451765940712,0.025774419053648766,1341,0.8179521446842489,15.535572543613043,1,0
TG_AUG_0098,Park2024_Fig4f_diabetic,diabetic_beagle,augmented_diabetic,0.25827046466373255,0.6787248835228284,0.47369329396624354,0.4043826991326649,0.3081126477089512,0.5709678858725162,0.5071215907145777,0.12952198423692196,1420,0.7769722610349442,16.012768809151417,1,0
TG_AUG_0099,Park2024_Fig4f_diabetic,diabetic_beagle,augmented_diabetic,0.2629518781862918,0.6411476597333658,0.4989081611169442,0.6037199813486912,0.47952212099495245,0.649389883482334,0.5304110222651659,0.04308318138077262,1831,0.8047026366306496,16.303016447550092,1,0
TG_AUG_0100,Park2024_Fig4f_diabetic,diabetic_beagle,augmented_diabetic,0.28011390012713994,0.6596221961997839,0.3959229586223085,0.417135149011133,0.2412889203195084,0.45018588337399223,0.5432256539141296,0.0036926975761857883,1987,0.7928650102369049,17.367061807882678,1,0
TG_AUG_0101,Park2024_Fig4f_diabetic,diabetic_beagle,augmented_diabetic,0.24217515873210893,0.5597665960187574,0.5274121263033649,0.6280016634886295,0.29377940747249004,0.5321365266020566,0.49467831942011403,0.14648415349843563,2310,0.7742490805828416,15.014859841390754,1,0
TG_AUG_0102,Park2024_Fig4f_diabetic,diabetic_beagle,augmented_diabetic,0.2468916454875314,0.520931234461337,0.4157818532810782,0.5121841403437203,0.4658864649367153,0.480274234252655,0.4906320320635641,0.04928372248286977,2006,0.8154351467273768,15.307282020226946,1,0
TG_AUG_0103,Park2024_Fig4f_diabetic,diabetic_beagle,augmented_diabetic,0.2463754642594151,0.6823274501193015,0.47251817203764435,0.4620453679400189,0.3513367825008066,0.5124379473138259,0.5099226569716683,0.09678278637669958,2015,0.7560332985281237,15.275278784083735,1,0
TG_AUG_0104,Park2024_Fig4f_diabetic,diabetic_beagle,augmented_diabetic,0.27412270839115854,0.6590171050880564,0.4194841647267163,0.40204440937003844,0.3570221555202415,0.6343026783814836,0.5368454327706076,0.12378170568894466,1838,0.7960206013675664,16.995607920251828,1,0
TG_AUG_0105,Park2024_Fig4f_diabetic,diabetic_beagle,augmented_diabetic,0.23784101519657005,0.7115310526325579,0.3548440165617678,0.6868875644540083,0.31300293212883873,0.5178481322347672,0.4843701929094446,0.07292604811573244,1031,0.7717521962796184,14.746142942187344,1,0
TG_AUG_0106,Park2024_Fig4f_diabetic,diabetic_beagle,augmented_diabetic,0.25140120437633523,0.7030976810465377,0.32472179155858444,0.5799903574783198,0.34569405960028315,0.5591847066618,0.5448343641319042,0.13069728708702802,2345,0.7492698959290277,15.586874671332785,1,0
TG_AUG_0107,Park2024_Fig4f_diabetic,diabetic_beagle,augmented_diabetic,0.2586227621918158,0.6725807117251823,0.5835072193741706,0.6047621436301471,0.2994850547323502,0.5501158634861663,0.5252007530345738,0.07658556130927553,1938,0.7368558197787082,16.034611255892578,1,0
TG_AUG_0108,Park2024_Fig4f_diabetic,diabetic_beagle,augmented_diabetic,0.20703724367748627,0.5765117915571929,0.319105430250755,0.4531381432594762,0.2015418882756681,0.5390819042211574,0.48589787641925797,0.10239789075662985,2045,0.6795751620423509,12.83630910800415,1,0
TG_AUG_0109,Park2024_Fig4f_diabetic,diabetic_beagle,augmented_diabetic,0.22101713280896948,0.7008112261662016,0.5959689342343231,0.5793519960537055,0.22458972039309866,0.5793674457852762,0.5237485823863225,0.09575258661306477,1036,0.7618604758319617,13.703062234156107,1,0
TG_AUG_0110,Park2024_Fig4f_diabetic,diabetic_beagle,augmented_diabetic,0.22202402343006175,0.5134086978802077,0.5152394971835736,0.54264271456982,0.4547294059876028,0.5266794282116518,0.49177950119553987,0.12546632887048045,1489,0.7268184281875549,13.765489452663829,1,0
TG_AUG_0111,Park2024_Fig4f_diabetic,diabetic_beagle,augmented_diabetic,0.20759538756419083,0.5769685313185918,0.4431600238253883,0.6379189085111967,0.49437247923663863,0.6364977847179604,0.5453706159992374,0.06033356022706685,2093,0.6550738529595909,12.870914028979831,1,0
TG_AUG_0112,Park2024_Fig4f_diabetic,diabetic_beagle,augmented_diabetic,0.23362273272065692,0.6677532451332274,0.5091072498012899,0.5088948521211615,0.463783866847102,0.5950743200469715,0.4878813326570436,0.0611667051609244,1517,0.7163888157966536,14.484609428680729,1,0
TG_AUG_0113,Park2024_Fig4f_diabetic,diabetic_beagle,augmented_diabetic,0.25037028471517464,0.587449015451898,0.5587489522204756,0.4699218435672505,0.4085562398630197,0.5759256689877186,0.5404439225858381,0.019843192147655734,2311,0.7139881135590622,15.522957652340828,1,0
TG_AUG_0114,Park2024_Fig4f_diabetic,diabetic_beagle,augmented_diabetic,0.25669704661850196,0.5982804495517697,0.3417762212354112,0.4032145893086077,0.3632772011045753,0.6451557637097866,0.5058395335666444,0.05357885009895672,1688,0.6584310471716345,15.915216890347121,1,0
TG_AUG_0115,Park2024_Fig4f_diabetic,diabetic_beagle,augmented_diabetic,0.20471439777720202,0.6156483867762883,0.3099803913508075,0.43656642475968116,0.32475840182238425,0.4626259818415933,0.5077728539518871,0.07110093989226676,2180,0.647637537278085,12.692292662186524,1,0
TG_AUG_0116,Park2024_Fig4f_diabetic,diabetic_beagle,augmented_diabetic,0.21067232758877705,0.6657865622438022,0.47860991104706174,0.5245436961978237,0.32665767016420344,0.6070127842092863,0.4936998848069754,0.12303799784173346,1433,0.6267713838939367,13.061684310504177,1,0
TG_AUG_0117,Park2024_Fig4f_diabetic,diabetic_beagle,augmented_diabetic,0.19829138044939248,0.5692174923730031,0.3138189191045932,0.6792472224970342,0.39823955890727314,0.5992725768626483,0.5018100217707561,0.12684802834160136,1892,0.6212848974306907,12.294065587862335,1,0
TG_AUG_0118,Park2024_Fig4f_diabetic,diabetic_beagle,augmented_diabetic,0.19694079361736658,0.7301728501946549,0.4035050519773698,0.4164198120774958,0.2612726319105287,0.5337390286655368,0.4953744450016198,3.405573273833062e-05,1411,0.6248436098132211,12.210329204276729,1,0
TG_AUG_0119,Park2024_Fig4f_diabetic,diabetic_beagle,augmented_diabetic,0.1931443906117966,0.7055570281442527,0.5258545967646618,0.6198577561995493,0.46285774348086683,0.5945569201243043,0.4962288904200308,0.10583440674745366,1955,0.6247485808819573,11.97495221793139,1,0
TG_AUG_0120,Park2024_Fig4f_diabetic,diabetic_beagle,augmented_diabetic,0.21338521274220673,0.6280982051830266,0.404649572237589,0.5124474773049993,0.3863991872467122,0.5937436226524405,0.48774225192112125,0.005338534620971458,2405,0.6079011325424872,13.229883190016817,1,0
TG_AUG_0121,Park2024_Fig4f_diabetic,diabetic_beagle,augmented_diabetic,0.1925789888806658,0.6875651985218288,0.38235200205212344,0.5873991922851151,0.22434926733911437,0.5404404958207077,0.5317363995395068,0.10297709145648788,988,0.5801943260835576,11.93989731060128,1,0
TG_AUG_0122,Park2024_Fig4f_diabetic,diabetic_beagle,augmented_diabetic,0.17661446352065133,0.6272235175174701,0.5584337058063973,0.659810702513727,0.2029732086473461,0.6056092612966398,0.5122513520169172,0.14832608119554946,1047,0.5743152477853466,10.950096738280383,1,0
TG_AUG_0123,Park2024_Fig4f_diabetic,diabetic_beagle,augmented_diabetic,0.21149956903249606,0.5698613268297257,0.534750043314088,0.6659507579925708,0.3195927482639192,0.6225844787021978,0.49869525052194325,0.08019913846132858,1320,0.5620231831252795,13.112973280014756,1,0
TG_AUG_0124,Park2024_Fig4f_diabetic,diabetic_beagle,augmented_diabetic,0.2186045228207325,0.5017455654700871,0.42104429070809984,0.4704263265174914,0.4456607811561415,0.5174661217691531,0.5379266585767672,8.969082521929627e-05,1888,0.6482637903300416,13.553480414885415,1,0
TG_AUG_0125,Park2024_Fig4f_diabetic,diabetic_beagle,augmented_diabetic,0.23384986316651438,0.60703879325753,0.31842753877794977,0.4671773763389769,0.30898183891966985,0.5377295000492109,0.5484247380746226,0.12117984685259718,2322,0.6855330816086949,14.498691516323891,1,0
TG_AUG_0126,Park2024_Fig4f_diabetic,diabetic_beagle,augmented_diabetic,0.20051599563992858,0.5825389875789011,0.3320402112007091,0.6860208638146285,0.21806808347008924,0.5095300555136562,0.5008646340819003,0.04806019292103223,1784,0.6048407276905353,12.431991729675572,1,0
TG_AUG_0127,Park2024_Fig4f_diabetic,diabetic_beagle,augmented_diabetic,0.18786298515769223,0.5815705378922367,0.30622740963718925,0.6282657933014528,0.2128218818185854,0.6229304709205492,0.4883062430132177,0.025781476820388637,1696,0.6308235906643742,11.647505079776918,1,0
TG_AUG_0128,Park2024_Fig4f_diabetic,diabetic_beagle,augmented_diabetic,0.18459520901673104,0.5617402917479731,0.557893603605782,0.45064300173536925,0.45618286464255586,0.4526457625810588,0.5158246319598636,0.11541638691323351,1385,0.5548154663820031,11.444902959037325,1,0
TG_AUG_0129,Park2024_Fig4f_diabetic,diabetic_beagle,augmented_diabetic,0.14194371303913125,0.700745325327276,0.5942381416243754,0.5817778586242741,0.3511125161252212,0.6256831726089924,0.5466761752779219,0.11318053738536907,1839,0.5623945079935379,8.800510208426138,1,0
TG_AUG_0130,Park2024_Fig4f_diabetic,diabetic_beagle,augmented_diabetic,0.1615325032137865,0.5399699408416103,0.5073739991357968,0.450269961791352,0.29309254463136425,0.5506690261212308,0.5357508393066435,0.11092038498580908,2163,0.521711999592683,10.015015199254764,1,0
TG_AUG_0131,Park2024_Fig4f_diabetic,diabetic_beagle,augmented_diabetic,0.18583855169751345,0.6003744026412191,0.5379385613889169,0.4661526361409944,0.2557884522672253,0.6401637319832862,0.49469283407103615,0.03913778694752521,826,0.575445662642437,11.521990205245833,1,0
TG_AUG_0132,Park2024_Fig4f_diabetic,diabetic_beagle,augmented_diabetic,0.20727564974053933,0.5880817635631348,0.3129300326844972,0.4537284817984545,0.317665338030062,0.6395559395938459,0.4898839344476029,0.11452737655023183,2432,0.6551558902070633,12.851090283913438,1,0
TG_AUG_0133,Park2024_Fig4f_diabetic,diabetic_beagle,augmented_diabetic,0.15892694863120177,0.619435531599884,0.44344767706675325,0.6303909934185494,0.38856992019418496,0.5766526403218821,0.5115197738682068,0.07966642445062913,1382,0.5813437646860831,9.853470815134509,1,0
TG_AUG_0134,Park2024_Fig4f_diabetic,diabetic_beagle,augmented_diabetic,0.17225349238204507,0.7218672350532206,0.48763003504997804,0.6424804633648834,0.22071108107341247,0.5169578083781359,0.501959218733001,0.09534679829289198,1926,0.5210659338505418,10.679716527686795,1,0
TG_AUG_0135,Park2024_Fig4f_diabetic,diabetic_beagle,augmented_diabetic,0.12735158778034184,0.6722026258974968,0.4655809083181399,0.47255145862460596,0.32779925584052844,0.6435485649667432,0.526043576829082,0.08465930705084844,855,0.45,7.895798442381194,1,0
TG_AUG_0136,Park2024_Fig4f_diabetic,diabetic_beagle,augmented_diabetic,0.14798328166962907,0.6466279452593622,0.45782475552522084,0.6277932565450616,0.41379968569596337,0.4886320016816866,0.5129915792201885,0.07087731642293778,1438,0.4926750590151061,9.174963463517003,1,0
TG_AUG_0137,Park2024_Fig4f_diabetic,diabetic_beagle,augmented_diabetic,0.15757624629643488,0.5063371510659846,0.5070140665228349,0.4948303934640912,0.21672225607623252,0.5719625523096235,0.4968562671251221,0.058021086307781994,1228,0.4659237468547007,9.769727270378963,1,0
TG_AUG_0138,Park2024_Fig4f_diabetic,diabetic_beagle,augmented_diabetic,0.16647667018040802,0.636372585123709,0.36211712501490984,0.5631919333854902,0.2694797074291697,0.6197847738952146,0.5078090030988321,0.036832593891673655,1783,0.5321061651538744,10.321553551185296,1,0
TG_AUG_0139,Park2024_Fig4f_diabetic,diabetic_beagle,augmented_diabetic,0.13045764562945614,0.5404236383184967,0.5897496959154997,0.4617383130968265,0.4224698325400489,0.5593354529794623,0.5419135109317732,0.08309898832546964,1712,0.5120759423663233,8.08837402902628,1,0
TG_AUG_0140,Park2024_Fig4f_diabetic,diabetic_beagle,augmented_diabetic,0.14590025361496628,0.5488645000921,0.34986880861549763,0.6749467453346543,0.2983514596550102,0.5244164509925792,0.5331876560899872,0.0508235223634211,2161,0.4754508857604595,9.045815724127909,1,0
