ch0,ch1,ch2,ch3,ch4,ch5,ch6,ch7,contact_duration_s,glucose_mmol,sodium_meq,potassium_meq,chloride_meq,cholesterol
0.5463054511203748,0.5453766737778384,0.3230059094944626,0.6326320790349442,0.19455778560827044,0.4761775058271238,0.44904597675329566,0.06269176467764434,1.8355586841671383,0.47420297897101277,84.86792065465903,2.4743607871308315,75.31028738169138,1.783946439764077
0.6433599066243774,0.6505480255199643,0.3408485238643384,0.40751040089346563,0.24825043062284796,0.5664155614089195,0.5114272759798385,0.0005692690906436287,1.987566853061946,0.5763683926971856,101.49445076280452,2.312308594545737,52.16977200048436,2.300310523874977
0.8406858488151286,0.7481037795347514,0.3063660437582737,0.44973882526143105,0.4216876907983519,0.5409273913107076,0.5015071516424942,0.12710604439801523,2.3138110400578373,0.7163337023489658,113.48757434489528,2.230199560881872,61.67056473032706,3.0551188176105626
0.5381248287383101,0.6990974529691245,0.4475957052351641,0.4553375444566063,0.3842950685487677,0.6716393610634457,0.491520055183751,0.0,1.5257120734941083,0.5117746115108307,107.43429964000241,3.30940104047817,63.04291797970972,2.7659942772617443
0.49871594603699754,0.5317679459327066,0.5889382623332681,0.6846019101149559,0.46853886574072984,0.6327293258637954,0.4971276395941793,0.05670965381128323,2.4540442977674792,0.36931747540269394,85.13854831835646,3.865588021350282,84.72793639970526,3.478575226663702
0.5421201012423185,0.6108365192664963,0.619613799589474,0.6883631723924005,0.2567934005052264,0.5090150525264869,0.50653534601506,0.017276894676168945,0.7186856720009173,0.4759252216516881,95.44768915789899,3.864333390423464,88.0055945921941,2.509546912332164
0.490900337929586,0.6857567720270484,0.472446096857673,0.6521286476484628,0.33036611856508996,0.4707893540982788,0.5288282487335318,0.0016974936172425778,2.0728132143073976,0.46133671682252086,105.68407333006066,3.2845776044930424,79.96312649367322,2.544807085094991
0.7081152566860599,0.7315832805386461,0.42333894159552216,0.3991300013880938,0.3285774175060711,0.6075439526842709,0.5102312134892556,0.02877007250416956,0.027591154849888944,0.6419142483261471,113.0078042220078,2.973824424372337,57.63584917497983,2.7850369638038917
0.708072588073771,0.5402223266349717,0.41301945664639617,0.6801348135963314,0.3799310458905156,0.5264603976604529,0.5161376367015387,0.08987890373571324,2.3844339106249453,0.6984907352308691,85.81865658919993,2.783816229795671,84.74577018340683,2.61075054163274
0.4304857849104157,0.6588854261991588,0.6048032620720556,0.6800367484798825,0.33107031447864976,0.6017064019191418,0.5087167820193721,0.1530247148961373,0.2915294813123056,0.4472767520974294,102.36037710477423,3.795422250794153,85.51961705348364,2.823586930303719
0.694476921519335,0.6010380531495622,0.5488973290409711,0.6791163155865434,0.3821498462249519,0.5801389136103657,0.5337836045715674,0.0542228919687768,1.1267488579198321,0.6105322211587483,92.43346960527997,3.736559416796932,83.63346923081964,2.3742002796306103
0.6730210580947875,0.4897626570121779,0.4499766330685466,0.6419895928308366,0.20018680336060962,0.5081170633815708,0.5614883682712851,0.10921656562359652,0.9688694188237379,0.6016790669818319,77.24319905216812,3.4203698323019776,79.03381373452662,1.9665130843629781
0.3959714529818208,0.5765496146298745,0.3532864534500682,0.5821342306665281,0.40560513832452755,0.6053711689764603,0.49475717630535226,0.08807852190439276,0.043180465889267605,0.35965540354925657,94.46095740912705,2.7625438390704313,72.16958206019594,2.6395429492786797
0.5931308720621595,0.630487536636525,0.3400564790746381,0.5135539624340782,0.5039068909255031,0.577689575807158,0.5222222228314857,0.10308699656397047,1.9298646553270595,0.5629209205000515,102.53432187842603,2.3098648354686904,66.18736567767743,3.696029616572888
0.8228070983997142,0.5838958727991547,0.5410178499927107,0.601911376790918,0.3959231322728146,0.6223224687576843,0.510777160289293,0.10682265173153992,2.97151542600202,0.6546155303618181,89.30428198331795,3.5712487043273113,78.53412608249454,3.445473594115871
0.7307539358286216,0.5260238973904476,0.566555921511804,0.4912303843517884,0.22033078966544664,0.6256555860380819,0.5342424440353888,0.18083742483743281,1.3453365659349594,0.6665599611393049,81.63131087166326,3.5899418850014735,66.35156402569687,2.339152756516114
0.7422276381147934,0.6372058796560177,0.42627730022807464,0.451196365955807,0.2551743314453593,0.4973821509865578,0.4772214082899986,0.12735546344410276,2.1187266814694885,0.6784127406441025,98.25405969069183,2.9985410124794885,62.35182298763511,1.6647488767351548
0.8392601189034846,0.5217528857350117,0.44050693601843194,0.4423137472241695,0.39042789155842866,0.6135223102454668,0.5239192007029074,0.034932429068295474,2.978894388357901,0.7509132243135418,83.2407561999993,3.047932723321066,58.70353254317653,3.1015389451657787
0.6745905431287007,0.6940888601507544,0.4730756548643399,0.605565961870083,0.2800598757292578,0.49356928649485193,0.48260179748827664,0.12931878213214834,2.0541935176616377,0.6119313249988445,110.12575767196488,3.5054268649941833,76.34765691782421,2.378216043908717
0.7591045750720806,0.7527285828171998,0.3923203396179733,0.696487022502129,0.3461824086379043,0.530791327185756,0.5394208671719003,0.15225981782818956,2.834297189647284,0.666657414490603,114.48187065144948,3.0861716845593663,84.478331616469,2.6881981976831333
0.801951159955588,0.6786350073009683,0.4688806105590545,0.5953946699692213,0.35838953963541587,0.6514615571583675,0.5391650756452555,0.06384419258202258,0.4020456853519222,0.7362322831810049,106.76455135909579,3.2576729874409027,74.80879641936554,2.2726857670474088
0.6257504907503143,0.7300423620069055,0.4916785872597346,0.5385937822309826,0.49147019823857124,0.4791203310131089,0.5140052157748536,0.06874638064226175,0.9862548308625246,0.5626939724128188,109.59699167995707,3.592327446064681,69.97851253760179,3.1753870552946495
0.4967933986118512,0.6126765639050972,0.4913336521424948,0.4027471579205716,0.2343705374558796,0.45655999688673404,0.45976273359239156,0.05080982267894546,1.5102518125645705,0.44437623351508526,95.85898711019746,3.5595860588505817,56.71145751641453,2.427258966659551
0.7243095862219352,0.5351846581123438,0.4207958151748339,0.5729459478053179,0.3803986803152874,0.4743646824256961,0.5229057617221732,0.05730624536286849,1.342237100470364,0.6318321425320744,81.71295949521298,3.144671803047614,71.51135276801638,2.4753172886971346
0.38780678634104504,0.5687868711222184,0.34029309419639725,0.6219419781907685,0.4192718891924995,0.5573553899571625,0.5122687870839912,0.05077780907861017,0.8513277173961734,0.40211738715069295,87.01086337708678,2.318709954928315,80.29618675710549,3.1046667254473617
0.5092993658519407,0.5162834200984734,0.33568455337277864,0.43939843179501703,0.45812624340129066,0.41599155869908416,0.5624593472147059,0.024610900704870695,2.596521377681941,0.4548922277066776,81.12613615264961,2.8295010120290445,59.33566187270063,2.997364643566888
0.8590856049010597,0.6023870165238172,0.5195567398921896,0.5075899971123503,0.3431107280664765,0.5659896805018902,0.47742130415502027,0.07752586859228784,1.5977682976547576,0.7328119417706364,93.51926203806389,3.4773899636816714,67.35540187162924,3.047452371780915
0.6834701962595566,0.5824891833707018,0.5582061618936618,0.6525804080241262,0.25615779823261103,0.4730601350609305,0.5705306962745831,0.009075535439458436,0.4909678285971135,0.6144260125614647,92.33738995665485,3.7068339133042563,82.36339459644671,2.9034092307566866
0.5560696514820254,0.7231021986211225,0.41821221216138477,0.4458067640967249,0.39267777531800485,0.6302359830277923,0.524720601892429,0.09554810830488666,0.3506941221250922,0.49981155258923765,112.37218115589643,2.9160997180579833,58.23799830430463,3.116202311490856
0.6650040324939791,0.7137252452843165,0.40159303151225056,0.5047421681935322,0.47107038062946327,0.5441558490201734,0.4816014687495014,0.05366471565920346,1.923442898655892,0.6112099494207871,110.74840414625172,3.383324320072866,63.974060103081406,2.981955492153891
0.4851308566322588,0.616924162157908,0.44221235792934843,0.6363077022983654,0.24107632751697372,0.646305368616695,0.5345115830534108,0.06821216839429425,1.272392013907158,0.4436211858629618,96.56957358726652,3.1930162568355,81.55599378805312,2.9669889681061146
0.5900302700837146,0.5351103390496129,0.2897335948731209,0.5170946812879486,0.42954193744426555,0.5446717098047066,0.4952857715214387,0.011182343286059517,0.5291609595186699,0.5175531160650858,79.52167418106266,2.437809001062042,66.41854588125697,3.3565715966653533
0.6409209142142118,0.7506009655403262,0.32861660690942857,0.6957715623927901,0.3371071788446986,0.6029778253492851,0.49239651112703053,0.03170389057146036,0.10964900354428464,0.6398345365620794,112.86992626644563,2.9207994883552004,81.21616914910817,2.06202289774781
0.6270253475349465,0.5446069067660474,0.5787382132726425,0.5286572724363408,0.29608947100723376,0.46478359106327805,0.5106713330882412,0.0,2.015678230796185,0.5297708235295208,85.1959264146871,3.9915659786087963,65.7080443502136,2.694346884087885
0.46102590490417744,0.6951158415352134,0.581993904223697,0.4413535013386211,0.254548735636936,0.6638280809006494,0.5123910247027085,0.04062775304399312,1.7708848275444233,0.4415112710019634,104.49016912424634,4.159308468424403,54.2091297731666,1.7467028533094813
0.8159055434337923,0.7103379023433949,0.539337411771463,0.5706688421094315,0.2908114513182361,0.4521022672194184,0.5010778613014368,0.0,1.6625340075473802,0.7192803444063189,111.50561760272657,3.7912065553399232,73.28563210066521,2.7488645517748345
0.6501574293638765,0.7388089142728864,0.43330343654395737,0.3666953618428276,0.24292474890088706,0.5746015891512034,0.46669413284315187,0.03738212652140129,2.1571377155527367,0.5873449522671517,109.92610056238672,3.582780114072815,49.72738252573652,2.243219986588751
0.5003039062968199,0.5199471210519484,0.28504414438555153,0.5151187296388055,0.45101610512632073,0.4749165590013155,0.5079873466869117,0.07210131311062704,2.457306953022599,0.43823168423195635,84.05741242538382,2.619731611853104,67.90668018470299,2.7840131096644667
0.5360512958402639,0.630950332464416,0.5782177211171938,0.6100082492074138,0.3986080831846269,0.5605438254044974,0.5118543556201429,0.0077688498727898235,2.0922608017405198,0.4922402286177237,97.90650179308665,4.116902493092998,76.94007586539753,2.8534053612019186
0.7907423116191858,0.48114871023158395,0.34619073260353056,0.40223626300422,0.44298856804339176,0.4713226760926709,0.49675692961244433,0.06516817592322825,1.8475895645469138,0.6910848154572052,77.5253874109726,2.944049738030723,53.21141203026345,3.637747072272633
0.6343405793397122,0.7522981065692265,0.49684561765669083,0.5861027104767844,0.26562593396871814,0.49135205999760984,0.4620680024097681,0.07779917577103299,0.6547616635951925,0.5525007718773713,113.67056523365679,3.9461726393646916,73.14350432535295,2.6782605441586815
0.6631320011131832,0.5473167799112751,0.3439529907120896,0.6239559611434965,0.4873684911297375,0.6192891916251538,0.5096052891590439,0.11127546449877318,0.673321715509982,0.5692090213598786,87.03019522928112,2.4166161305610014,81.73016612844474,3.9756057575773442
0.4339183763270025,0.5440547378438269,0.5774944060164799,0.5869294042608512,0.19112508827427252,0.47680395074348836,0.5138212319972438,0.03286191880147071,2.0497762909787878,0.29271043619879944,84.42721681384874,4.128597645672967,75.24850457072738,2.3527878825075264
0.631943060955452,0.5715575222960563,0.5036466368050728,0.66328687059108,0.46540413878512443,0.6096647088294284,0.5633239407938533,0.016384298422015123,2.2305247688748233,0.5305476791459837,90.75539973919368,3.439565421559892,83.01904541088844,3.7105562527078115
0.4192286961900961,0.7155086833138697,0.5046101434865534,0.5349906456759002,0.4392852294792418,0.5502257205885775,0.5715890791522591,0.11097433086523031,0.30752918397203777,0.39064933184879214,110.98824036069662,3.4857762385601485,68.03963937773493,3.087538963705597
0.6654694924666795,0.5768681268843222,0.5640170957930485,0.6993887360889803,0.19685996719138132,0.45180394216581954,0.4932237144340354,0.06847443545220071,2.9913735004731334,0.5701808076724558,87.86550996297262,3.380324287641226,87.8127898698945,1.8336835686511233
0.7345940653902068,0.5945257582433966,0.5808108131060118,0.6601456034756108,0.30137299945941953,0.5380457795386989,0.5668362061323949,0.030361847515036348,0.6393141120752499,0.6399014387261701,92.77480094861481,4.094154616586584,81.93006472571193,2.6585155404805447
0.48290798438290716,0.7313101028138951,0.5678857700408679,0.6094198217320386,0.21622276910555516,0.6591536049128881,0.5235346559462685,0.02509578711115335,1.290917684698388,0.4136044019993765,112.30309849265663,3.5532738297807303,77.29238922034581,1.8767983482853117
0.5083549312899268,0.6337200820040775,0.3000254643984918,0.5302184566131316,0.40047659488510434,0.600151900516573,0.534106029680572,0.004319432369934765,0.7261350475875824,0.5287447334870051,98.6756053016812,2.6051050777252494,71.8872804082952,2.739487374033267
0.55853532370749,0.5047205378554919,0.32517718450031374,0.5900399092246478,0.27251126940653514,0.489006727698779,0.5134823945419595,0.040977524206543735,2.612907371238257,0.5075660308267451,82.45126173982433,2.7529202828379624,77.00349544534993,2.2019857835645054
0.4383423481974131,0.7233273519106,0.4437223578959858,0.6631269970101413,0.2038574696717737,0.5973537366775714,0.5854097513194758,0.10594768860837515,0.6853642239938962,0.3668390619428913,112.39438404353749,3.1181606462411042,83.36715961187633,2.3466011790082684
0.7250114128132247,0.6483899997338134,0.3932796139746694,0.6650587318929079,0.4576120401751436,0.514674742674101,0.5100091545105648,0.1475116996987728,1.8946806602775617,0.5923948832367821,99.52347455971481,3.0455587765608287,84.14452088078534,3.3662623306228903
0.4873334015437278,0.6172396645321389,0.3710347143565026,0.5756932363764095,0.28465864985781536,0.5346007741742631,0.5640047250596918,0.02386318845171025,2.320419377059802,0.39318976172028536,95.86876109349983,2.436142067246516,73.83460378589744,2.345518116515009
0.5365951610919543,0.6375184968286498,0.36069905329717944,0.4279430082797636,0.3668392810226818,0.6260872022388628,0.5667537597148041,0.024338565911922204,0.17126056826794456,0.4627476854396006,100.70784864328493,2.813884443647357,58.53901106520515,2.809981431080834
0.5304949765154019,0.5372716352911404,0.5987758887600794,0.6694261861924333,0.2944035794611194,0.6421279084525764,0.47100622962882494,0.11390022818892362,2.9097361383218114,0.48269305579016936,83.91660186606947,4.20849691288246,83.30895872196382,2.6361826787226983
0.7588086842377287,0.7355358021570743,0.5254223174040062,0.6516930787914196,0.48063457936959353,0.5663721400427589,0.5394901421351332,0.0436470943997862,1.973535913809108,0.6659457969804684,112.84673560880441,3.692864069080727,82.3289530979567,3.529749123118553
0.6664453772018658,0.6081460930062452,0.4190483510219718,0.6400845465398124,0.4651392252250978,0.46881381257501925,0.49255378518853193,0.07144526669171816,1.1656743038110373,0.5365744897270116,94.53338104971994,2.836612690380627,79.20735219337264,3.3766042638310947
0.6866934418856572,0.6098906719412849,0.5453402482645251,0.5466396500378001,0.30197564038293073,0.5549468175488301,0.4808707807930228,0.1047852254293518,2.1543692286794833,0.6166188135333588,96.9025512513534,3.7829395261165004,70.33876371206176,2.491100263544797
0.42334239187461287,0.5364166726411137,0.42835007543066256,0.4725015419720359,0.4026657061281018,0.5800035299791597,0.5180640758911893,0.0,0.543448048604041,0.35959792519027733,86.20040877424098,3.511075677319407,62.41973505184052,3.0614713927401627
0.4967086916889373,0.7686800128706024,0.4635650793106782,0.422462986521378,0.3832678542167974,0.6081589356677073,0.5028669831201137,0.11463554289292305,2.7000693701940337,0.4383398327703091,115.12747533110176,3.1792443569942095,55.034113986213185,3.1848165841673195
0.8065679042651284,0.5073199488333519,0.5316117099856734,0.4256478434417167,0.4139799706542949,0.47821366777893587,0.5061463897757664,0.11447254315309141,0.6958412883479262,0.7390391315136084,77.65417095914538,3.7209352487393366,56.81709518374847,3.194262397585411
0.5664973651404019,0.6265775828006457,0.6194577808403235,0.4445719938161573,0.36283310810816083,0.4828165476552275,0.49062376891302484,0.0,2.4010695234670845,0.5042016552420907,98.1884334156719,3.786109774960892,59.56467978420622,3.0642242290234813
0.6163789388108746,0.6427023767739454,0.6121417663818877,0.6581260098220691,0.3414903580609852,0.6279073112602944,0.4724573581922821,0.09296242436869795,0.29002934894015886,0.5906071018102225,99.36477196260962,4.323510726838218,79.9647741009748,2.5472790599098865
0.44044432547438955,0.749580810659061,0.5682115519072579,0.54130380836903,0.4310879812228237,0.48561741765129546,0.5412600480416896,0.0,1.0804092224145574,0.3756630773259146,111.26890274606195,3.9426560249187985,67.33668570824555,2.509572728228374
0.6869939244721889,0.624866208271431,0.5899505668080512,0.688458010051644,0.22613817524049692,0.6489209190337497,0.5521327884326447,0.05769375313033599,0.24275784915375653,0.5639577553184891,96.77523704454921,3.7424376507689967,88.35651813685827,2.145851620880686
0.773526198336271,0.5824287209026158,0.5234401345830488,0.401937215506074,0.24519133338689342,0.5336620378645363,0.5113546198520251,0.0,0.31699405278523174,0.677619038093022,89.120631440684,3.7371864189144848,57.27459537035553,2.591585222443662
0.4546378488086328,0.7474634401683928,0.3060611877503831,0.428196858700745,0.29703153855748116,0.4498997898909336,0.4849735764427961,0.1118330804289291,1.581124391734955,0.38239109384695846,114.22696064891095,2.5046044425807543,59.080393333646214,2.333025324547623
0.5629375515545001,0.7244573440862394,0.31855334734443835,0.5170149033273324,0.2776401000481105,0.6042348772286095,0.47269150247723046,0.0,1.6438784669210789,0.49942187132893145,113.8171711754025,2.5610608221167976,66.8170302869867,2.1082201125185938
0.4908862535486302,0.6017464255671817,0.3952700779422084,0.589977492979277,0.4904719357728373,0.5151041775006707,0.4960600903630417,0.11400721358097199,1.9780617666173481,0.4510053128456842,95.84349808641373,2.848251702757205,75.23431461267097,3.094972637077845
0.7330989038624061,0.6234758229733637,0.3272384615668067,0.5988471617545718,0.3149369008832376,0.5335459535350795,0.516119986591203,0.03176727082224851,2.293117986665208,0.6152435427876295,99.27871058788254,2.4848332901201413,73.02956645951922,3.025084600002834
0.4981828592333889,0.6751460281639596,0.48150411661779224,0.6913184720828558,0.46872663129799474,0.6356000673862865,0.5197491544726114,0.05792431390833158,2.784250920978149,0.4307029997500413,101.95784859600063,3.0599746320787027,82.1492649024718,3.517465928350152
0.5112657068291627,0.5345847549058391,0.4904519823763899,0.4918545601851443,0.45927227120336034,0.6505365607950784,0.4959648576879963,0.14407176054012671,1.9684855130432144,0.48104603646795985,85.20390880422488,3.19289352229078,64.90337752387114,3.100954287879253
0.7686129754409385,0.6803370340733725,0.5658486651388146,0.5740168253369847,0.3254920359689458,0.6371355603101942,0.5120928308787314,0.0787954210955176,0.027994859481279888,0.6897440158236041,103.3937585652878,4.08683982045446,72.29622686489724,2.7056590297898513
0.7018719240078548,0.6437035315806818,0.5129330676154271,0.5372708229299868,0.22254025147516657,0.4947771337658631,0.4886625531209161,0.09895238307368825,1.2378655225458712,0.6552134120049713,97.06718179215527,3.8171821587625723,67.99607423051366,2.880161043076309
0.6915754671138215,0.6266123992406044,0.5008166119501101,0.6606255068711833,0.2808053600599696,0.49165982826171883,0.5064166061143858,0.09316682864961888,2.3658448940172194,0.5200534878036538,99.32760917294354,3.417723902022509,80.89672084716682,2.151048619011725
0.49657052080740444,0.653353280240184,0.437909577312083,0.5838609656769137,0.32820472636281606,0.6419332845669444,0.4823966089308247,0.0,0.07859012559619438,0.4120223008429221,101.75123172744817,2.835860013447845,74.87104165283007,2.5967428559244796
0.5373428204326542,0.706584487529373,0.35198820429945443,0.5727006572504215,0.24415771922399682,0.5417231494341307,0.5285830889213119,0.03939840887292338,1.830675448432924,0.4917335402198779,107.77495261102774,2.8306376026870055,73.2400823203498,1.9278760147349727
0.4932913427952619,0.7097580165171166,0.5093628749308525,0.5244003920909228,0.2185155702714546,0.6333203764226725,0.4861561643522106,0.05704304649495247,1.6805045503855258,0.4472530059736718,106.24103059862323,3.4410038391850035,69.27257248924516,1.7162910244064982
0.46248078852880997,0.7912971523810569,0.4663897853184722,0.4390687517356494,0.2802543140155671,0.5532530368919993,0.5107265389932746,0.10922157485599779,1.6306146520279383,0.41750519727190233,119.12356749403124,3.0786808254672198,58.18159479605697,2.266757504361671
0.6254946794990289,0.6485281647167549,0.4552261967888372,0.6289762724100909,0.43470582361715543,0.4760920821939008,0.4929063334924655,0.084590165202092,2.6334902344561226,0.5532455561399123,100.21032052251459,2.9634928222048544,80.95360951940432,3.1501779589819363
0.6229468742507319,0.6640870786538429,0.5728204061070818,0.6779801495735567,0.2245145687704094,0.6125839198858816,0.5441944503058208,0.07013044335961746,2.7452702052211295,0.511784061061009,103.20763344629982,4.0606167232609645,85.89053819274832,2.3727150455998562
0.7992093509036597,0.5582959739542771,0.557882571603701,0.5922971922309004,0.36132561829986787,0.470523236275196,0.5201892369034716,0.1503701131856818,2.0037599964108814,0.6880166760380618,86.03664929730503,3.875074277460035,74.77840261538995,3.1023470902032986
0.4736595224329299,0.6265116112903827,0.4996986501697407,0.6693819627383626,0.48187657733448064,0.5198857261518459,0.5096737725624267,0.07978913814536004,1.4826373417508996,0.4139767461805705,99.69700265847916,3.6076566857611065,81.95225410819842,3.2397974537526784
0.5483594620299267,0.6278595667387502,0.5114197693773112,0.503652019954952,0.5182341283679038,0.5842771205987916,0.48695595457751334,0.0949077446125812,2.51112337572882,0.5044155099532365,99.64293393833952,3.287902910837206,65.65448135413754,4.172849341557004
0.5579634567274568,0.7082412276756795,0.5758335564234931,0.6128446866755848,0.2835400131403996,0.5750957619705133,0.45367169176229716,0.08414471727773948,1.6399446605633654,0.5039588698099179,109.02687974670684,3.841660958106491,75.52778475142819,2.3511417945634063
0.7946874439248933,0.5769740582927665,0.5478116214078997,0.4231752217511556,0.2739212508713792,0.6313410575896025,0.5049334663524123,0.0,1.7950724528932764,0.6768619318346483,88.66900332269459,3.52549752272366,58.449889576574265,2.8827902661314737
0.8162222176740734,0.4956809404432129,0.46016629104933965,0.6501333221451054,0.3849966629991409,0.6286959705625821,0.5545941864847495,0.11831479886208773,0.9508397633733578,0.7471994557139012,78.69130551234286,3.477992082767042,81.97468448348728,3.556544035358108
0.6618273103501205,0.6276359130332214,0.4693665381353641,0.4261356822388609,0.347612199165648,0.6696877899853559,0.5276614972576551,0.09300500366640355,1.085559279615416,0.5739311487585836,96.64548964284043,3.339425331267138,56.016320597240174,2.5303347018660833
0.8327858183653136,0.5076673336558784,0.46534736886096206,0.5415835846371426,0.22334133140958767,0.5528591268037091,0.5234337548722138,0.05594246040694607,0.2612783003873145,0.6896420443839688,81.61074956519052,3.347445672032689,65.2497558682501,2.1111392553181183
0.7375393709670492,0.7402219727057127,0.4053148872310626,0.5431754389029144,0.410580226748473,0.5900059965163477,0.5360067893751733,0.1260770956756851,2.0597697404778206,0.621588310818932,113.0940148829881,2.848335991072256,65.44566747666198,2.837155137969639
0.4848892201749753,0.5079331671358865,0.33429248604515654,0.5972056293376329,0.42712448910656786,0.4173465662172017,0.5286612041935679,0.14623356102239068,2.1719191663982813,0.43966190626854457,79.62107498557106,2.3320429532285325,74.40148036984266,3.939055407624357
0.4099695590172129,0.49156301925912155,0.533405033479416,0.6051070646517175,0.3458913535063835,0.5657163103704121,0.5133372304033971,0.07752429481516203,2.5726870129838515,0.39263640579504683,78.55020521333591,3.8291868220290364,78.14875455279335,2.2048971755604634
0.5987405204046471,0.6876925891678419,0.40730076790553216,0.41848905760951943,0.44774102546290867,0.4464864192693135,0.4969541986766334,0.03502311151086049,1.228886684685696,0.5623014871832006,103.9101501069648,2.710725802812758,58.57877123024461,3.8061214821796447
0.4540069150372344,0.6215072759197173,0.5796911168606868,0.4932991043351232,0.19976940211380442,0.5651670943544719,0.5359060771288879,0.01555216261173885,2.665211016926044,0.4200750047816199,99.3572679039337,3.9723840227430527,64.0482971888551,2.1331620883121056
0.5840595158594655,0.4977570352545135,0.4975697384257469,0.6551040367358312,0.3108643649623082,0.47145657465921825,0.45880623408082954,0.12766182335298124,1.6731264787501319,0.5460902632485988,76.03653684183041,3.453476094836076,79.84511497855982,2.4927356973651102
0.6274837318969867,0.7542993324649249,0.4888025077776497,0.5772398543536356,0.18632121813587105,0.5146187817649819,0.5523005192473754,0.14173591760177295,2.6099074789430547,0.6050604865254879,116.21800762409768,3.36568282540389,74.03463786139012,1.8286484080301322
0.521603049789308,0.7217950123636164,0.4501276985402152,0.533516906685798,0.2985308132936718,0.5128027218053842,0.5701082138003103,0.1244422012125361,2.942218030750288,0.5031011276310948,110.37750607973932,3.3335781984472534,71.67069902812833,2.842395872230875
0.7978014927442322,0.512909311896894,0.4732010779049354,0.6271190261387959,0.41198379910106436,0.5803072762303662,0.49016852519315807,0.10277858289841768,2.8723440571142884,0.667722409141413,83.71355375631734,3.4686224735441353,80.43328444896353,3.2147724816398093
0.7416418556010452,0.6803538922819774,0.5092522190234027,0.5930743524037545,0.2101765876019297,0.5310280490448741,0.5046765004398532,0.005680921382157429,2.4247056300276664,0.644219208097141,106.46675980419032,3.453607303984847,74.79929114112326,2.4873893048385973
0.7182505973065147,0.5093292154058028,0.37439570235531844,0.4871736806522301,0.4661703109951879,0.5254527154892937,0.5260178153409384,0.035482271604370126,1.810479288130136,0.6252946395381569,84.02740734848969,2.6102144319527696,57.550080560103666,3.3860064184020477
0.6506608771786336,0.6744361551826316,0.38944695653780004,0.6523765337856569,0.34263778058898947,0.6063745939874782,0.46233183334114136,0.019512577138094372,1.8886730906752098,0.5517430007762599,104.45181968831264,3.1382540585772953,79.69568025924815,2.4556539208325416
0.46836333005051295,0.6046321756444453,0.384240435330898,0.6334878502963023,0.4918823764640923,0.5241526586570185,0.5467692525098958,0.10535165543725034,1.9991562407346195,0.4001985444573791,94.82581977214521,2.9606653181356095,78.44835974172456,3.3645900255123466
0.7430585420203492,0.5928081558705693,0.5303895532297617,0.5376476958726378,0.23457353206015627,0.43214105133590514,0.5584321704352249,0.12115036054909649,0.6359821640959742,0.6333291179241058,97.20075400613452,3.5973438140036045,69.87149736995617,2.4641500597138397
0.564930729419463,0.5596420634186634,0.4108894492100588,0.6244097762851745,0.24453643160251984,0.6104733437962734,0.45581572137720444,0.0,2.5064406772265833,0.5055151357171898,87.89268904793283,2.8555773711285917,73.56040807377858,2.1653738292325486
0.6373745074587867,0.6163241743952618,0.6294079315429412,0.497885495006435,0.4346125495696181,0.6761541665564212,0.4840346125395929,0.04368212022769553,0.05265709009988673,0.5893252094411536,94.80092537495338,3.714727591050867,65.2785517581326,3.4696634986554913
0.8113585844195212,0.7251696046915217,0.4509380554478622,0.5114850122717176,0.26487812904340496,0.5327503848192467,0.5110155053506781,0.019418484078296962,0.22681512185025232,0.7006356588369533,109.00341512646787,3.1314179956314154,65.51295858924107,2.2290761161901544
0.6879515231741029,0.565000572509589,0.5173745932789486,0.6338012248190492,0.2907418509847396,0.5033655290750029,0.5195004787873081,0.02172901057262151,0.441909132836911,0.5676888150548483,88.78843720268426,3.5944453493965334,80.88727998599455,2.454850177760654
0.6733027626515667,0.5358903713341864,0.4255467289329134,0.5526991391085304,0.24806426187619132,0.548065562703414,0.5043602801484716,0.14505327524661088,0.778625349528271,0.598597526019009,89.0732712333598,2.855098843746005,71.17631763715914,2.041726656041974
0.8525041919027332,0.7153517775359045,0.583644098988277,0.7046342279655495,0.42549526577028457,0.5687997565062789,0.5251632653661873,0.04791062372776586,1.6952559373582687,0.7318128068190005,113.27375911892747,4.0419181710326795,87.0948100308427,3.3160638987037876
0.4745462376796822,0.5898089337818558,0.342901853188365,0.5282156244252375,0.38899860569684425,0.4585406802692568,0.5130401770666417,0.12210596290618085,2.262794920041068,0.38153917613926724,88.84017082673859,2.9160120039092097,66.73445903525611,3.182180708233052
0.6814075079003501,0.5352031034590136,0.32695246378600346,0.4123305005458715,0.21508372285145755,0.5027074753757744,0.5157271892996492,0.1266810498974524,1.5500951556788034,0.5709727291236913,86.84419894061585,2.79061709640885,54.775204853851136,2.498733884575055
0.6062428798332189,0.6325655241113783,0.32933057109235625,0.4921447789337929,0.23022509015637857,0.46402434978353846,0.5228516708373074,0.11206044231086548,2.0808541724213856,0.5637261334764355,99.91960558649386,2.8851543579573757,60.57875051470418,2.2470209985575864
0.6051574194545677,0.462491237335101,0.5772931808137732,0.4707188434501423,0.2934724700302376,0.6360961841982324,0.4883381006876252,0.08292753224983376,2.450338399516908,0.5203180335161545,72.47785143951788,4.178412279076454,58.338867677620016,2.2878345695481195
0.6495951621470972,0.6869363001784183,0.4637441601512709,0.6538972449009273,0.4301859462912348,0.6024676150177022,0.4964988012283809,0.07703095672714814,1.3851484314393572,0.5995421037901704,106.63122354336137,3.418269418574633,83.26054544321092,3.2774057146405107
0.5126130322958001,0.5971359726935603,0.42184727721983095,0.5873730407648666,0.43630171151207275,0.4811095486221884,0.5207845118021093,0.03266741985695824,2.516991983154032,0.45828175609489175,94.5086265163832,3.2640626784230276,72.60816033112518,3.239470784374622
0.8615587637548118,0.5493016440804848,0.5595908692890474,0.4586494245128874,0.34670126591961203,0.4540001791782885,0.5207570846774083,0.0879176152564598,1.8746222988209968,0.7624098546731082,89.32611814204066,3.8502044526920085,59.71288241792521,2.7765228698007354
0.6269369606526922,0.5662037619046912,0.510742704427907,0.5039893950871179,0.20643286910165737,0.5551929710190441,0.5193363150422405,0.052821740906244065,2.8333457480829103,0.5931672908537318,91.56177449978063,3.3166210514205154,66.48076979073264,2.4882661167011375
0.43572218498358395,0.559321681711958,0.5607415912444346,0.3936844649758456,0.4927524379976679,0.5029326604385485,0.5170515937115555,0.041244146297770096,0.7928287894759178,0.34874045310567453,88.1381595000934,3.5137789122824667,51.46157152109239,3.1625749783638897
0.6972917929426224,0.5271635802787771,0.32100739865073424,0.43133394761956384,0.40968502758535186,0.5284355422530326,0.5048559758398365,0.11177462737280013,0.9387221826409446,0.6275014771805832,80.72985400914122,2.562054922223656,58.000321136802604,3.54772026736415
0.7205448256090229,0.6029135179709524,0.37081363901582076,0.5328808837665443,0.46189018714544117,0.4704202997315666,0.5295683461917837,0.10507299778290291,1.3032099570198294,0.6132656819610814,97.90706032434417,3.1303590108172012,66.03237182410862,3.5163632773007643
0.7285073865039986,0.514795223364339,0.36054078139901896,0.4568575889670121,0.2528581716669943,0.5653302786991486,0.535258552449372,0.13249819948345481,2.798131524398284,0.5907933223932759,82.4848808306763,3.08610798959142,61.61701379274255,2.3105918644542944
0.46504516761645076,0.5958548729290971,0.4768289303389459,0.49686295462538427,0.39454608175211353,0.6503050677206881,0.48237479466040023,0.07351179551698842,1.947966973730645,0.3609702088086244,92.32056793825645,3.55606222909069,63.880663709213245,2.9591070433808966
0.5216630025026673,0.6228557924993003,0.5831743955116337,0.515378668393315,0.38256735001159886,0.47224536137437506,0.4957885241545546,0.1114763959807886,2.4423770567734855,0.44649966288013243,97.85976987181576,3.7143091978106826,64.45750523834116,2.9427184770144263
0.6078041049862914,0.610200892644601,0.5274517921220552,0.4694279851442453,0.3244227935321645,0.6595216972925395,0.4724139555030482,0.03743293416020963,2.513725124555411,0.5616531966197169,96.26831395114782,3.75862907925341,65.75016549552606,2.2828474370630483
0.45240825606212404,0.6841829685436394,0.3711215471626809,0.48330162378178876,0.21944590830777522,0.529353587768394,0.48948917350258037,0.0606185040149204,0.7360569424986332,0.40754400020374887,104.59976253001346,2.7082104997300536,61.766201024549375,2.1309947560413445
0.6594960167097669,0.6307777911396704,0.4623158468398942,0.6106527387382997,0.2976440560725331,0.635082970130256,0.5324616503917597,0.08413106350011729,0.4285258944429956,0.5539134525605839,96.31725996997339,3.4418064825642025,78.88870349452631,2.4178341093754416
0.4382466115871868,0.5097224814910368,0.5369134294499083,0.5529036495065625,0.3665998872613481,0.4687604929231127,0.5555310178852649,0.12584867288745527,2.5299785033636493,0.3380228135020508,80.98740821504435,3.6367845788527355,73.67971271884163,2.9331177953753023
0.7911997253052223,0.6128857457701362,0.5270973871769488,0.6650181647054512,0.3813422121567226,0.6474439483990484,0.47399253010833103,0.05042475358398018,2.991547061708851,0.7233451281529767,92.05089899573531,3.759429225077971,81.88127333994838,2.5498110630565045
0.5639045349078919,0.6037074462987905,0.5426092629402419,0.4218692340618698,0.2611211367696805,0.49326540677538167,0.5416853046995238,0.04022968418652059,2.299545148597754,0.5430215346737515,95.34833845204024,3.8632724842623793,57.653758577044634,1.9623272544308903
0.7031666701099203,0.6407056528263536,0.3690691860063472,0.674242907750299,0.43197454456249895,0.5851136130153545,0.5267282979932899,0.09301072987719114,2.149191335874297,0.5760197240173491,98.00352353845135,2.714928152313124,81.98745377784812,2.9244441503741836
0.5137236400220232,0.6236300701690342,0.3608214368935618,0.5052528921020993,0.4687160377083508,0.5163248634771893,0.5304313284170362,0.09439958213851078,0.9735354005260263,0.4364568851103981,96.08907416599281,2.601444017348264,66.98019078337167,2.8858012729099753
0.7102435211665322,0.7179875018120634,0.37150765109923645,0.4075269975608403,0.3583985675142911,0.44957707219165904,0.5288444442876568,0.0,2.6937575608729976,0.6531347731882731,109.8593546809947,3.0039123963538414,55.49808578986067,2.8868396247262886
0.49790806363637125,0.5262367905207208,0.6228957593586153,0.6257743735253011,0.4554602449289151,0.4659403422837107,0.5058657533792316,0.0729757309684213,0.9383339676310621,0.412287350416062,85.0569129626111,4.381459446361765,80.09468084458047,3.598724615210823
0.7214773037901321,0.748787275387564,0.6322992580166615,0.6623944857857588,0.3069262712036165,0.5098479248125634,0.5482229453077245,0.0218696900823582,2.9868933284966506,0.631416921992852,116.08123458792102,4.338542586681107,81.67868152512936,2.5716956648047575
0.6284342550019982,0.6167030672262744,0.5825351890175688,0.5817297339226251,0.3829070867582071,0.49859395541544715,0.5003958188564204,0.11324073722361894,1.3655159752009691,0.5813253558410658,97.28581568514288,4.017291745888323,76.65200509222308,3.168490861309237
0.7712602494409456,0.7206248132062559,0.48180509927534343,0.41301274732506144,0.4871682168392779,0.5318568482333308,0.5058973679860581,0.0,1.8205408666204175,0.6625380435718407,108.62624317900078,3.533567741156771,56.69046137420038,3.1945463562983916
0.5347068756333551,0.6177479047400463,0.5505679592283638,0.41041238604528374,0.4994642802222399,0.6437620484534092,0.47263156001818685,0.02806508569023629,0.6880973311130171,0.4258685655548786,96.02288615624336,3.4123971429258164,54.21973109230219,3.313513007347917
0.5557604193127188,0.5504960152681263,0.3949930515121108,0.5946101724640023,0.3094348489400446,0.5845697923615522,0.5164365010821597,0.12529909081971993,1.5165262811695919,0.4627177957028652,87.76904218667349,2.774154338192152,75.2161904768621,2.0143003446602874
0.39930720754959304,0.6977192654274685,0.29337640715660646,0.5710626945428994,0.39487574431394223,0.6360744085297139,0.5264483487420475,0.15115410623818434,2.6685579331312894,0.33391496087031375,106.68192856266285,2.80742133345262,72.66740806341859,1.9769520055963825
0.7478252202134064,0.5848884977186584,0.419558564802967,0.526365750187948,0.2658246647925309,0.6455279721194447,0.495449857681203,0.04877829278159919,1.6579868033302447,0.6680818780046376,94.83825853284873,2.864236913761248,68.33378364819954,1.9999325656728013
0.4651986540076669,0.5314084813078718,0.5553209144325263,0.6871611312306902,0.36437777188930637,0.5896254569496073,0.5080408126903259,0.10987015865619573,2.3877791614305073,0.43775889548006786,82.44151298235948,3.6401263733054523,84.23406600260189,2.7136944858266747
0.5292396896359797,0.5060870437849452,0.49570301967034663,0.622243696681731,0.2816881126835843,0.4853379017981256,0.4822574996514267,0.030595217926300215,2.725303655638126,0.45140496513696693,76.37572366324238,3.05437506782472,77.23307627927606,2.545746539233987
0.6580532607270122,0.721869369049488,0.5542679144602252,0.4439057899334946,0.19715177601588169,0.5299160800541934,0.5234846485799654,0.09292599388495026,0.1507290294689464,0.5781326971859734,110.03742020223206,4.011267188138309,58.392328069692596,1.5198192640687596
0.41629652073205936,0.6861331451461852,0.36644506037231456,0.47647352830784584,0.3078849126184577,0.606654212567342,0.48766047925907036,0.11646615907487554,1.1619675539259422,0.386453298594938,106.25477539954382,3.0913996582341756,60.97442333864558,2.762926156955473
0.5653957709495752,0.5702910067974818,0.45999387430986827,0.677370354489727,0.49077527180566116,0.5161609529697421,0.519538296111236,0.1141709842377726,2.9703265382605974,0.4696670321487886,87.28199995994176,3.2782507774068526,82.91204208711797,3.2078232953144985
0.7505297406864846,0.7245024514162667,0.5554952737819608,0.39663452014658207,0.49639075136654615,0.5063622367447179,0.5131648298670267,0.11578202502699768,1.7336733380822649,0.6749039980124205,109.53251015662767,4.1269490084929155,55.494180344644796,3.4109871706670467
0.7976000818116741,0.6846424878732683,0.37144445089215317,0.4927771820351966,0.3335735685026395,0.5418424227919698,0.5301042271496267,0.03258062862622685,0.4932165872366362,0.6917653686055453,103.8326202999239,2.8017590431475696,65.63581482539298,2.923521507955603
0.8442288398755516,0.7434336273706551,0.5857137264084328,0.529189960056184,0.24146369498057052,0.5448095480701014,0.5466974118727479,0.03518258463643075,2.216600031399098,0.70499984421249,114.2247815544592,3.8861268380619336,66.30705868613578,2.230562630458511
0.4427491302402978,0.7462238217141042,0.544302576427399,0.5132687497008195,0.21769486711096797,0.5355531212161003,0.46752784125860347,0.09970862536326958,1.077626240948071,0.4170861941983426,115.33811227144238,3.288650908567427,65.80236359090702,2.434543364152798
0.5373086076783196,0.5508992909739246,0.42761222066969634,0.6411612261619135,0.41649485113139567,0.5988805440261008,0.4565034317931668,0.1466046551214102,0.09797718235348762,0.5385621221518447,82.14924602952347,3.006411420881712,81.43475230291942,2.7877860453805745
0.8714872151170706,0.5270943244508232,0.43063355402076486,0.6634044842965932,0.39420427528606256,0.5475269470068674,0.5162905507342332,0.10032699864717885,1.1203738353981159,0.7332332660951142,83.21561481771627,2.939310399020059,79.40060180994556,3.318225269947383
0.4572806102265181,0.5912739454751043,0.5411983451204627,0.3885773705712853,0.4579539603946654,0.5616929859352813,0.4996770110012294,0.1507886586018886,2.802912342502471,0.40814657133112187,93.22888060100969,3.844536276625685,50.20484976974798,3.8005241994122088
0.7783761485034557,0.6141333260601131,0.5134770044607492,0.65535946172571,0.3574463731661231,0.5491003968828142,0.5571477836258519,0.06313778493974963,1.542286327653779,0.6928892149376158,92.44947382986173,3.522253681660132,81.91832461088562,3.2395219335047205
0.5417697000431534,0.6947066837465914,0.37029162635156615,0.6985683815229168,0.3911242212331901,0.5964791458265163,0.4725499578468805,0.0011196048173473597,0.48067680292951886,0.5212553030900241,106.65721623024115,2.6095627446740695,87.62047942622522,3.0310631888481043
0.42104802930300367,0.49965320774784977,0.475862223755649,0.4770309653136784,0.19963908452807214,0.6135364765775106,0.5329744024165268,0.0037843451770826833,1.7218495982070312,0.3760754453595485,79.78840343106026,3.342827491670337,62.535558118254656,1.7951941816659565
0.43820795953668423,0.653975739593359,0.4617722267747364,0.46218163026341874,0.48996154308689566,0.5123400230375231,0.5112270719994689,0.11303818897443314,0.678237213031688,0.4202175860428011,101.3352728059556,3.1295326884106407,62.523946719880314,3.3390455553002445
0.4511334020397369,0.4973227784568294,0.40911727096376577,0.5048620710548786,0.36402552308858144,0.587365081232009,0.5297723063870856,0.036832791986112556,1.0832241790231116,0.46184950882180154,77.89504612961385,3.359145581058123,63.81582773643628,2.9776847325442257
0.4941665188800621,0.7152712039898657,0.3811985895846612,0.5386173028880584,0.4249013935648391,0.577108548455199,0.514589244831456,0.1387212221549603,0.811931825945297,0.41108306045186793,111.92387629879873,3.2719169882665233,68.42853013242743,3.338203615698244
0.5841736285290904,0.6422047233083957,0.4219775258916271,0.4646527793858412,0.4988908130461463,0.5720947055514158,0.5478351236827147,0.023469020496871176,2.5966871495166104,0.503745726783851,101.69810829246968,3.2902123046700082,64.4886900439348,3.981433020876592
0.67725793113527,0.6256249457389937,0.35256452719922976,0.6200788942485191,0.3977980793172267,0.5152005126411657,0.4896585146751559,0.10439931612248751,2.786578649536697,0.5283603560577064,96.75167331192735,2.3576610613738733,76.06697352996822,3.5624161227280506
0.6357484895081883,0.6485509942428368,0.6220346791201086,0.589106401528284,0.22474431410974216,0.502235439320365,0.5228560676484181,0.10161645893997454,0.8800602643230295,0.6156455692599608,101.28677794178623,4.132428749211198,75.10657370185962,2.478391779230205
0.8488800698863825,0.5870089525176755,0.467359730798644,0.6013390569082063,0.34206165031835495,0.5033423961063398,0.5138845722646366,0.10178978688759438,9.215653614724761e-05,0.7374057450867556,90.34870515134712,3.607887214214319,78.48769367829591,2.750597200766112
0.8431023958986491,0.5765836886610957,0.4930266475579312,0.4848415348565595,0.2664320026247175,0.4569475121272063,0.4917525400692184,0.08527560303067938,2.620855586211646,0.7076235292880664,92.75100718543221,3.3015901426436294,60.0673633428469,2.69394681849495
0.5646948104884723,0.5149639301275585,0.48008023682010165,0.6287411312685532,0.4782523931035196,0.5648924096512137,0.5218537100889005,0.0,1.851317833285969,0.4496124992044162,81.37202468447022,3.4836903917207986,79.05371474152938,3.0965708914044034
0.6464376118204592,0.5159624131707718,0.35525484579776995,0.5156902773416079,0.43074952796803345,0.5000730114323955,0.5182705377572295,0.12626525076916317,1.7493906572987505,0.5430854517110781,84.96704710045536,2.672442764430112,71.05394525540157,3.3333693446381094
0.6320043162114423,0.5821717899685942,0.5268468809760514,0.6351064430475236,0.2952843416911262,0.5561257595895223,0.5218622871469802,0.04199236682625633,2.9079654368525367,0.5262390255867198,90.31642777946578,3.60110812281673,80.01886279466589,1.8378014801311875
0.4315662052328015,0.5864560808742282,0.3302772575323749,0.5353814569161273,0.4377637343845429,0.44670334603572887,0.5404111697190177,0.15340214911178798,0.4542969431098899,0.46859044676371636,91.01928664686662,2.2920386850662635,71.87271920115997,2.938806604284084
0.5690523311415133,0.5238573730522624,0.33109842791525557,0.5856272808783488,0.37819441873879656,0.5227935284217419,0.5133642696760142,0.08079167738095025,0.8889774056994002,0.5293594448396323,83.19208650012799,2.640359018711112,78.36408525019799,2.4751757109742836
0.46032648727938097,0.5263896288972378,0.4649548715543419,0.6437109780137171,0.2943123161442292,0.44178649676827497,0.5610503565603729,0.1510254848997971,2.016752061882584,0.45963606746942975,83.52778775673637,3.2067924981985585,82.49677403770372,2.4190782109207527
0.668382554169816,0.5978708525942544,0.5589296351533544,0.5090964994673346,0.1855204187310859,0.6206143339390134,0.5288841585771585,0.14535095779603507,1.8943763777490619,0.5910945425460016,94.63500998609587,4.063893327007322,67.04511621344237,1.8982275197225582
0.6166203286260432,0.6665192273583804,0.49949029074078877,0.5681049053555232,0.2561815962916351,0.5430662984567158,0.481092011411768,0.04704273143721176,0.15345061686119288,0.5518821056722754,98.31570465443036,3.0221648824363707,71.8141569092638,2.221577268046491
0.6313457590336972,0.5180408183394997,0.4551143655290369,0.6743492757626028,0.215985369145656,0.5116749990173826,0.4951189024387599,0.1321357671526954,0.23156259067940388,0.5797056137580099,82.34291545251173,3.2593961280720922,84.28293731488128,1.7617453258092994
0.5170145549238699,0.5382595539998528,0.3988549022087515,0.403297731413335,0.3788599154905154,0.583332167519352,0.5112888028236002,0.11944686119215617,0.9460912297983525,0.4217967126247083,84.22408038276426,3.118424022099642,56.44312758505236,2.4730991885382476
0.8679961634535591,0.500233905681323,0.5084840941132807,0.7078086838840565,0.4422209590579082,0.46438556571979717,0.514432758797365,0.015185317903970185,2.192611037328481,0.7767339829464471,83.45682736342101,3.1928931686007513,88.72849535636,3.353734000047528
0.7930847871665071,0.5276720102308771,0.3805447146197197,0.5779649149265432,0.5069268750967433,0.5126322441812501,0.5166726555587893,0.04919556040923456,1.2551686001350006,0.7187488272202612,80.40899338361407,2.6666668523340245,74.10323412307609,4.305606486126317
0.6294648890586018,0.576620287027962,0.4566859020701065,0.49064555769931756,0.47444618536768113,0.5917621343606067,0.538152835640116,0.0753902510531797,1.5411235656459144,0.5093447928800191,87.04668469490316,3.276973388140638,65.25209721707448,3.40915438733526
0.4606598001980398,0.6551836763861245,0.476747883836847,0.618755697512674,0.2776124708849191,0.5730852507324293,0.567887237687137,0.12818130163251254,1.7163688911666188,0.40136201804962857,100.14568908989528,3.2578689992468983,76.5646954922163,2.5448309306871932
0.6279000726660336,0.5921230023909817,0.3303367681408829,0.421765909749315,0.2868678064035587,0.5568009759858932,0.559557219166182,0.13776584504476666,1.6937719168003906,0.5823026291131643,95.41568681431104,2.88097201478456,54.44749239637058,2.7364790329597413
0.7903558636492256,0.5641805924096874,0.34144132123477366,0.6254801119281078,0.2875558434785783,0.5282358451675963,0.5199417937589482,0.04925860723264921,2.345672738990669,0.7050882422070714,91.09410716179507,2.688144661963998,79.6366713186215,2.55236915465012
0.7117600196341498,0.6442092220555564,0.3644384221977056,0.554045181030928,0.2849495131969648,0.5143991729645409,0.5220715660857658,0.1632165436730229,2.6909858680932333,0.5986253699763787,99.51104652923783,2.896204334042319,70.69750455320256,2.5620892489625597
0.5521978004392963,0.5126798425713163,0.3943667153523315,0.6509072813769226,0.2794402570177994,0.5965288168692862,0.5234637568665101,0.09968238210506342,1.937175130053161,0.4603675941503258,81.83338337663432,3.169805604878857,80.36942560003025,2.35853152985354
0.7048542651570668,0.7042936458798156,0.3309806998973336,0.6284227939037821,0.2987188136562582,0.6205340868422087,0.5755671856103475,0.06428740312310927,1.646728894920215,0.6038593186718583,109.80729979307185,2.484796443737259,84.09688716277381,2.5730266615746844
0.6149804627828938,0.6849037898805397,0.3410814317836029,0.6278537956377074,0.3161231625966011,0.4846826712119851,0.5099989549564972,0.09845230764297085,0.8116777694639742,0.5718801092432125,104.4272013356333,2.500890088863596,78.45799476639921,2.5877843420788955
0.833817048148713,0.5649186696777885,0.4310972386453922,0.532504005439637,0.37328437408587384,0.48197084906644333,0.5104399960143808,0.09025751492431287,0.5871379202989472,0.7055956703672096,90.08236093590558,3.369440484223731,66.17604554162946,2.1715787115387064
0.5171777197785877,0.6132383672612066,0.47876002990760136,0.676628624200873,0.2753229134222503,0.44187268939291774,0.5536264826065885,0.038763703050117115,0.36109072862995817,0.4682247600281461,95.27658701596833,3.3698118948127123,85.9099629068505,2.386784802348889
0.536137407447573,0.6228178474572865,0.34933031637419715,0.40854731157833196,0.4316446856321156,0.556337560115039,0.5035147264263409,0.12496827430498929,2.9665216239109893,0.5240363544429562,97.83866326555409,2.7444331810812654,53.314175529096254,3.4052074028638897
0.6480459636534521,0.5751410559788986,0.27367161576119203,0.6353180395471663,0.279923390331689,0.4809165234327371,0.4894808285945426,0.01718828549857672,1.2521843469874439,0.5960371147229236,89.91702159616544,2.3651745098055117,81.71700498977047,2.182936286562279
0.8227915555489828,0.4939301762389596,0.3749503114221482,0.4415901422982615,0.39624464076391647,0.4844692311716281,0.5087677173208542,0.007620128681106542,2.5618286464255586,0.7148437993173927,79.1659850428438,2.80962934668104,58.24624524103798,3.044851209741835
0.5108389004438462,0.5690748414540748,0.47312869375078875,0.43290868365784735,0.3220098378242049,0.5982201586814611,0.5284555144291847,0.0,1.1320895303899523,0.443565995498458,89.4812302182719,3.338812340335491,58.44417352440378,2.777240477255171
0.4608566750664041,0.7171745574289831,0.3914670990789866,0.5806925179994257,0.4747996783981673,0.6391092914758562,0.553815110849516,0.0,1.9069359658578398,0.3854458487918361,108.46418951929834,2.8778239422965886,76.35148449496081,3.4879286828031053
0.5663931879007632,0.5526270635365226,0.413635754107224,0.6423019902449529,0.29900280703365184,0.5544811094110085,0.529506872102553,0.11860213801211851,0.07604581279181544,0.4698159652095231,89.66191165079402,3.0967406490246363,79.49771791063647,2.313763754173503
0.40859211529236383,0.5260673694412565,0.5679671241660066,0.3805882423209639,0.2913944273208045,0.6484664284940385,0.5021246088832251,0.16357695253460874,0.5863740011051997,0.44930021160105305,81.45469508383378,3.5444506353236527,50.38596384038796,2.8145419369280944
0.8407902830383629,0.7504129440043419,0.3100752077561845,0.43469620850798174,0.42030924145137005,0.5341671367598113,0.5357909170004632,0.0,2.728645419036415,0.7680323147813621,115.85386822053161,2.442150964273954,59.950323112630066,3.4468850290443074
0.559084271967065,0.7016767387511209,0.5339163539899422,0.6348760500010769,0.2372529905666283,0.5192884949010813,0.5712271883897546,0.030838030504096184,2.248108309934871,0.5119045809258775,105.40420904130855,3.7132885784319,81.8553090773104,1.9327825212550929
0.599487386448809,0.6727204714021708,0.4372386834208181,0.5509765840778574,0.25208860604882766,0.5940706317251535,0.5280249141307864,0.0756251903631221,2.1937517680421252,0.47377646916131805,105.90935322577238,3.0719185666206354,71.00055134384924,2.5628442315321163
0.6577984785555238,0.6217005494933995,0.4002561955543087,0.6628343089788684,0.45137853106368614,0.462199954094556,0.5244306724142836,0.05695148090299458,0.6352375861572586,0.5918553745763919,96.85218851584875,2.9533805933671933,85.14544153873544,3.3128175062416445
0.711890404944055,0.6781327550465045,0.5452604140924611,0.4197144124045059,0.4104840473255217,0.5423977381568198,0.49650571993829457,0.0638933346545641,1.8515826813509002,0.6218218181974586,105.18673115794962,3.4714034939625007,56.92768597372011,3.3872941537830457
0.701272078534153,0.5812871319291251,0.46291814198898024,0.44882863670144285,0.23562743609465117,0.5220433863201519,0.5380219791855827,0.09474143228590139,2.7679354188107164,0.6051773629565825,87.25003237756488,3.320282226181533,55.21552639744632,2.0820478391122634
0.8148261778901871,0.6797603600464532,0.49332071955256684,0.4785247766871017,0.32984106153581366,0.4686973499937753,0.5243218119605658,0.06353870243008243,2.3062413940875386,0.7054073020542079,103.81806928582701,3.702112542716751,62.212568179604055,2.4929462081338114
0.38635012330749924,0.645961223454057,0.4366059814923485,0.4891335614964117,0.213527642754004,0.6089298357535154,0.5493824692400109,0.028207822115658573,1.4460520193307975,0.42353458412046263,98.81580964140248,3.3743705447388743,64.83858479610203,2.001184234884383
0.4427735027244281,0.6519826966239294,0.4485144634893171,0.631011759866246,0.34895623373482226,0.45389812606620955,0.5748588364315133,0.0,2.0493428571691394,0.40794349990868156,102.6971461085175,3.2867340190242036,77.39084878106335,2.5944073272040677
0.8244588461801498,0.667176644543002,0.3555687129662856,0.5081814676485177,0.3128373760983976,0.4835444258454246,0.528201760750197,0.09063364089300123,1.4056709837734038,0.7021907142716068,102.62803635941795,2.7167197426177654,67.16728349088505,2.354726978108673
0.5842034843503189,0.509601248269334,0.43533775959545873,0.42731898220064735,0.35738644048525403,0.6311196037926708,0.49269943582248765,0.06285849241459239,2.814543517574167,0.4900227283874922,78.906744100357,3.380226080524565,58.54558893801334,2.9817416077275283
0.4449316208713725,0.5771976371065909,0.5730970639347003,0.6170763978149849,0.3204963918762656,0.6103819101981476,0.5110461604364718,0.03737906963921475,2.2271098112693455,0.4694477013414875,90.32227169927216,3.487483285436913,76.96881432489295,2.2905400000732627
0.5823843317964548,0.7083773948561068,0.37920984420841536,0.5458008384276429,0.41305203101190674,0.39905718971726434,0.5227843603756938,0.05720748306976358,2.937095522375002,0.5179052425897138,103.74635001152814,2.9472935882584723,71.0049720109008,3.466667775848189
0.7963395810907266,0.5670753334423272,0.5797128713929952,0.5938336766859308,0.3642247405523671,0.5284366578014555,0.5442284564876315,0.04641430098033696,1.4082205259677743,0.6904412998366757,88.52499891474903,4.057328050393739,74.72695227696617,2.747208682007471
0.5309805069342479,0.5870353489870851,0.359051111563931,0.4994116064977298,0.469853520119493,0.6270042496031215,0.4927818281553847,0.04729159919762373,0.11808563945918849,0.47184948118440007,89.96906551636192,2.5334998954042693,68.80405377056734,3.301292793746833
0.6597241952286189,0.637110740721756,0.5630712489178928,0.5142885431269613,0.49226813529035424,0.516957737022806,0.5396955368710437,0.0,0.8370248710433899,0.5959171265239703,99.41657433599372,3.690093189352863,67.55986758191678,2.604952677580454
0.5048412216290266,0.5706433317637816,0.5867738280643973,0.5798574946271349,0.46646936633809044,0.5020216705146219,0.5333349806246117,0.1673820041885745,0.8625335981512771,0.5135229971106391,94.45106505988464,3.6986651138714346,73.11352456822719,4.085808710751495
0.5014564617902033,0.6389525402294721,0.6357243586706641,0.6091350130763885,0.23893906104412174,0.5098798999362592,0.49652034923928146,0.0797345933063861,1.0262083039726662,0.49215233913113465,98.27357099661488,4.31835955605673,77.0552731734829,1.7317598368377476
0.45929287275139835,0.7535704388403066,0.4925000808478368,0.5789076189507464,0.4002617165017795,0.5368258381824967,0.49999362924005225,0.1559356063214195,2.8744143594134886,0.3949234673448644,113.00733340977406,3.0849940236375586,72.48700304739546,3.586564123219276
0.5284856726166816,0.6526492984527238,0.3702684153283843,0.5271741204724776,0.2811136510071544,0.618562348440781,0.4778844889500833,0.16308171261473656,2.1479540806251722,0.43947576561577195,99.81271630462793,2.891989267559128,67.0738867532973,2.4612748291613933
0.6517785211438786,0.72407070967576,0.3063251352641573,0.4893782950484939,0.22880322359356098,0.55164330101848,0.5104915311980038,0.022202846789403485,0.6406285634710241,0.620916327502327,109.93293831508662,2.4145723161428787,61.350903951032386,2.232110750126726
0.8282552693525612,0.6772908201719677,0.43392114809755655,0.6353520809292839,0.31001574486744155,0.5795189582886074,0.5257302644589558,0.0,2.080132615556557,0.6851199699846088,103.29567634578228,3.376866318902279,78.69765903185352,2.820238647536685
0.6194855528402787,0.7687751634533719,0.38922672659549173,0.7066113614165538,0.2553508143632606,0.5360708106885149,0.5304249375351046,0.09727230910202597,1.707914953236606,0.5553162061532789,122.18500902463663,2.552947834148063,87.56152841074909,2.2819907113921
0.5183823507278844,0.5425339649123685,0.5761638269193448,0.6482513313727285,0.4391213440228214,0.6033889407181087,0.530763069584033,0.1623282732512782,1.3750904382789186,0.49417125018530816,84.90349321976082,3.887300537264751,79.96267525898746,3.262587970890185
0.603680555460784,0.4971869552324535,0.49748529878958675,0.44006396159687944,0.2452301993935344,0.5645306174296296,0.5052452896773878,0.1314518752735459,1.8781641269424039,0.5207571709025415,78.37251197829895,3.602607381334401,58.10817280363456,2.5628120672769867
0.7270536440628507,0.5100717893472072,0.510670923465553,0.5087061223165881,0.20410210199844334,0.604604480593317,0.5584372846279405,0.17294792158665906,0.3850497798440844,0.6712747674008847,81.15970165184268,3.722731038104748,65.72722498972028,1.9050276434691924
0.764416829811647,0.5507423963750563,0.44360133891487374,0.591203145415456,0.2785550885824092,0.645385359097739,0.4613827116838576,0.09567476994144532,1.9866964749887792,0.6317947524001082,88.94513197793152,3.0657207436892517,74.28328147692561,2.2961801329742704
0.6711331251796647,0.7149013360064316,0.4571373311246864,0.4430063794699558,0.2839826406172254,0.5404773401425692,0.4619010165064481,0.011031787327110179,1.027185369887579,0.6222749521208318,108.3296605352535,3.305664046505275,59.6921909012311,2.8689263253199213
0.4741307866171109,0.5045399161151936,0.4782542514888367,0.633982207823217,0.3199150998981956,0.47066949288197696,0.4968040425023689,0.11508521995087097,2.2250523869754693,0.3975826935613718,81.89554993682216,3.217420786401,79.05211252824057,2.714500146604424
0.7702748612097494,0.7177551398309291,0.34101057000449564,0.6811997755472736,0.45930331323600204,0.6034098354901286,0.5090274575602699,0.10005679708784618,0.10027071730651127,0.6637914427804843,108.09667369679799,2.762213507381425,83.24166739334778,3.462533261102338
0.5232014005996583,0.5526941229728088,0.3433496186690392,0.7059790320919286,0.21925396042101924,0.4948622856839236,0.5571775248641027,0.057204995484540874,1.34391496914657,0.4754355255147,87.28768604668126,2.510605507091972,85.57046470984086,2.356822762240948
0.4744313367722654,0.7387655816618873,0.3251564188967713,0.5959847123964283,0.4934962100953222,0.5668055827369766,0.48944796199805995,0.04112426878175781,0.42415066264902057,0.41891970675174134,114.12386491115647,2.4462160811987306,74.58290761770962,3.7897809519076837
0.7345755603916886,0.6789713201621512,0.5080725573721527,0.5686384656154191,0.47152700700872513,0.6699885991472694,0.5271741195772407,0.13566939835913,0.3210874026331143,0.6414732307786348,105.22992525785189,3.8450678493065715,69.81733596390798,2.8409320279826895
0.5010010986653426,0.693176134502879,0.518935089945645,0.4733019608427391,0.46890776949369,0.5574562101084655,0.5478155378369032,0.03321529633715556,0.43828969662396067,0.40801720786943885,105.96936731484342,3.725756215698272,59.92283256691264,3.8602510313209963
0.6633339991694105,0.713605172215022,0.5860783532029635,0.5819899053212588,0.48975335376848933,0.6261958267346576,0.4793701535514767,0.0,0.8151527966945391,0.567203085300645,112.2353789457074,3.8795710752077066,72.69307624077874,3.457190401056844
0.5893569846653391,0.5348609418923456,0.3135447817390979,0.4506240123124199,0.351756465825053,0.6541108420988407,0.5220155913354221,0.053376194634801144,0.21208982455309855,0.4801214885947146,85.97210529199309,2.1334096277434,59.55241495114269,2.8062090967222204
0.7947212226808502,0.6425516936846534,0.6005763404243883,0.5594653069293596,0.3105495806704149,0.583811012923696,0.47733197565161495,0.1444108664648486,2.554744200051712,0.6778083234912642,102.03026828286033,3.8901451696556126,72.37172892045609,2.201383051338893
0.6785857277823779,0.5349608722813157,0.42107465510412656,0.6330997255700918,0.3650757393328497,0.5049506879056519,0.5117780566783463,0.07434654632030548,2.007804875252505,0.5810121321723809,83.5360608129983,2.5225220775572446,80.68741618418416,2.459282489681056
0.5612916575001332,0.625034883242792,0.5047270545043723,0.5680560113460648,0.3444883070651412,0.47167628931860994,0.5513808673242931,0.07728633764765129,1.894633136028481,0.46678438716833204,97.75397725803859,3.363709307688454,71.99073356306123,2.4493093221556594
0.7922356076710421,0.5486480318123099,0.5548073515140585,0.6242990751588138,0.17281952026231068,0.6222182650018407,0.5401576819755048,0.0,2.152684147945607,0.705736519201587,88.19626251742112,3.995203370829235,80.39577131873513,1.939492595782984
0.4119005373132117,0.7312300518933281,0.4347678053061379,0.48622876667996295,0.2586550342648553,0.4647631138492265,0.4559473801487978,0.0,2.040752064991122,0.3706974756364004,112.91388029673385,3.260533592859164,62.468039828244564,2.148079036440013
0.6826193756110519,0.602937136291227,0.5307689450480224,0.5176459562321513,0.4433157194880656,0.5565770454778817,0.5050169092163704,0.11150309857474903,2.8567802350869713,0.6191728696756409,99.18794306651266,3.8906960542793465,68.38670897550766,3.2501183449013444
0.659016210022808,0.6669889802449134,0.3223612932561393,0.6694816593321562,0.35372173960773684,0.4652395751769143,0.5193862097367524,0.15150516401162586,1.555096390005962,0.5830135514061958,102.07625144025974,2.7654732647387594,82.39418596603002,1.8387075412037028
0.7416370814100006,0.573095098804276,0.3673967307060773,0.5370888912904325,0.23126626368472258,0.5990132088459443,0.4886852278924706,0.13155914515957945,0.7070476037276548,0.605366646632435,91.57720304822763,2.9138240679315657,67.090920998348,2.231195775303036
0.6023300850545888,0.6728974056247565,0.3589524768039938,0.6813799795412883,0.35506279795599094,0.5415487029166395,0.47387400632043364,0.057188331539764915,2.540355005609236,0.5216901599158342,106.53920677387234,2.7744974007739898,80.7667313380434,2.3237233714774517
0.7656527485383537,0.6069553177570222,0.3654635328810062,0.6670942900655946,0.3277899539428889,0.5103801713966518,0.5153609868264492,0.06773886638377333,2.896553754704299,0.6012040979911052,92.18284747647296,2.685735476270216,82.85487841184239,2.1601815791422103
0.7550290706365396,0.48668134188026524,0.412172428619118,0.5922271386640536,0.25439133673796327,0.6331760959823837,0.4858829949259932,0.15903781451870336,0.3799113765551231,0.6531591756689992,75.47838280520688,3.196905234276155,74.7472857660106,1.7596053058479528
0.7227287861614468,0.657158413991719,0.33700017271553057,0.40218623934118625,0.319816177503059,0.46355845070353907,0.5039586963263629,0.07697957916517165,2.799578751147055,0.6017261302828634,104.33491905017917,2.7911959959704706,49.88406368806763,2.440240798463192
0.4546999258193395,0.5498887994517878,0.5004383972470048,0.6791366698964563,0.3612013252757533,0.4637200236210203,0.47957047063980934,0.13372284994877676,0.4643581045383359,0.38236382026090354,85.32659905523789,3.2291638508636638,83.28397352995778,2.0339493532693247
0.8378142667369404,0.5032967820927978,0.5539501404853383,0.6054677929000606,0.27399489215487594,0.5069113214700118,0.46104135042435834,0.029132388766365414,0.891642341535288,0.7386674037737757,82.44911392205258,4.044533579468982,74.89668368685845,2.5125841439819827
0.5010547332216604,0.5281299130838174,0.5259756510788282,0.5915975928813754,0.20686510310504147,0.42650038428214865,0.5096729925027453,0.03327180983592365,2.31852025027951,0.43788380523220405,84.69395436690091,3.354555395729604,72.17463567045388,2.148611366233231
0.709353795141697,0.5313570133920988,0.4829717331369347,0.4630531012189214,0.4361817462782803,0.5523903011330499,0.5163992930661645,0.11444239595135206,2.6819191723875138,0.6284603162508026,87.71744753918078,3.475907290990944,62.11062453369338,3.6051649178907286
0.48811077834304906,0.5391762183287692,0.42910062380503194,0.38527933049258645,0.36299968893860163,0.6005916118745047,0.5311940389838019,0.12222277660832738,0.46983844467794966,0.4521637169811427,85.48608782138874,3.087383423556533,51.19249509320854,2.3972038173580317
0.8434352316922893,0.5605171134097626,0.5198051727517322,0.4971753930319607,0.25041407671862076,0.6459521493309472,0.5372599340827493,0.052302337777536796,1.296348710405788,0.7306921348879079,88.36935002031747,3.6996439374834105,64.05179660302342,1.9431268290305503
0.8442813914105336,0.7124690391965207,0.4094930076356492,0.48521925808108396,0.42033810509692476,0.5489929051284259,0.4653195794508652,0.036062674487007645,1.5778397307043783,0.710104154723134,112.02739191873438,3.456070198548044,63.9546115202533,2.823750420012289
0.800833332387589,0.7180422185339371,0.32820592998176956,0.6457251238545532,0.32035904404916304,0.4487456847425264,0.43559869477273294,0.011887954255743544,1.5261179526488,0.7441402924067907,112.14198297355534,2.4714165303027458,80.18224425995544,2.465770987730659
0.5876984028277292,0.6447034004986487,0.48906456582330937,0.44648159597687204,0.2832422722874608,0.5976439225326767,0.46940615221647897,0.08582184665736164,2.762312548908226,0.521442209325913,101.24683649837242,3.5786640412882686,58.98774392023008,2.273957044313859
0.6133605760198586,0.5106300564497908,0.44112760517569255,0.5073107834241619,0.4238198848394019,0.592972156736468,0.540080327417591,0.03605199227600216,1.5901570176371425,0.5677333568101689,85.85839769304292,3.068294957277804,69.0519561622801,3.2340498811246796
0.5090552433039364,0.606072137197343,0.5247545215985427,0.4628290642020375,0.3407644966152524,0.6431209894485479,0.4877311684782231,0.0619990523295987,1.5362657300959919,0.4854436191859337,94.07101361846172,3.3696967137510327,60.03332911753612,2.13320158851233
0.7869395044352356,0.6966123706208777,0.43964745673804695,0.4087272003071249,0.21455515528233238,0.6240647254445969,0.5391471419696345,0.13909132878628408,1.686434261482755,0.6821132618522373,105.53855285573479,3.2254221971339043,55.128925606563634,1.751999428285138
0.5227162990223039,0.6263163722201466,0.5759354287655004,0.5649742882411989,0.4648679461499531,0.4827073638096425,0.5130856140639091,0.050039898974536104,0.7956855675080238,0.4775663922750598,97.94395594339659,4.040950228759043,70.94614967016155,3.341620398551338
0.41831018045177604,0.7476308187648463,0.5709838368079042,0.5949059359288061,0.2512312005944623,0.5605699720585756,0.49386858036112624,0.1062870667838972,1.1508271210654752,0.38427574777565304,118.01504251938351,3.7370287040517773,72.2747970041214,2.5012071064016057
0.57836412335691,0.4877174021502282,0.35352753398282205,0.4362264947531954,0.35410596967858093,0.646365210982495,0.5330749307928601,0.12018562311635982,2.5365324325216814,0.5139097212944941,81.14560853748253,2.8841738325171478,57.08355638985603,2.637129128083233
0.48414744044394276,0.6896369601212781,0.5736450856896608,0.5823473448303903,0.4429482223720505,0.5175448689557722,0.5447418947788916,0.14431448722904558,0.2583483315191214,0.3846742900914826,106.823879375793,4.451860139460322,73.68991629997653,2.8756874930148477
0.6013705784890064,0.5151283425199412,0.5106732967615195,0.4439640994726534,0.40663889071997245,0.5543133216062585,0.5182114900672644,0.06403727280020513,1.1593876929838056,0.5777104778238356,78.1278070199623,3.6453773520968866,59.28906164622246,2.7969518621335356
0.6281275192967377,0.7255157715581806,0.41065572950513457,0.536649739251621,0.31927520007842913,0.5355171061221317,0.5114636777716025,0.022903338376231167,1.744766513549266,0.5478355313785104,116.33563508161038,3.2187258690571574,71.35115125045499,2.444586140695789
0.649965902410426,0.5783111596177639,0.5453763222156683,0.4271194868068397,0.21366761056692476,0.5371016359339101,0.503631292611191,0.06765172469211166,1.4552187274280861,0.6095952257631256,91.30231244903017,3.8156294693323027,56.03659124439588,2.2277849592786207
0.7514839445728914,0.6109757160557543,0.44001303704494943,0.6053420135382934,0.37082391847813795,0.49870977132784133,0.5293962230775454,0.068183020998479,1.2317960917147999,0.6664954449933869,97.17534678408441,3.2848430817135443,74.65605622348437,2.6925474904017026
0.4771756051375117,0.5700726496261036,0.35273339845978235,0.4980426273598171,0.31324023824250646,0.6071351435208732,0.4900718504458707,0.028796777936236174,1.0368811111084768,0.41358848046656715,91.27817171728161,2.8358720213274626,66.72089433713296,2.6744970159736567
0.6051874408279233,0.6741524256979299,0.3852738150340726,0.6204360777461408,0.18022821288821816,0.6215704451722253,0.5146338403942979,0.10073589092623575,1.0665893914560227,0.5708814027658655,103.17102712649819,3.108452775107477,81.39543698518571,2.0381474676602105
0.5628294233671041,0.6671308358538734,0.6192505072903266,0.6822270923350686,0.24485361982999854,0.5951395016840221,0.5235623348506669,0.06227082788447981,0.6922037706211613,0.5294789264114779,101.9046205015581,4.477712103736944,82.17279713178743,2.1462154942113143
0.42723681428439814,0.73678231409282,0.39451026013991974,0.6603474216456737,0.3599239059175959,0.6422583230551433,0.521023540838647,0.039376052992469324,1.6736375507336567,0.3708701769065477,112.0720022983026,2.921561906618881,83.15055759241267,3.157612831366117
0.8295328842342423,0.5204124360293952,0.36745571204986793,0.6583495165020741,0.5012277176760216,0.5095416172705101,0.4946296057536015,0.043008302209793306,1.2894937725390077,0.7436177514853571,81.0614022778111,2.8894431937848464,82.36878147982064,3.4585675606762423
0.6071155491957297,0.6485127988544207,0.5441739665588117,0.6897749287883718,0.3722641025446972,0.5985954616726821,0.4700888112090787,0.0575383861909737,1.5804514981512403,0.5269135207466776,100.41131015079246,3.4213804990729084,88.6017001169854,2.7702326908540855
0.6959880598882711,0.5628228323906921,0.5299687104457005,0.46810044814639096,0.2675290465664978,0.5911329411962737,0.5377799183562454,0.04280696024621517,2.0282791024937303,0.6273892936690016,88.49289196145003,3.654803279154224,59.72247129012637,2.217650624483816
0.6580017847165568,0.5327463898839884,0.4086626562983526,0.6015453724844568,0.2530277906996066,0.6193362043835874,0.5475652376938134,0.14491019585302,0.9100928466425113,0.5520274722627841,82.20896410392332,2.96384863098149,77.23872077056302,2.292467035374807
0.6305437707587052,0.5705931226524691,0.5300943416972895,0.45165713671827795,0.4481929025157542,0.47577094084896693,0.5161922365472522,0.13869486231128964,0.6206156262668634,0.525042158174645,89.09061648678347,3.0362415109066423,61.238229765943856,3.189740520729279
0.7551815490955619,0.6725433231097837,0.35143960351762954,0.38505193679660715,0.2315711400031151,0.5045673198254358,0.5210053560338885,0.048458271549121794,0.5182719548432619,0.625523605653312,105.66739691285835,2.712820363329694,49.65616690886432,2.688306487933511
0.8604696514837168,0.5326888789306634,0.44767217062777803,0.6115935844101354,0.2930814966137988,0.45853265686174394,0.5067495389116334,0.10956728677387899,1.4938457777467917,0.767092735419434,83.41066960754081,3.3162293319828375,78.92779313046054,2.4911946994741587
0.7317396272181526,0.5423853643313965,0.3001774242406513,0.573435097246726,0.17631850520264036,0.6262734246255408,0.48479428809637864,0.10621636410435148,1.1991586529232827,0.6533296328013803,86.2022838383872,2.586555531335401,71.65493630897245,1.7662554623200744
0.8072941258870042,0.5935322943566277,0.3471544420257825,0.5269017227654669,0.3956099209314844,0.6074516220715241,0.5486938382662784,0.12648167833841745,2.527603525055405,0.67692681668622,89.57841082705347,2.4919350445758734,67.75071354520529,2.7420076075885063
0.4218306527481511,0.7681119588996685,0.5906509621121132,0.49528067855841884,0.2582462271530687,0.6025441500672466,0.5308553803135649,0.0666704464324047,2.417717527600324,0.36402634720768906,115.8229772093912,3.8309280632216542,66.7181393097345,2.295144148078429
0.5042144664161998,0.6740194371179746,0.47443566006760873,0.5740213066763481,0.21144968621376636,0.4828192244647272,0.5396162735880216,0.05545746739758434,1.3371894627086074,0.43806795094859363,105.82175989848885,3.7118363788234348,68.51343157684133,2.3951222851155447
0.5906421494204007,0.6905368291632413,0.2913140359325995,0.4826516991569752,0.3574561242701143,0.5991860647750413,0.4259713947361613,0.12836285565123884,2.7324726609911885,0.5149491155610134,106.73813920737778,2.59458491493032,65.26710775958301,2.994766193886988
0.4503830824550834,0.6262501255294612,0.3368957565653647,0.5072764175075772,0.387091011828495,0.4704688653516451,0.536985398730933,0.15146745029892297,1.006827732722704,0.39885008563219604,100.68659981627675,3.122178580046022,65.33299590241658,2.4793752348740794
0.4575691159534921,0.5272222066371426,0.3481666074867749,0.5302239144120114,0.21949407850502323,0.4684554856103273,0.4984268810717672,0.013952073026413336,1.2477409628925284,0.40629632503308677,84.64862884945495,2.7849497449813465,65.7827271431367,1.9838964695611696
0.6363790563454824,0.6346865847754338,0.5741291059648754,0.6428737847791867,0.3074764091316955,0.504977723628028,0.5010182845420392,0.07260633358799456,2.0139132706928393,0.5575981670473695,96.35597483261888,3.9930935328057595,81.51230588441709,2.983900448965906
0.4790600056932302,0.7434722576884325,0.3700434665417216,0.699145893775135,0.28224238171721433,0.5652757413314407,0.4989146354503314,0.13796499605672588,2.468280729096996,0.4495342049976943,108.42005549609507,3.122055231541413,88.42706055443314,1.8883276494400725
0.7639022363329032,0.6503920884255567,0.47970197439800905,0.4666193064532428,0.33941218732277634,0.6174088121722808,0.4917647168236583,0.11532280219607523,0.631585465321839,0.613510776220543,101.07206865659431,3.675607140093663,60.43337721017427,2.478864570163198
0.8295108159451946,0.6489120154051121,0.4337555270162995,0.5936479796904615,0.18214641862697067,0.5908617057887017,0.53608564034356,0.1368876508586082,0.4065506206822621,0.728868386884551,98.83382743482541,3.178342699038434,74.17288540622978,1.4625207551479282
0.5682026374539026,0.5711671465069799,0.3565372325123657,0.5841074325937112,0.37543217949977753,0.6352507870729598,0.5353558311197474,0.037810172644647054,2.685255518298944,0.4996936365480997,89.91270596147633,2.6645205403803334,74.10185906715313,2.2713390588616473
0.6240224377776912,0.6607693330858126,0.44724618694837787,0.6097620110273352,0.2194629983800595,0.5810390965651103,0.5397425649340276,0.12365564684051868,2.7118591955696676,0.5607463152717316,103.61958953530545,2.855242043939761,76.2060742870485,2.6139615212427563
0.5266813433387475,0.4794256886721736,0.5353653412320546,0.4583971437459784,0.29824867051072096,0.4613547713213319,0.502530278624127,0.02850436669696812,2.2751543147697535,0.5101440595282358,81.01954649609651,3.427678216113539,61.46870595247865,3.4182102348595205
0.5331823464429266,0.746909919235188,0.3384961432538204,0.4069436683093222,0.49294996649306566,0.4363140895155337,0.5205707171693569,0.0,2.663254574015064,0.4611763578405685,113.53005525368391,2.863121025279413,54.822664697380546,3.6197431662461184
0.5247458818675976,0.7436196697890518,0.2971901918159559,0.724162800346215,0.2426384673749683,0.6472432010479057,0.47326478788457976,0.09838994202914436,0.5674160889802202,0.42747271468526643,114.83497085895259,2.049052412069418,90.20496558036719,2.467935118654499
0.6146372369429974,0.7679788486773886,0.4296926965963146,0.547182788764541,0.30726410489135353,0.5878948028024011,0.49181879476239515,0.04931132381251499,2.2813938188282004,0.5467651916244008,118.10750396491561,3.1008167479704496,69.36906979864006,3.0819900841168653
0.641920603499074,0.6171365989927102,0.4221534564107973,0.6768437160736436,0.3866359057779205,0.5760324523329043,0.48953149029876525,0.044000629703716154,1.7664308104686697,0.5592878533089435,94.71331273033081,3.477607689225241,85.64960478334163,2.7383864162784857
0.833547582466184,0.6087899063254064,0.28848367667123276,0.6077887757105749,0.2243025328370171,0.48877249044304466,0.5108138119823795,0.023292629959193477,1.213558573374705,0.7699592354949613,92.77522695664479,2.3241627814822223,77.57345435031525,1.7625452856000798
0.5584844324524035,0.6992582781731419,0.4082006200785229,0.4628520427302099,0.2079655752956446,0.6005672950896086,0.4893069508547616,0.005916682101333143,0.30185993166777025,0.5292581621567921,105.37932928311002,2.7932738749697994,62.834880507741055,1.6272603410895614
0.4910877678605923,0.5025887484322716,0.37261175380779826,0.4905783186285854,0.20462296888988027,0.44964110146288655,0.5541123476261169,0.09929306472486021,0.34882104087864196,0.4048259047395289,75.55508757831697,3.141549957335605,65.3082018652252,1.5729718797005012
0.7642822339279518,0.5546271908445232,0.45809994074990196,0.5059139397715378,0.3340466562420629,0.572541403526466,0.543440784979441,0.0,2.6123915170143395,0.5864903735553432,88.2737993273029,3.7088149777052193,65.5797532185215,2.0732886255705707
0.44871293460672335,0.5585872642300128,0.5016410127437666,0.5282896283874237,0.45163495863354053,0.4388251948546529,0.4990604410651356,0.12119688965156357,2.006259763349441,0.4235554849293549,90.70678431611508,3.5404649722513724,69.40010665831683,3.2827714373151182
0.6066621714954135,0.7003115126937002,0.5561524842432234,0.6282278332501926,0.30049827348066793,0.44771332154669513,0.5636908451299163,0.11485943684782379,1.0645371702919748,0.5760535781668298,111.6269531981651,4.198361157718136,80.52049142325345,2.3975358442699015
0.4496199170657982,0.5809443318092471,0.5104024207652347,0.6147390819981725,0.28376103239993816,0.4910611988862578,0.5362791612925534,0.03908575867736146,2.1118100011035463,0.39386537782012976,91.08593358259006,3.6725281574218416,76.729998413739,3.0349507690256696
0.6569637759816285,0.6226360541923145,0.4706345425000579,0.6150412244152637,0.2340661746721142,0.6650012421941202,0.542217211057405,0.0737794654516137,0.4443023958813823,0.584359575790868,94.76587121064298,3.4438054333124044,78.12089373326872,2.4743646013257004
0.601700878215837,0.502206692253986,0.481811668070684,0.52854427303139,0.25717593426931484,0.4983753465633344,0.5577080518344436,0.03640805969290367,0.5300469425289156,0.49466653814038697,82.03599340060107,3.4433522038714983,70.44516623997627,1.9206585332974888
0.4545892352499707,0.5756684611262193,0.36524749689126895,0.5229352756480267,0.31815059054861033,0.5593983827171273,0.4937644120740945,0.13672317773952986,2.6690622377149946,0.440823384650763,90.32482242131057,2.811154848275105,70.84076092814607,2.1000792446981773
0.8619776951452671,0.6646219612488434,0.48116454170265016,0.41602939400967864,0.29151300617326165,0.5231836467195998,0.5179941320634043,0.0648665435699017,1.7754237229899776,0.7088702305037987,104.68753937145004,3.569283949260916,57.671403545377906,2.823109095327814
0.6075509914970034,0.6575529171910144,0.4885463767806083,0.48334073704623076,0.40785447095120453,0.5262698952924673,0.5538019298287759,0.08236398119235974,1.5528894851939017,0.5821907063691794,103.01844576295846,3.9069326831154028,64.37443715842136,2.766888640699238
0.7448547541493684,0.6643008634759936,0.529481768542462,0.41488098039820104,0.388586296595772,0.6205102611300026,0.5630062534837652,0.06637341111646283,1.0658689296579564,0.6842937724356466,106.09939947668718,3.711452158302076,58.07949773517241,2.9831189971529306
0.3891052629485903,0.5986740078750586,0.3190023925786593,0.7111035316653795,0.37418647594830323,0.4828521946199071,0.5007950708504024,0.0789115163859109,1.5823693911651966,0.38247113960188434,94.27034342992634,2.7199284247567452,86.01932231142446,2.924964019981141
0.4591427822899691,0.6770928412216166,0.4423897444978254,0.43400510163350325,0.4199870376495376,0.4664190975604396,0.5174843502395694,0.02015664535507682,2.6451519191861887,0.44381120309124467,104.5640530274286,3.241499903969153,56.21691183636766,3.163045322309954
0.595196838698104,0.6816056503047309,0.3682963377135789,0.6106485106756939,0.33108964449676437,0.5315826401798793,0.5039643425765911,0.07816733716518356,1.3665050856576606,0.46198404722555775,105.13291617043572,3.1070047788889554,81.58970410770368,2.5465332633772477
0.6648598210023549,0.6720029534289124,0.36672728454397036,0.396998197692422,0.22520564763769432,0.5851003880227496,0.49428924625167797,0.003815219945625916,1.5478376355762702,0.5706097852044766,104.36726661376271,3.0079412999374386,51.16740347289907,1.6662727551395724
0.5780612614969913,0.7484046324600153,0.5974522848475409,0.39007067894069003,0.2332782089770169,0.6174000906928294,0.535847101159554,0.0850005032647493,1.1492081091795203,0.5182962253554644,116.88264859899964,3.8418415162025115,52.7045029880178,2.5610806035415576
0.6736466406648759,0.6872480318639013,0.30376560950384385,0.510593543861078,0.30211417420983655,0.5132109545484551,0.46452829813146823,0.0,2.919434134280726,0.6195926963427814,105.11020195672096,2.2993993175934566,70.74911235835596,3.070809472297588
0.7257966597047427,0.48695096413759054,0.359409073418138,0.6291156030896359,0.2213214050946153,0.5400297800935818,0.4804437198521262,0.06933109101553855,2.404927769494102,0.6167454094367737,72.40448624490627,2.8903964080584057,80.7827471578163,1.596601095130013
0.7968775888857845,0.6297597312577301,0.5234327194591778,0.40411372265686946,0.37335359604178775,0.6465256460366813,0.4360771522315987,0.016185205201988483,0.3637946800774101,0.6539390862242123,97.73331598100987,3.4293152891594874,57.1176124275859,3.145447584268603
0.4934818860398894,0.7069462210403609,0.539619070649924,0.622684069421308,0.35450712744748863,0.45757664170523565,0.4796149199985158,0.0931663196697694,1.0905433721078,0.46755383842467163,109.50587052465467,3.6206454800538297,76.30036848327397,2.875695981181824
0.7082238405005307,0.7359988413304668,0.3043334406194107,0.7088324385152792,0.45663631045054326,0.46457289161830756,0.505066196626538,0.08819045734911449,2.685300087198733,0.6028959269079317,110.62144036378614,2.5330155397564176,88.19848031679382,3.338932840923542
0.7109033052683983,0.5655708889109434,0.5001155746836318,0.6054783057486031,0.4637930114117194,0.6131483890833245,0.5107564720188045,0.029106870484956315,0.350412323201856,0.592606013545334,87.82026902760963,3.676760907224808,76.40992036935775,3.4109745691564277
0.6982630162235359,0.5264597962259076,0.4246773899068666,0.6441852658038676,0.1903172389178109,0.6593571811779201,0.4797605663237013,0.09851923917583122,1.8531807721853828,0.6549824072434343,85.61898111681411,3.102168822466049,83.32719139113078,1.9492794958726436
0.7320861518787497,0.5920634772803818,0.5506418543869224,0.6108805818208412,0.28039065389997486,0.48619746981355527,0.5300084049100598,0.11844581933805627,1.0394078612360016,0.6227076070756565,96.50406746363805,3.813115772543254,76.04434014223598,2.6939630552455585
0.5914136624412704,0.5817697758521906,0.4338764613718466,0.5892657961550973,0.29315622036270356,0.5051672097531377,0.5470616941464638,0.12806849543564514,0.7498769437184867,0.5383235532029272,94.22827927433066,3.526851589745198,74.32656701470101,1.7753395865125219
0.5338479179632222,0.5171753923667721,0.5128355818063381,0.6217266323879963,0.25758839870784794,0.6175074786581412,0.5121332543587257,0.06097201909283893,2.4486835555884006,0.4390714329827799,83.28189085646463,3.904491123042262,78.31729769584776,2.287278192698071
0.568706639178853,0.7240279658745983,0.41869000811380935,0.6059655149041864,0.34845391001497533,0.4904185384638713,0.5317769037483386,0.05724699780226537,1.8257147795219226,0.48378894092127595,111.19940782310086,3.154740213161715,75.78073199465186,2.796866514861716
0.579207670009386,0.5826353478893831,0.3554021048997293,0.5393281073196612,0.4806204671390073,0.5114130933455798,0.5288431333413454,0.04053241260718232,1.2068840342289562,0.5068830048720092,89.53589998014843,2.311738212550807,68.60918079148911,3.255931085229277
0.705494356960013,0.6194003501736841,0.5307759579730588,0.5650499446613779,0.2585214044457203,0.4884075870460262,0.5336203259502885,0.09607723924130906,1.1849708116470974,0.6045915652810316,94.51923058839067,3.5300552002153074,69.14244339667334,1.9913198531803256
0.7171280425788676,0.48283543415754243,0.37053076903487536,0.5103902215813569,0.38793994034771834,0.4542986679878013,0.4948453735798129,0.10725264539032923,0.04751421283462265,0.5615670375856803,79.58362978527148,3.4248811587011136,66.73946658315123,2.598974447381104
0.7093400595837419,0.7121334448192226,0.48046330461642794,0.5126181666478988,0.33762329571522426,0.5187434745735947,0.5167679625776117,0.05095503526251871,2.378110217342254,0.6304110420589051,107.64652058629991,3.478601646589008,68.38252946658662,3.0426834913437895
0.3761007982853242,0.6489199536678456,0.3808077047202583,0.642852152896892,0.45106348132809565,0.6577028385455583,0.4986135258746304,0.12320387999932293,0.25679865846830496,0.36792615872847134,99.45675319029648,3.1651190088543246,77.55472598448357,2.943750514829713
0.4744316891366177,0.5292115621591559,0.5734681246899683,0.515771077347913,0.17966377131535638,0.5350219510876709,0.5045034156751949,0.07621457580228366,2.0796286266566035,0.42987820791888154,85.2474759994243,3.9593490882219347,69.81570098782379,2.2749237906633244
0.42242742935257865,0.5757854703476316,0.5020245659419459,0.491486825179461,0.26044527032668324,0.5280439754281175,0.45096408671123434,0.07613100614225063,2.600823128491537,0.406434606626505,91.46023234209586,3.2897679571217746,64.03359522248145,2.0082747198709687
0.6116359111346945,0.5134542188570071,0.5733608321255805,0.6925202823007476,0.3810143104883276,0.6389831793882806,0.5056032614982641,0.0813570077531548,2.355215584690538,0.5066134213571414,82.32036861506934,4.124576845669163,85.91122472522211,2.5088038676897897
0.8502089990625479,0.5200574808633853,0.46120867063209814,0.4240453380324079,0.42810301264195594,0.5178689964115677,0.4866968679148965,0.02467788848818257,2.4380791301273472,0.7192117207612263,81.80156001027058,3.5155460805780168,50.939100176365564,3.047911840307345
0.7863387753736397,0.6139015995711459,0.4982182962618059,0.5513964176023111,0.2602958950435181,0.5755340288854314,0.43843372749043164,0.0904839940413566,1.4745426774954797,0.6986275387370209,94.32677426842585,3.528651548917534,69.07925779628023,2.3624873132172204
0.8500165752693196,0.6897674315856316,0.4994456614716392,0.6839022735874507,0.352434345366181,0.571780303817481,0.5130343629780014,0.024544686221111674,1.3454556840079013,0.6973062078098833,106.28294356470884,3.8001712298570767,86.05059926545917,2.8320299104202777
0.4914370230293048,0.5428928819812828,0.5887267945983092,0.4870695733228556,0.369529401029906,0.4565204091056222,0.44963806664762024,0.0645139846579797,0.6205113318498254,0.4254105750225477,84.0483875777346,4.3033299904191695,64.68346352271308,2.5666694032764372
0.6674612344635859,0.5504492890101466,0.5214804404934544,0.4407712442068074,0.40217893326151755,0.5135848151227375,0.5418089513575923,0.13022508211633232,2.9868126054105177,0.5717862537041218,83.88552420066533,3.2326081873307833,58.85367000160277,2.8767293218889307
0.44241413173738986,0.7083213173084636,0.49996392170559645,0.5989722357838578,0.4779459659622279,0.5887513203329664,0.5194621696335384,0.044273720593842006,0.4051144100416423,0.3892360471297197,110.59533320344102,3.489595869924907,75.91919551202531,3.4327217213111405
0.46197297276496874,0.5417945428580352,0.39968228391758953,0.48996250845533507,0.28189948089946026,0.6063281524943352,0.5007396054325,0.14292131244428088,1.3569704329028882,0.38478975986578107,85.34033513736189,3.241703375167771,59.110659633692336,2.3956789832599616
0.7437393718803763,0.6846171904797067,0.31022960801551386,0.5713137282881628,0.326361762365824,0.47573991356705947,0.5614867173729126,0.10856001817504726,1.977466633800403,0.6627526022789005,106.5131463696807,2.0525859401984983,71.84623220875719,2.990959220003476
0.5797409680768978,0.5892636108580837,0.4122861656100325,0.5820103263616498,0.4239814451822782,0.6370828011690908,0.5251313841576437,0.10202895678482252,2.7571148310860134,0.5102160437735411,94.33640247811256,2.9187359644287545,71.0079102414947,2.666217828406192
0.5049333324480447,0.7193560541761544,0.3419400940193143,0.5015138555099052,0.4270230466195935,0.6230601172902835,0.48280090645440094,0.13262914966183806,2.01224160141532,0.5019615179327676,112.3493270191778,2.6706059413793763,65.76097854925976,3.6352922856228274
0.644145253273881,0.6207802784249907,0.43988196409375285,0.4549263842003583,0.36901990194013734,0.48350928802210413,0.5205105903500938,0.15651149760594227,2.9794912168004353,0.5578253774451011,96.17233922876665,3.2015370741385003,57.36989647716956,2.3878554375868823
0.8023354420517579,0.593228947659034,0.3904209168378012,0.3780195942689783,0.42873673911903465,0.6550615893749949,0.5041458954544231,0.09126900493087409,0.7951047544216424,0.6754338965396086,88.35114096701604,3.286678224568712,49.854195671435455,3.1057239216710553
0.7109725693643157,0.5914771433660337,0.3319255415239037,0.5584263395650152,0.35176820329472686,0.618004151962025,0.5010364435543209,0.07293141613348324,1.6625091648330002,0.6717652513004349,93.81077538602239,2.5488859090043485,69.98542937780081,2.7566592379737225
0.4738498512378829,0.4977409727608316,0.5045187100097582,0.550418535565468,0.39109535359379205,0.48295073111681003,0.5020534986904864,0.02743720692528642,1.9748513502784721,0.3900423022585434,84.56617963146026,3.6100189059950014,70.73014918682547,3.0983488739852603
0.6268427792902259,0.7096359078676027,0.3811422626146205,0.5338908170951787,0.4079478516342711,0.5948298540487897,0.5559031542686959,0.038997667103369396,2.6673580671823283,0.554147246433297,111.76801608875392,3.04625644772736,69.43009484237902,2.4445402532272693
0.7382397249517058,0.5748357274368862,0.5112860816251393,0.5090803502339758,0.26134049462750486,0.4679905965297798,0.5286995505773049,0.0569289681163191,0.23994744839026438,0.6468991665614334,90.83759160217096,3.3934567783438276,63.04631343773378,2.8483748029435687
0.5948290867878333,0.6127211641158262,0.34947874193377204,0.44216542692799204,0.2671992208318134,0.52634214077222,0.48670685609963976,0.10057015323141655,1.569474449452925,0.5430270409585184,96.97282567029401,2.694071107012953,56.678465370684265,2.177531899704132
0.5042541288694471,0.6509097728981881,0.33556625079538105,0.7067746051088404,0.2872128140687609,0.47000329402838625,0.5422468465173775,0.07505670987263606,2.1967137422768626,0.3529767852009299,101.64211441858103,2.5516619733874673,88.60991199037312,2.220909500127063
0.5761020256988334,0.6211996132082103,0.36974370853437055,0.4746607888881728,0.3384960067380982,0.6265819256258381,0.477830918792751,0.053936984414036715,2.5372346349772896,0.5496432295258804,94.39866665837394,2.9842893376400585,65.50534519308992,2.994837102926965
0.5166740457226804,0.5411675445721447,0.3720693565744411,0.500920276236585,0.2981779870365167,0.6079017196610688,0.4832910177130917,0.09086069813741839,0.14747557086428276,0.46796956355741454,87.9968187902353,2.906765710457913,66.09899677556078,2.3882453398444117
0.41317064640434137,0.6667688617001863,0.4221146384029779,0.6063412681641202,0.3387348838187257,0.4552512972716562,0.5224325421176303,0.16999739155374763,2.583026463924041,0.3589993703361967,106.76605494673201,3.498379732174486,78.40290024970724,2.889824386012342
0.45559338300862523,0.6453556723046845,0.33454282336234875,0.5655437902158877,0.29467103117255067,0.634352028969422,0.5476513629487304,0.04097433076462428,2.4953559005554777,0.3995061726951227,100.33958085860137,2.7524668696967067,73.78018708836841,1.9400508671516932
0.4305828695760504,0.738692248349197,0.5460127855237923,0.616413506553807,0.4088099539597006,0.6889910161384208,0.5400168150446703,0.038856880715318814,0.25141247728518235,0.46178393392593187,107.96497706868863,3.687284629890098,80.31047717921876,3.338128655615008
0.46850428418753864,0.6471620292157446,0.4846608834352037,0.5769628698972509,0.27328668835061465,0.5051900531596184,0.5570928763837528,0.008339343005133679,0.9401082192910738,0.4507195771365911,96.03112960121435,3.266786144666392,74.99869264184241,2.242264959070616
0.7190907449849563,0.7171498028618234,0.26341613016429655,0.5121964149989663,0.400040556971106,0.6417781783216332,0.4428136803771585,0.023710657290332653,1.6704364294222205,0.6547938395750995,113.85955175210323,2.4142238190922822,69.55903341598408,2.534217809097436
0.449159284822326,0.5688270571648798,0.5283658516477867,0.6166609911830739,0.3791743190187432,0.5722893972385263,0.5293240681176166,0.026170525746994747,0.6111521798329997,0.4253765480287739,89.01786797388736,3.220912698485867,78.10886584697323,2.330032983908408
0.5098034379489462,0.6130022210219247,0.4633915572627445,0.5529286240862885,0.3161966079841653,0.5357848287266475,0.4607124590186969,0.14831461858700976,1.4549768537324987,0.4631001061801338,91.9570629887157,3.5362663455087655,66.79614738487237,2.0200122350459027
0.7012503781396865,0.5875517238888258,0.5408152298191237,0.44171681116281014,0.2774363418801307,0.4730945903638405,0.44905316799427747,0.07118558731648596,1.5502081348201933,0.6137393376435394,92.64413849441921,3.9660491829823252,58.440158568392064,2.33181627674487
0.6446923081476447,0.5364097070607681,0.5849694729483009,0.5283662650611073,0.3182758476257943,0.5462269728006109,0.4727467951009833,0.10820540366556232,1.1099966578799323,0.5905941587030199,86.50043590522432,4.082301962341742,69.98252097350368,2.4101852721468044
0.5894007706031146,0.5671475853778168,0.36470180230874394,0.49594142653526924,0.2610837713704739,0.5500561573550524,0.5789852075855622,0.06706977324524388,2.376009378390588,0.4647778997269945,91.77481731037787,2.6305510640177827,63.72429590125156,2.0881280965900695
0.4537725101492918,0.6920842919252193,0.6331394239308724,0.5731040185717449,0.3462963165102326,0.635706513820371,0.5873984388697786,0.1257334721430669,1.1788522949740592,0.4103117928691984,107.88105014867926,4.48068685951589,74.55904391084347,2.7739412221960733
0.5543212501136403,0.733753214617978,0.40971763241437387,0.5168306579469882,0.29351446016230914,0.6771214035024699,0.5104789849235888,0.020794397562865892,1.6325403478258607,0.44365366229349945,112.31719050877149,3.672124387913479,66.82728526824884,2.1313420056026713
0.5088828328566751,0.6220227985994012,0.5979336098943866,0.5235021156399807,0.494371023036031,0.4902038850425374,0.47902928534437755,0.10965396207977132,0.09565438562577633,0.45146318001898855,96.37782200592501,3.8655213001514217,66.19566977092755,3.55941912301505
0.43014894652532176,0.5886329575717814,0.49838114034462294,0.629988631399334,0.2187332246640859,0.6495188118806412,0.49455426020019766,0.11249069231009984,1.7116842138738195,0.40058714773143345,92.24243540456303,3.6216820869038826,78.12994750073469,2.8293770971810464
0.8198237252546655,0.6554865947001434,0.554244709462745,0.6859823421615407,0.21279787066527056,0.5145521005039995,0.5350394326094514,0.08848050250816492,2.6983592536615055,0.7010219225633544,103.1832079598884,3.7195658146507014,87.19540818044784,2.0117471381872796
0.48944608976071907,0.7657154730296991,0.4035487509705688,0.40548493705759564,0.38804072623669517,0.5387428055999393,0.5507259277964937,0.07342889856958491,1.3507955804899145,0.4674431570255675,115.94833418878866,2.8220927672407488,54.84782908542965,2.814514597527105
0.5324132909932594,0.5669281080079052,0.38256874098674626,0.426979810298841,0.3757118561851353,0.5781206690298548,0.5359128460068608,0.040146871318521404,0.4380507167763247,0.4456965628466524,87.13620317724083,3.3301187884440018,57.5256038630364,3.3182744534368944
0.5353931572200905,0.5641294816268961,0.3246667357267233,0.5271451632623133,0.2299456933409663,0.6333091311072063,0.5668291533028932,0.0619352290300033,1.6465252667804213,0.43249495615353895,93.71670202938846,2.9024204950734536,68.46957210196597,2.240150587639167
0.8191145470660884,0.614485027023958,0.5874391438819169,0.4423852198812582,0.2608498221870781,0.5305541034591064,0.5250302905637714,0.036086090954930594,1.6657899678238206,0.7487942489181434,93.48744010529903,3.7619169707146325,60.023059342911054,2.385371551197805
0.6108260625100628,0.5332422317103461,0.5206985014633735,0.6019659748637911,0.44539710477857347,0.5385435257679482,0.5238496310824154,0.08622063105095282,1.6245188463674636,0.5253265240123195,85.58241491569447,3.72531961112757,77.36114784732723,3.3460995248575873
0.7099559941322859,0.5435708715542539,0.3341059414927787,0.45792766243094024,0.4605350914986996,0.6554008534801943,0.49695471897399834,0.05814830949754235,1.5939923780195273,0.6349901991445173,87.29037756126395,2.9519896487708115,61.18766289663894,3.5475420192606557
0.5630802063671587,0.7325133421227147,0.37847911352709407,0.554943517318903,0.33063217275444323,0.624406743316844,0.5092557346827314,0.0,0.06770908972032796,0.4095283501190244,110.28352560662448,3.0982316548610638,67.45549988268213,2.815090217620719
0.446730564697268,0.6238256925086276,0.33507365397090016,0.6018953408213759,0.42454709148959563,0.44439959376257837,0.5258952403619707,0.04331344705858369,2.7730630385814012,0.4736399521580896,99.94771987489331,2.788605657138712,75.96050154293621,2.9038541483374787
0.7987424994999871,0.6161155533209782,0.36482099857385153,0.5898996145376006,0.26777023409690975,0.5786904553480829,0.49806411021101127,0.02629631871257062,0.13371012213789246,0.6192250492647493,93.89423249760819,2.593768771062389,79.11155026733525,2.0806815493403827
0.4726685721491503,0.5581781187210412,0.4214222001207934,0.5192709721558623,0.43242032332551,0.6397952886560045,0.5453366377327059,0.07189315793346993,1.3951059741920182,0.4492807041651931,88.84207810953592,3.0350556312285715,68.36486962501925,3.410184654767109
0.731704020502496,0.7252628362333458,0.26746790143658655,0.5143815730872414,0.3178206062048235,0.5602136058074586,0.4932634604226279,0.08546088247364124,2.787062657150403,0.6849457075074237,110.20213031023545,1.8889563202811503,66.99288441366917,2.3564210496433997
0.5328921973449557,0.6086918381284564,0.3412387926864977,0.48629572889431955,0.3455997614526891,0.5647954632173611,0.514782978950599,0.10383370877670584,0.2242377109089465,0.505640113931594,95.0201846535989,2.668992424574069,64.67057851822658,2.646844342692187
0.6212352719336947,0.6335602620887046,0.41121924013276173,0.46340648444008814,0.22456329058376284,0.47846594164854533,0.5364640788568645,0.04515794721786091,2.4801829451888464,0.5864648355583393,98.72216205078023,2.859938598981097,62.454601391168325,2.626740667585273
0.778918228210875,0.6241592110902702,0.43683098392454345,0.6367862538273144,0.34166280229742624,0.4943409660252807,0.4814997408849573,0.0400824920114111,2.1538110708677083,0.6513874616139562,95.59119778320321,2.9556358657252644,80.35255575575336,2.55443363095358
0.5927277754858,0.5899370816049189,0.36774853304211447,0.5919069918792672,0.29969266563809416,0.5252839113164209,0.4931440227233392,0.0,0.13171384089191174,0.5393584158547275,94.96964434720022,2.972191694696421,75.05333334884494,2.9077612014417307
0.5102208937398374,0.5827174691118369,0.5794487226434867,0.6977804351097855,0.41169728741040595,0.4375649008446535,0.49379759200690726,0.07822081610342324,1.7860671675309356,0.4256303517035797,90.85332158655203,3.769117167190241,87.39068440908399,2.6854109137098696
0.5086832054077234,0.7332080285574099,0.2996778568443146,0.5044650630167766,0.23988705287293666,0.5472261041752267,0.5305413024350345,0.0756064578253578,0.48568683015707526,0.4297728829681251,111.04290233013076,2.3520178225383956,70.93498122765843,2.452772025986183
0.8358756255254509,0.6814318877063302,0.4508622941129114,0.39401880177175586,0.3058724172988898,0.5871492915338237,0.49439891086588245,0.05487582873110444,1.1944484805687194,0.7368116250740396,105.61596054813836,3.256947522741895,51.80463167385641,2.5594979716300834
0.36943634023767224,0.5826316334110908,0.4611197318485563,0.4681647252316408,0.42045013231111084,0.6023851529546689,0.5156418359675478,0.03358150789963542,2.2305076073372256,0.354380854964224,94.3129713107687,3.3340075550088906,60.15230911146168,3.3011029894620436
0.7105795472793843,0.5654896414709835,0.25977364955399346,0.55282672870348,0.24798015607041335,0.5078053305173044,0.4836526311686546,0.04065813863610566,0.5091157174657348,0.646616100477181,90.68661515967213,2.658415015885439,70.17826906790268,2.0475567900162073
0.8431438904641197,0.6940420973893083,0.32713712141336004,0.4374715368839388,0.46793523093829775,0.631408065606206,0.4993355599080464,0.024138534818052542,2.063888520356127,0.7511365832955299,105.85182316046851,2.834597254215124,56.59834831586798,3.2497673376921945
0.6067429192202132,0.5814469689113265,0.3878821852392688,0.4467447519206359,0.5028001257040646,0.5775979358611844,0.5600105451224654,0.03761961251085208,0.526879396704007,0.5762562840839949,90.67366737768782,3.3796890686539314,55.01756650177366,3.0501172528258995
0.6032372455908284,0.6752880606958092,0.5447637770546995,0.42698062790995295,0.17637457749557664,0.49367777003327135,0.49876554193855355,0.09217850091246063,1.9360368697518235,0.5364746060595456,105.95915045858649,3.6957081881730107,55.70538679761342,2.0617080933743943
0.47171324751079546,0.7350984261995861,0.5016090777137979,0.6502212634855399,0.2914953246139112,0.574741825465407,0.531513669504719,0.08466037060201151,2.035551208453243,0.42652040264764257,110.07085029362901,3.483741452928942,84.44170165832683,2.9191818356461807
0.7017269953548451,0.6187546878027923,0.5250744131060834,0.6449600152786439,0.32900492370134904,0.6437597204942792,0.4801570496743211,0.1183531495628792,1.4441481352452825,0.6179399408799173,96.85359762864647,3.4666801195537227,79.09543243969355,2.509964051006992
0.7971195223990756,0.7022545913826311,0.49690697534219225,0.5383428246725133,0.2880510314684375,0.441313596581224,0.5124793400710317,0.06677430431403772,1.2686294054003366,0.6285051679197154,110.2440003403352,3.6287587808861317,69.85681891641622,2.2834226728772187
0.5432228029316413,0.698789458136366,0.3486899013190223,0.6340373107418448,0.22264504600019133,0.4343029404296671,0.5117397972545505,0.15932199311491882,0.0007226235535994219,0.4743288414758612,109.11441839797864,2.6893959857223337,80.17954058377725,1.8658301279137506
0.5695552709488201,0.7074796915245469,0.49441123133017173,0.4737802812676179,0.32911168463327756,0.4442247996842615,0.499879805795665,0.0819193608280997,2.623515885114231,0.4677277918868328,110.98320696517774,3.309759849253958,59.75019993482939,2.6717570343428823
0.5629099322628734,0.6075198840443913,0.4068950525644052,0.4753334621252324,0.4111542009319945,0.5929516836198402,0.49105032985109415,0.06282945666582734,1.6963690982223247,0.5899178270775917,93.86785285545375,3.099889737797595,61.12255816558954,3.17548424685393
0.4282043474665994,0.5327867514444582,0.41728804887920895,0.6070179829464737,0.25571274791401694,0.5212706871771075,0.47818757272649337,0.07519626331610775,1.4133310649932618,0.3869223893966795,84.90946633332,3.060044715989687,77.92219376609165,2.1092473099583673
0.5245423800532194,0.533551505800748,0.6078327448572665,0.4347349824762792,0.4415801548434634,0.6333148043232996,0.5065516830490651,0.06809886705128158,0.7806341038072608,0.4624248798881281,83.31898721666113,4.132701745058109,60.44205989801764,3.5592313657181847
0.4083873431247287,0.6010456169365732,0.5786007439771873,0.39499184211069116,0.4689001845026496,0.551589799836317,0.5067974283918505,0.012033132474634698,2.2714517409223176,0.40400337485281784,93.96705852804098,4.031054905710497,48.4576878646111,2.5347042176835584
0.725262461456307,0.6091636730397179,0.2942506469244713,0.5639747331789773,0.38771949239967746,0.5867112380101621,0.575673427842665,0.15063198009109366,0.911162860773566,0.6648267932012004,94.74217142728892,2.1932972059838223,74.74129938163615,3.56841971814914
0.6848124919648808,0.6530123346289828,0.5446878063554104,0.4584467245285792,0.2583432474971325,0.5981367468824069,0.5647294037588558,0.07291719745963715,0.7236203238840689,0.6033541871332517,101.51133176083347,3.976209799759076,58.4092312927914,2.0730974196894554
0.6134257176824586,0.569447479636292,0.29606650216992386,0.5930585839168999,0.2511532640901795,0.45453611733135363,0.53723111386463,0.012260241244755943,2.155593954366738,0.531903244930967,92.14110844352876,2.4754752117156142,78.51436528605866,2.528173119211755
0.8592859222252489,0.5887119847118218,0.32920447208872605,0.6045851282978897,0.22555525439224577,0.5283618236960115,0.5373049711945318,0.09125627744801346,2.573855836207009,0.7641743743323741,91.92139936717594,2.4857441063911123,74.60995809044886,1.695355615748602
0.4954784490971639,0.7293093073067795,0.509530820472443,0.5574025311448988,0.23374529660458593,0.5331750186455035,0.46880230855339156,0.07866844921501917,0.7272564416616326,0.41206308923803,111.27347046670846,3.8480446953999343,74.13699214943011,2.4043301639260144
0.6589239353862372,0.5816829220749372,0.5159801598119096,0.6620532636699918,0.2580195500325847,0.49113238591857106,0.4760915596505061,0.1468040660324756,2.152303352634761,0.5555785369845233,92.70020751005781,3.605195934157223,79.66445890035126,2.13068629507283
0.5267480246703399,0.5521769220470266,0.33762291137297934,0.4130383752583356,0.3005873957439547,0.49102812510522875,0.5378804507268152,0.10207612134546892,0.2737345239127661,0.4137777537297122,89.63359256765428,2.873249908407671,55.502888055554585,2.394187277855153
0.7061069610291156,0.5767684558480797,0.47103849320524316,0.5340172478402745,0.46865946290731025,0.5250325603041811,0.5452592871460517,0.0,1.4265795648785802,0.5805962545976996,88.9659752872419,3.4872766532144777,68.44717699291762,3.352725417342705
0.6221366608833407,0.7233227826677895,0.4926278456734213,0.5999862259973069,0.30770001626679044,0.4686876429876453,0.4920505225897467,0.19335461953039093,2.4905488998530814,0.5365776272626611,109.3383968910934,3.0767261966631145,72.48474746090075,2.1578053081576023
0.8130382740531535,0.5059213210265159,0.4871827951552805,0.37899631286405067,0.2913309647761429,0.6861512760097146,0.5326885499298843,0.12420878125341724,2.7337029309440144,0.6943549293184504,81.1780477604012,3.5295443717132535,52.20406991639862,2.5404495764124655
0.5356500429497131,0.7461091000461548,0.45535423156735017,0.5579265781277636,0.23765646332820112,0.5506843282136996,0.4666513461083878,0.08147082142657508,1.7398859416053332,0.49898666678715536,114.98278517610683,3.1650112434242827,72.30642802441957,2.024993472746718
0.47629370492286915,0.6946039603667165,0.3157870111882915,0.6155058260077559,0.4613439077705303,0.579582825977714,0.57007957463812,0.09489655604022956,0.32065012526109415,0.42335021064165196,109.79530126586673,2.4172973242918294,77.20794542287109,3.5695834611343553
0.8056563654889316,0.7626400221374039,0.40114458077094894,0.5479884456844637,0.49692297651357137,0.5526350882394065,0.5144042073144692,0.05399188251562219,2.3305809806948443,0.6962252012132955,118.13428066335587,3.1950383045694224,71.48683231513425,3.3616060591061836
0.7957749849581224,0.7387081939813841,0.6024510928752169,0.5755549229767228,0.21609430328426318,0.613263678044826,0.4892501323998867,0.041160002197758463,0.4765580758318674,0.6724263428282173,111.99653379739603,4.358289825373209,76.15616218512454,2.201264869860552
0.7438542526629839,0.5653324450756964,0.5448049147218517,0.6062583093182177,0.3520440433692866,0.5308271770594153,0.48070310220905305,0.10766109212431134,2.5159714634773716,0.6725311065339221,88.28126727793044,4.161170696953773,76.19527191648478,2.9807598507626603
0.4668854615977351,0.58714685219779,0.5198331547762685,0.700468329094341,0.2649593071280012,0.616147077516585,0.48060513894444096,0.05016531528575348,0.06070869791985134,0.4449982988068365,98.99681394301639,3.690179004588294,87.09999668562845,1.9959366785697497
0.5244376835801665,0.7517071579658906,0.5732683000640887,0.6498579813257168,0.31673949976333526,0.5085626561286254,0.4919242216261554,0.05844160529091895,0.7343685570882744,0.49199602039595763,112.28568766818857,4.077901701828827,80.42009016548265,2.4671270326693153
0.6776427642871797,0.6222786137050622,0.40995342654762956,0.5169034272747058,0.3727394332396778,0.5069283902360406,0.45024446946436825,0.07877166652553025,1.940840125011916,0.6636179225291499,96.8861961197865,3.3831177584468817,67.47381908880902,2.9555365228998878
0.7423848742371737,0.6795631638067161,0.4991295149385893,0.5773351724575241,0.316526078410537,0.518746213555849,0.4964037177523078,0.04465140212510144,2.3018349031609446,0.6644494810263916,104.76338888578049,3.663768917249623,71.85628504866591,2.4347549095679093
0.6247912284602019,0.6084480121809753,0.505613080659206,0.6579724917436717,0.3086880000054772,0.546041486784798,0.5802300471568497,0.15128501792426802,0.8904006151555167,0.5715404513454632,94.6631983947612,3.4604140744466143,84.80599011535949,2.539031874119718
0.6544296749327283,0.6219112298745884,0.5642773641021535,0.6483298415301239,0.37795042965244297,0.5440704075996001,0.5206424634837941,0.06640055404485741,1.4217592827335759,0.5798779463384914,95.93899247700433,3.702846255919346,82.62674982534115,2.9668513819379636
0.5934744773599077,0.6946441279690022,0.5266553506704679,0.647349659497091,0.21871536206661624,0.5202466323855394,0.5357669937956557,0.02230845960169389,1.8443128594687868,0.5545659059335868,108.15217265652555,3.3417184757493694,81.46038537443728,2.8896942729429864
0.75789426958537,0.5266524848360997,0.5604055952002269,0.549410094476444,0.2961669299320398,0.5631553051714008,0.5655318633466028,0.041034552930772746,2.4808470752523326,0.6617785966300159,84.19907807907246,4.035026152513919,71.68574706045183,2.4300523181604117
0.5483398189230682,0.6744244165728618,0.4835363314422772,0.41525802043894683,0.2173570881199756,0.4494946688645725,0.5308340001095623,0.014889542223680975,0.04194513891409424,0.5021097753398363,105.06869190105945,3.177363492876696,56.55828505509037,2.025552702651846
0.7930446205972606,0.5531571976790555,0.42256274157787344,0.5530641157616043,0.20195430774026124,0.6453082898413862,0.5332233947649169,0.18041239325494995,1.1121319711133522,0.6792971967438829,86.9689329083307,2.8505038803096308,71.21319944776002,1.7544173939670609
0.7227325449282068,0.5386301956709073,0.47189891304133286,0.6260142704123307,0.507326891940766,0.47377268485105567,0.522382493034887,0.07270939811608887,1.117406816736325,0.5893066353231324,85.05297747664038,3.0799976426405755,81.61855018966183,3.6674803541562406
0.6867117154361588,0.6040427444643504,0.4322758168997406,0.4580963832059818,0.42464982215053926,0.44378593666947574,0.5491713187526217,0.12869152364662925,0.046098752204169924,0.6318608920155346,98.39136049372264,2.896409928312155,64.3580104236155,3.350402157083303
0.44760624205533667,0.6976637888194044,0.399723895939579,0.5232875810613697,0.42520720056111166,0.5634868777833125,0.5158711800929866,0.04572058715145301,1.4173863417446713,0.3903215678485784,111.21497273551275,2.8773622816720463,66.29963520496274,3.3597922759057997
0.5042972138444698,0.7568044828442901,0.5121277957297604,0.6397105881666898,0.28920968487512505,0.610724725859982,0.5003088170184096,0.08574758918243543,0.2908541778801441,0.43237028480468154,117.97338622476715,3.471487486689432,78.60424316980152,2.013233988574812
0.7836671988489469,0.7121628836885685,0.3457806264230504,0.5900346616340789,0.4478321384420788,0.5487668427054058,0.5223885702266923,0.061252454388857194,0.07689674965326776,0.6303243477780593,109.98088667062636,2.665561643260398,73.14937280797488,3.2530332397158537
0.801080258902887,0.6498433464997617,0.458351642127133,0.6782912585101903,0.28577132755970913,0.4811021665500308,0.5639400248408737,0.14070333814513328,1.1248936472235878,0.670654500974214,103.4389886054866,3.3972543772412114,85.50371618657944,1.91217955761129
0.7239256121204813,0.6457100965594298,0.5697706040538046,0.5457704849436679,0.2289800209736837,0.556411794472613,0.5097925779458699,0.07823427796929777,2.7306651042309364,0.6149499596782565,96.7132798885996,3.6632993604498822,70.23787819081068,2.090604345064122
0.4488188057233552,0.6036496786057389,0.5584678971206515,0.43358369424462684,0.21253573850602295,0.6465523416718992,0.45912129587300127,0.0017707679134047576,0.9372176930388953,0.3997184176534276,99.68290535617125,3.8761496325539495,58.92073745623124,2.4040117267307135
0.6591299707415577,0.5537431273330893,0.5299864391009736,0.6785605339537529,0.506985037554642,0.5028035375936815,0.49644068485996495,0.02208453259280717,2.2504508438955533,0.5936861717474942,86.59263215731434,3.991176057109947,81.11268079559902,3.165916164996604
0.7379583830828168,0.609254009656748,0.49464343842326375,0.47057969384775045,0.37855533820046017,0.4472239062021596,0.49979962617417983,0.12558047311298234,2.1071884276212804,0.671949774654601,97.58228441235639,3.510188922928392,62.26815603172112,2.3016841165968804
0.6342964977114729,0.5355433367211795,0.3816533243182423,0.4763567663041939,0.34113732538654556,0.5563967184193045,0.5396344700949556,0.11910475049600887,2.077840330275302,0.5865324241143757,85.44826346930655,2.634269467097831,60.43975878144204,3.0495411978475597
0.7020633754769224,0.7341307652994316,0.40667076196468716,0.6568765386387294,0.3865169159565329,0.561886692325571,0.4810787972926225,0.010822271153998591,2.630756795612541,0.625776988083691,110.53603911640458,3.309381597597139,86.33084052969696,2.976707628016457
0.8431188836170654,0.7237898072120169,0.4979238103630732,0.6994222648567384,0.35238068716865245,0.5404155754994164,0.5158902229399159,0.0,0.8187514809731139,0.7499440522727985,112.6270783223341,3.5175977365094298,88.08440253590459,2.8356865514928136
0.7460464793103136,0.6530621002203,0.5180776309426496,0.48237138165544136,0.2159302087142884,0.46204630987670425,0.5185450133231637,0.17001250396599502,2.8114349004453656,0.5963260146872715,102.47534159629917,3.4302700862436266,62.44183221024409,2.1372523146620446
0.7899225426145373,0.591095499137051,0.3756441879231238,0.4282116524876658,0.24154178199324122,0.5212171500553042,0.4677970466213192,0.061897407422536604,2.155324424206624,0.7062979013522539,92.32034864298839,2.5306364504224597,61.30737128531885,2.334396399345225
0.7602843164913075,0.5028206221878395,0.35346414660397923,0.620987651506382,0.5122166652709539,0.5111926820160689,0.514751983835708,0.11340873334941542,1.596991807761308,0.651474291052651,82.33771182164224,2.508269008886472,75.93353533215195,3.7347562717755096
0.4508283808511014,0.6836769371008646,0.611037592651903,0.5354877769856067,0.41320863739597025,0.5525401482381851,0.4967906089206187,0.0701607705747277,1.343827251531493,0.4231200617105829,106.77311192801052,3.8577976609143616,66.5279986416748,3.2628036407237255
0.5101311809599214,0.5834596465823032,0.6084973566026173,0.6228179570763825,0.34452984324585967,0.5906312110130537,0.5354847058613289,0.13181762003506728,0.5389014791164223,0.4535908478434619,94.19674540034981,4.280029459840778,76.87815620810497,2.376537319140189
0.7606769001417527,0.6564404657766274,0.3170757893084756,0.39645400167672507,0.45684199180915464,0.5905815202608886,0.5885418442466205,0.16977922282040375,1.926387440592781,0.7114500963459259,103.62784078073832,2.3395783744434886,55.50783663005395,3.657050283663756
0.5014099159641887,0.5328503610061132,0.3857168118258195,0.6477373583680174,0.4412677446313708,0.5256187987754423,0.5015741976352761,0.1361641673775377,0.6849925097799313,0.4531918391215417,84.4586032997066,2.871162158156629,82.12153247706111,2.983889248183037
0.6890907453000736,0.6357750432543973,0.41444274625593147,0.5184889913728055,0.4261436601730415,0.5506071311909421,0.5570258023250794,0.08582346120881935,0.3317590318918642,0.5665455545070011,99.95252891854138,3.702143333506566,69.24499068151599,3.0992484095281707
0.5467931281596411,0.5561982915497826,0.4295161922619399,0.453260160138363,0.33618255412381626,0.5257341069773848,0.5532682816337363,0.12878361683757206,2.8573537894391556,0.5077176504065578,87.73118840144099,3.0948962342857986,59.25407883105488,2.840172919239226
0.5404613382055465,0.5786977274816374,0.5242110895120875,0.4753742172188145,0.4661308564075689,0.4587954989190873,0.49808402657998013,0.07108028165622643,2.4502358384180445,0.4585740587981468,92.76320075989743,3.473504398193861,58.39033949075478,3.5396969793859503
0.5759973174042684,0.6379866209625408,0.33405942534599503,0.5926337424375435,0.23089962140182643,0.5684452068642837,0.4697438905155369,0.0,2.854740928319609,0.5346105982163888,97.34106891902391,3.118482437971134,76.14257200156403,2.108519940989341
0.6420512863863198,0.5203036536258225,0.5721210357556755,0.3972904098059773,0.4360636792317545,0.5734511413041709,0.5075535020529006,0.055451233433182985,1.1956311430961475,0.5516865797550853,80.5926314638452,3.79385345768025,55.514309393354104,3.0984120309339938
0.7821944328947268,0.6240576274808933,0.34845525937144806,0.43589423967298846,0.38152513253054277,0.6342861361943165,0.497644512349476,0.02535824725884972,2.9441313129785844,0.7238913841478704,98.61923703467507,2.6976219791705787,57.333873912705265,3.318354037481569
0.8455771610951959,0.6100678273971686,0.36167714007231094,0.599783864145298,0.35907175907977273,0.5657412770499646,0.4805122240598837,0.02497467863126362,1.9575806332512564,0.7652607321493436,96.41658134903713,2.9755022556295003,74.41609315013255,2.4609266370876894
0.669123935263121,0.5571983687583405,0.42382137456552005,0.626321651967006,0.38181532423154524,0.5322944885091523,0.5041326643627191,0.007258307787816719,0.9161444459053911,0.5591301535486817,87.61878865643811,3.2522824375688786,79.27264387950662,3.3914967953095445
0.7422652196807529,0.5935704926814857,0.3023280404984036,0.5859819790067384,0.5204291064440929,0.548574160768966,0.5008966313476152,0.10112616453441599,0.671691699917055,0.6199758015024613,87.45459905891893,2.455078203483509,74.35788697428023,3.5364797551236142
0.6847091507163513,0.5096449651416188,0.3295045185557322,0.538996857679975,0.4551420854262094,0.501778912601277,0.4895814034074281,0.08018316771269457,2.5727630272872046,0.6178179396083848,79.55712403853225,2.762212091449741,72.27300206240086,3.4931592391767965
0.5488297467550725,0.6205453475065731,0.4433736312018358,0.5263092269916461,0.3315685244940561,0.5356763639611168,0.5322234056408562,0.08475933611784556,1.6380737799622507,0.46951797301108533,97.01354535937796,2.9129103953387805,66.54966458658097,2.7601071203087484
0.568286700544437,0.6267448978108361,0.381221331858179,0.4339404766466882,0.32037705708152586,0.5696656578383991,0.5189790387808701,0.11515503548660083,0.053635452104454195,0.5296871474515326,100.80904645869231,2.990214000471709,61.42967063934681,2.7638906259245717
0.8316126276258502,0.6935844621152683,0.6234173576127612,0.6159339643693219,0.45355908930703204,0.54170035548746,0.5181260240259178,0.08737811824905262,1.6446113183764548,0.7402884606137832,108.29813519106696,4.308765178387229,80.96395884710917,3.5966308271579157
0.7736775967020637,0.5250622172616555,0.3984606636436557,0.6874123260764196,0.27318350650606116,0.431870431362978,0.5325914659537279,0.024502626734312048,0.859977745341758,0.6654809885153262,82.47674843793361,3.075677930736286,86.93261977398717,2.435575883923004
0.7050835312573448,0.56335348225008,0.5861527282937699,0.6265528417833518,0.3181904111014243,0.6698388220680485,0.5175713887795451,0.11180191744938077,1.5449394319450342,0.6044013515130158,88.03439538250203,3.700070201231626,82.05591703637856,2.4467190870557407
0.7789084975130997,0.6039932807021259,0.3671273379053758,0.44863795207689977,0.23255005066337062,0.6367651153341849,0.4768813458698943,0.0,1.2551067303960215,0.6672314105776948,95.7951962861577,2.904942093189479,57.33330868739668,1.7038255668156252
0.6692734867862717,0.6467568117785626,0.5906932448781672,0.6436764460573269,0.2753334873601728,0.5155977015705152,0.4712027262107903,0.10931817522332316,0.2218895618128679,0.6015417671706583,100.80539974636551,4.107912211087495,79.93728100077885,2.5634555487445607
0.57294743270113,0.6537485178377532,0.3243745395858437,0.4927825280534503,0.46069041476253325,0.4433511056777045,0.5025417719110001,0.0689948530697171,0.7103941037883564,0.4943614927747543,97.98867905893665,2.625781866888855,64.100567869878,3.4994957683981887
0.4085796409850684,0.6873210605455553,0.41324835659467757,0.6860371174293027,0.26952687265112524,0.5947136035776819,0.5235120333166587,0.05161354869274697,0.445156134652433,0.3912390875703995,106.51499682132274,3.2779367373971806,86.0524179932265,2.4535255881724867
0.5697338620601552,0.5369928424169836,0.5052867919593019,0.4612053020942657,0.4521223537395045,0.5838627125956449,0.5452833568401698,0.017611758306674864,0.3116213708364315,0.5168963634798925,83.31275976100542,3.6611285190281557,60.23874657539032,2.682818423163992
0.619543585831988,0.6903931302452914,0.49397746026633865,0.5077748754164986,0.29398077629617725,0.6014433591071181,0.5220827065689585,0.0493837768712206,2.4306175485100066,0.603871048913568,106.83979653312493,3.5023298847809383,63.926242655835644,2.342840881463652
0.6541466733496654,0.5585948168011056,0.3579132936823473,0.6812304586402265,0.35595828916145517,0.597991193477616,0.5399208250631817,0.12505420036583792,2.612431274326854,0.6099408262008003,88.64365298056505,2.996044348037016,88.78237742563182,2.493879306797821
0.765686189833665,0.6912625853923399,0.3454249521324675,0.517127952268843,0.22608808911275302,0.6194786361637226,0.5564387002805422,0.0,0.09057604601156588,0.6479752339746777,105.50987468538582,3.2717483581876237,68.09880892098431,2.344863507314077
0.5237906155050617,0.7148638365643447,0.575555428535225,0.625939715398565,0.4553823612508421,0.4817971782678912,0.5246144126066455,0.11706028130899873,0.30019401469959994,0.49386388761153194,112.87445747380524,3.96677080575136,78.91549554664,3.2283816219045094
0.787601464282572,0.7627050640782661,0.3939964413663831,0.4669142993967996,0.3831311076199192,0.590090042030104,0.5446554621158396,0.0910544983354391,2.960741142654637,0.6305168474693932,114.77450112169639,3.1944086712780106,62.218174369196475,3.488444653287535
0.7645806005815631,0.6113359518708612,0.2903399824911986,0.6096046012016105,0.280455943556907,0.5949304901753131,0.4647014396219003,0.0,0.8874400882540792,0.6613572985307338,94.14069638426179,2.525021161858754,75.46507080513594,2.9262269072629215
0.7312647895033905,0.6336480554346388,0.4032252161518391,0.6848388829975894,0.4812360888497287,0.5033466258438444,0.4863190133978479,0.027784937165000943,2.0695238503078928,0.6115574157019478,98.95336622536254,2.9425402371302036,83.11471397091381,3.5657580406592992
0.57578585854709,0.5054929767602568,0.3379975650493353,0.4617562783578371,0.30164623561315435,0.5774908622672836,0.5495755554866464,0.10207013309979003,2.7414443950086373,0.5292311972860307,78.81313907533067,2.567503247066503,56.83515323238265,3.1162763128784894
0.7896287998063729,0.6790963869168124,0.3087443935898876,0.5554058854791579,0.24420103078454414,0.6556682048676509,0.4988946017933734,0.0,1.5964724549545068,0.6744920888961172,103.32926506333733,2.226609558776248,72.35668054668437,2.376783260230034
0.8137786430652549,0.5326877802215483,0.3917546664012769,0.5937573696289616,0.42797286925479633,0.5532628273329941,0.5557495092041387,0.08240028224574104,2.5428341226469477,0.6910234646169638,85.64990416946657,2.7088603496215833,78.18057787682153,2.5819654341090423
0.7836409238455198,0.5235115056507337,0.4913109270498285,0.5345843601329782,0.3746614488782398,0.5437509692448707,0.5099710476940083,0.13288901650692536,1.6716571347901317,0.6925776551880685,80.81278749699253,3.6570084897728448,67.97615074902696,3.38938683704768
0.4358956956892996,0.589034125862103,0.38368592899026605,0.6112012608633864,0.3695354193222755,0.5916302324061447,0.5160757679685677,0.15017976273388228,1.9404169810472909,0.43967514062818064,92.2227355586753,3.06386389685812,76.4247318269767,3.09642180712924
0.586515897083072,0.7340857797293795,0.41718787748489977,0.5693220560490819,0.21620787175231512,0.6045705217072117,0.5010030125231896,0.05613602549100193,1.8364494648401708,0.4678680631055094,113.51477284532001,2.9730487006516757,71.83073010156278,2.186189807808207
0.5049379463443157,0.5517456802026321,0.5092588504110613,0.5091929457185935,0.4735629236772768,0.5893073613981109,0.4585397368011711,0.0,2.460178097238761,0.4814886528223159,90.06163421526034,3.5211449925561524,67.35376430245599,3.5916218042812287
0.6019126001504671,0.7216845359838413,0.39459030195401595,0.7034625356600912,0.4466843106542561,0.4898306881518938,0.5236206418936418,0.07703904957504568,0.30775368099306244,0.5407767194678932,113.17787598196345,2.991336717171525,87.87874313453057,3.2018403685974905
0.6657377804257135,0.49818970566866777,0.41494306239545714,0.4600633445994743,0.32198491157481235,0.44905536508065597,0.47644071916734837,0.07227785174842424,0.6935276494121827,0.6467185732219476,82.04553352163423,2.7598469684308933,61.422347379616525,2.7842244198625696
0.6217002856623294,0.6919659962609209,0.3085387864885518,0.5829268526845915,0.33922857686341557,0.617048385597286,0.5039906342469489,0.10417849610704621,2.1085524701880978,0.553889071533549,111.71202191703793,2.9388241417818834,71.3097214331856,2.1885545184108053
0.618270221855628,0.6913772813847464,0.4874465949428528,0.48702086272857564,0.4348418662766022,0.4271542281322535,0.5163270453009817,0.0977134439187967,2.9496479599612373,0.5447584782703301,105.06643996953083,3.8452597519136478,67.58114150749365,3.1450159861725338
0.43473724589477913,0.5139062891440507,0.3886869082880796,0.544098607126836,0.30263086495948954,0.4877466241573972,0.5202905704730488,0.11581689427502147,2.3154293288099868,0.38891916519209724,83.36314020115766,2.911098555997499,69.41073976920858,2.521485348358042
0.7519042108627946,0.7224687685885776,0.4820945994275785,0.5213603184650991,0.49626981647149265,0.6753795610918683,0.4771774420774577,0.10839416691518006,1.0897385356865317,0.6481188069651368,109.29577597096231,3.464228154967621,67.72384923141108,3.5978764664607152
0.5774438424178707,0.6371778610539496,0.4961376537155717,0.6482549337715426,0.23081655827656122,0.5898587683357771,0.5241518999584631,0.0,1.2823515997274564,0.5168640868443605,99.14481823405661,3.1458428387594646,80.89291958243115,2.1473034414693353
0.6894250227633103,0.5351739775334852,0.47388467167647125,0.5182933811832706,0.2867726477422707,0.5665164764119364,0.5573051800464119,0.07531210052704257,0.646629855313636,0.5672441585101471,82.35490132185299,3.30321849154074,67.92168072299332,2.414013458347423
0.4367362212751163,0.7052345872433127,0.5442009480700051,0.671120272498693,0.46228948005890824,0.47816217065017375,0.5224047935770435,0.02257236321733168,1.9791945967822713,0.36474215593511694,106.166698234603,3.6369510855278544,87.94733228086996,3.190824522462586
0.7627692484740083,0.5272007711857751,0.5346471147725982,0.4843704366051932,0.22359194941320587,0.6017349083916438,0.5205653950864364,0.13980516930897852,0.1506393643727182,0.6169877157427514,81.65680699885874,3.740552182954798,62.3653789032131,2.4319735611987587
0.4938352166305563,0.5450620689834134,0.5781435878030049,0.7065719179523752,0.2944463954485326,0.6031658719001513,0.5250078574508346,0.052642297002334505,2.875548825007817,0.47101663844479413,84.04444399682255,3.9252864011382953,88.65494743478803,2.511768724706064
0.5650412216684696,0.6525303288007078,0.3449436288867156,0.5736721313238468,0.2962684771350423,0.644372270489078,0.5551755389143957,0.04995790557491593,1.1000015336238993,0.5131750099127428,101.25122764459124,2.7997900836624727,72.87355778807019,2.126416731100282
0.7024464512516329,0.6735434043543989,0.34842581525155497,0.6944506873404066,0.32475680351458186,0.48818978035750105,0.5534097381219711,0.038978664037442906,0.36341572154670443,0.6120623059513649,103.85571238153304,2.8881790270043646,85.64701694839655,2.4518747397092424
0.4855580926932777,0.5068694339028472,0.3658761224401894,0.4372227123295325,0.29310369139721903,0.49664625915518235,0.5003443884381605,0.08246366005731362,0.9909330161905396,0.4688564867306273,78.7479801633305,3.096281838868515,57.0001147784836,2.090111602314309
0.5144353792157151,0.52627609710883,0.5119847653068557,0.39308146067194744,0.27971522996317033,0.5028044481140164,0.5346360579080099,0.13094618297489727,2.4201443041341824,0.42547379241513333,86.67720676326995,3.4792242399454323,54.883044681772105,2.8361059608438848
0.5963166369121802,0.6162526988608729,0.48622451913437015,0.42496879496596635,0.3410845866747368,0.4496619014022329,0.4807561456401682,0.08215109670392592,1.9598146974982311,0.5115143479949097,95.99482666942134,3.3640194292652374,57.258521739093844,2.3696478607074907
0.6786526980819958,0.5396058965210173,0.33615293856424305,0.4632403200445306,0.2814992838581295,0.5690499015455048,0.5241490946198913,0.042944172353502244,0.868215392113238,0.6259304138699539,88.70455942415344,3.0733962902196588,61.62174534785258,2.666129537847535
0.6699197144345564,0.7107520154483797,0.5479498664107454,0.5301991532513374,0.23583592325892894,0.5651227312544354,0.48946332711550755,0.08385374652314688,1.6249245234991592,0.5832757432628214,107.83653493818292,3.6928335261298892,69.69842627919195,2.3435013099159128
0.48078223879108406,0.6777695729567683,0.5969417245951851,0.5987529631878328,0.30112801709617676,0.45363956795677846,0.5636190400252744,0.04245355575916067,0.8321274399999042,0.3602696895572527,100.80075320897733,4.219740188234754,75.04507921385343,3.1644669532699283
0.7822886586103004,0.710188769737321,0.32130736101599056,0.4877506096521036,0.3896748275416143,0.49387850964396274,0.5554312475310437,0.12844611429473377,0.720968642234492,0.6460777475058602,110.80341971234809,2.5596352980507744,66.8308616650043,3.0987129205274444
0.6560619477601457,0.5599873372587513,0.5093567423209077,0.6493711774085624,0.34346026714003464,0.6634178028825493,0.480723868551259,0.0243712290788646,2.080185007795133,0.5691472407916187,89.90248911448046,3.433149266020079,79.73792053240457,2.17706899806372
0.49737790345055366,0.684353564318624,0.5336458566730448,0.5127139315185584,0.4165941677943611,0.5591979850443448,0.5239440756107047,0.05166366005123234,0.15498652748696906,0.4223793772998111,108.20385606753119,3.514020851936983,68.40017346257825,2.848469217267739
0.7519535750595652,0.6686234846738733,0.421396420148888,0.6470098625259728,0.4023658484770228,0.5166832133931342,0.5236249444181443,0.15682865324131795,2.166466737949883,0.6199679355725481,104.301380769536,3.0996615682054505,78.91099653952828,3.2713506892276025
0.7083436014291016,0.5323563712296995,0.5425634681675524,0.5185934949436292,0.2409881012398686,0.5617336432922626,0.49064372811074547,0.02819365379429627,0.17529297256372545,0.6466112156171089,82.87330445146112,3.7368570525869726,67.9469091164628,2.2678463252716896
0.7703910768719663,0.6011981967298714,0.3872467184229009,0.42233656413941445,0.2463079729642571,0.5639857578503941,0.5606143976979847,0.11124734075042626,1.4638437277711946,0.6559503987756581,93.74268549049462,2.794709484740749,57.54780101718494,2.144388839128193
0.4601027297049017,0.5464666282779495,0.5420978676802025,0.506124172632154,0.30528817514251433,0.45549618735642006,0.5600185029461695,0.15727329021492412,2.805750943182999,0.4411907653054151,84.56836066498914,3.434135500687472,67.21375920737212,2.9782850479450556
0.46860281237189694,0.5596494321429278,0.35444621759157025,0.5459661316200216,0.4095808182827731,0.5772842337229818,0.4819151319146014,0.060568649956693775,0.8781733135193156,0.4395573089126237,87.25826797138606,2.7517227336558565,71.13782951612033,3.65896574295261
0.5913071766051405,0.6426481092267777,0.30916560920333636,0.634476304394527,0.31026018582187714,0.514494690746647,0.5359145874913637,0.047163530742617955,2.8842939371500114,0.5179372053293385,100.91636543160455,2.001337217818294,80.12467470955463,2.206378492499018
0.47802424162710666,0.5522435520820063,0.5281255143307191,0.4284650360866548,0.29710618149021095,0.5112504693213761,0.5135605715702876,0.06477062593690446,0.5770294694250643,0.45319332354261516,86.41711455190668,3.357074333027814,61.64641106236071,2.4354432582551695
0.5020498235108437,0.70496121986505,0.4251005040733504,0.6218504285311028,0.26920493844328525,0.5984837398545133,0.5403810307755614,0.05063923780408992,1.2020978437297587,0.46888512858178694,111.73324348328829,3.1488348706006533,76.34133503183278,2.1920865183071414
0.6880694394104956,0.739794852073656,0.4513473528458943,0.5788039930335794,0.3770147036762716,0.5956627376735303,0.4983929616827376,0.011990815079156917,1.0186945366905862,0.6077021975826885,113.36984478219989,3.3854068001434214,75.9503782222066,2.5032243922451745
0.8416561237625376,0.5934507576647116,0.5425861452393242,0.6952822912406106,0.4815513047104788,0.6098828938212795,0.5671193609268768,0.10055911853538613,1.839216929648145,0.7232090306462743,93.10314837654076,3.5751918395075744,85.85910910349502,3.5285113864729905
0.5896899224018735,0.6030374620213131,0.4776457974612407,0.6469113499570333,0.3384602485589704,0.5443367383062202,0.5352564502966202,0.042997959109595404,0.5096486254824747,0.49179241721106454,92.45249549887916,3.224788773405801,82.94108566625408,2.77761695665393
0.4584510738057384,0.7188723110208786,0.5380862789076447,0.5719138409797211,0.37835919348401603,0.6385898622424455,0.5649995861221947,0.0,2.1916988113002143,0.3718343902097859,107.9772239809266,3.816715115792705,74.50865865405392,2.893635402550648
0.7603968888023002,0.5118209559386651,0.3343281185579745,0.5651134753880784,0.22341159436748229,0.6439435072751278,0.545855911381847,0.0,2.7260782989087176,0.6342315538348223,81.72447186059964,2.619599092518084,70.4214217802326,2.1649052791629413
0.7977079165862315,0.5968936477737181,0.4655143701913246,0.6418619983249904,0.3700297737225069,0.5340711231843762,0.5477455344325585,0.15380154041041677,0.01053255273195186,0.7462546466483222,92.39172151079678,3.177338407031847,78.60767904278406,2.432553882573412
0.5977750767428439,0.6507921818502715,0.4848888947977209,0.6170026831246097,0.48093697557369625,0.6025093964618129,0.49929364138456805,0.07861470641404533,2.782914897570442,0.5121842336961517,101.2959280770023,3.106023740061039,79.0957246061002,3.6651536539183533
0.516565621701217,0.5473211289208457,0.48473058259366003,0.599625301145792,0.4047575346570443,0.5257937582073399,0.5237240557114343,0.1656045027005399,1.9606821766355784,0.4769142556840492,85.07535369264734,3.317131561633601,79.74979781801983,2.9786891611561086
0.47704863843267803,0.580937952631183,0.3478464439082992,0.5303730790610951,0.2422684508937984,0.5921209694919682,0.5036610393128504,0.1677294591386983,2.90859762460506,0.41633631344457306,90.12929312710183,2.56090126207334,68.45286284669353,2.8058073294836725
0.6041399186327421,0.5941139292280124,0.36285866548371715,0.577552012072286,0.20918319517817513,0.5194639867441809,0.5053871126916976,0.10868701723786461,1.2358790396873967,0.49784745744213976,91.62741024711363,2.769560013057897,74.19194785013227,1.8763109901405473
0.8552143277102655,0.7060207345220569,0.3539739689194007,0.4043282567381428,0.25622767872288443,0.545983463451781,0.5121538202233517,0.0,1.187009742288948,0.742023375314029,106.19809387168232,2.8335711243172783,58.29995471833536,1.680495627642257
0.7553883470448454,0.5726496581816184,0.44195869203123705,0.4711838416053301,0.2124750319817305,0.4726862416055548,0.512055022261867,0.022779733108162028,1.7064561952994848,0.6483036775741755,92.4809472665098,3.2485258130595454,61.83607450994519,2.1157476773321493
0.613682469392076,0.7158115573110009,0.45573494649707347,0.6662836143765516,0.25302313424316814,0.5013577818011459,0.4547338005195389,0.09201859488276772,2.518888162706976,0.5110434184414879,106.40589307329172,3.250190585467854,85.13875328670863,2.121446171672896
0.693342912941265,0.5522063469395087,0.30226520592691547,0.6236949062931847,0.42115181145144137,0.5231179328899905,0.4897239701281663,0.07045625902212715,0.8804357320770432,0.5834863399158888,85.9356795078348,2.342188167345273,78.07064222393332,2.8931255964407576
0.4282042832916823,0.56643851998461,0.5127734822097116,0.7204747489633382,0.2028848290141358,0.5192333686701112,0.5234251995356456,0.06253071129213157,1.6185197219528864,0.37106923960134836,92.77937641849911,3.646033803673388,90.32341317965529,2.065590691254511
0.49363670815321636,0.6072704721860372,0.3556162289349266,0.562295314767254,0.1805089069206082,0.49757341673341104,0.5124909256104476,0.08125675865881264,2.5060870625366776,0.4008208174023844,98.10050839564786,3.044880781850018,73.40795471889365,1.9249502873941067
0.7805883867640271,0.6174361330714567,0.3559982530269297,0.47658705300347426,0.2793975164696864,0.562221709335668,0.5442775116109932,0.02975569466693497,1.977389737869482,0.6741788043859714,95.13565081973324,2.5751410030090733,60.020239096033485,2.4279600799581575
0.7489641907985186,0.6168063655564363,0.40165361449967585,0.5386609374420449,0.2043248622672769,0.5251320771633535,0.5474065760730777,0.07482145465742686,1.505108952529047,0.6087690470832589,95.81825713156547,3.097950722394201,69.96132188166266,2.292680516477435
0.38836594186180085,0.5779946558904031,0.3773642284841623,0.5656259684982372,0.25637633200928717,0.5531567257082177,0.5240748056278401,0.12930275346298464,2.698018227055209,0.3631789871092106,91.49855886645705,2.8464008863499677,72.47530561781373,2.4316955582311746
0.57958373109529,0.6292492939797757,0.3238910303705117,0.5653099648729701,0.4523335163567845,0.4648733338138382,0.48790286919177134,0.0,1.411296742989724,0.5565140113104728,96.41070377772581,2.3659998141780125,73.83638736810774,3.358163379661398
0.4667231013464828,0.7383820540231025,0.574926581544794,0.597654544939934,0.44926977084723785,0.6274287947459021,0.483911627243221,0.1339400252202356,0.8730100902008446,0.350975035968682,114.28951866621406,3.8541370630954885,76.31348026594593,3.39709535132282
0.60389910062626,0.6011992722997541,0.5304734438541794,0.4630094062949881,0.3905833506110174,0.6273981734951933,0.5095621942251022,0.1281070254972576,2.4985292786005124,0.4965547305044783,96.76764060902678,3.5095588705154057,62.792809458032366,3.496073496581385
0.6292464906823139,0.6225491786460506,0.31708870346983964,0.5115165056491114,0.3276748461283572,0.6588203309521291,0.5311379458410893,0.14509497480987066,1.5935963827245345,0.5204976191778207,98.6830090419242,2.8098090157466946,65.8736368275136,2.48146210175681
0.5856069738858175,0.6911285092452943,0.3245456414709626,0.4918352693415739,0.4117223554738329,0.4846550701150991,0.5507969749731603,0.047074363493950944,2.837213878206882,0.5962364207479409,108.4618494359229,2.8057017669743827,64.23344900652262,2.87836288564039
0.6076188342946939,0.5719144053571508,0.4128359392240426,0.6499107142977911,0.3712975718533171,0.5105713062235869,0.48509113105997737,0.015473525815406997,1.3819912341321114,0.5154014410938821,87.33151826003908,3.1617227813599498,82.36548983057352,2.766294647345796
0.7552196809626847,0.5084254547687007,0.5101342955718348,0.5971354725238137,0.233767173674757,0.5465188429829257,0.49848282743279915,0.09562129489594527,2.2769593213304478,0.642165613221966,81.2440932891606,3.3719048337313557,75.31973222079462,2.0024578962440196
0.6281465077137497,0.6321802754653981,0.3802004596313597,0.6539513519617216,0.29394414270879243,0.6417560982596487,0.5121383833228288,0.10043200698482704,0.4612350959873578,0.5433358422190674,97.74611841529742,2.7475880278930243,83.93429575791423,2.2393993079551477
0.5746694581018601,0.72774908739929,0.44392784117937534,0.5639272408467704,0.31927871288861925,0.4465897504786641,0.5073556399323437,0.06495896464686754,2.665777483869876,0.4479212586134831,110.23214166536887,3.141193283628072,75.38835633739447,2.574502734878713
0.44329304848612294,0.5074301967334416,0.4612173894444203,0.5710964599011142,0.3346240067341488,0.40608535223855263,0.5675904316961993,0.15221920172603964,2.25547916527876,0.4694267081689425,79.11462401474482,3.332734958017064,76.7600159472248,3.3275907579612065
0.6435417007808895,0.690889866291349,0.5082374706980185,0.5453505466464253,0.31054703059885974,0.4914974227013415,0.575304393959835,0.028725637808683795,0.21160288571196573,0.551255961526416,105.2422559435192,3.7027352646869227,73.14923967275273,2.827705437127609
0.6089692278257638,0.5918997224701916,0.5657036837114541,0.4111256104550094,0.18597521713436427,0.6466827149400595,0.5194835554745342,0.12417645757940028,2.531005126258323,0.5814610852525053,92.99127013138414,3.8861515200856878,52.70003758459748,1.915763051182277
0.44699875948586915,0.6993312695741598,0.30407901681884064,0.6645836525306253,0.22391101267168698,0.6591930595396793,0.5324891295424632,0.07416192979831085,0.7407494853263713,0.3787347017229159,105.67588466762874,2.464733032918888,82.36007312770614,2.2038224013387864
0.4908392930373917,0.6681695503728715,0.39284313387822384,0.6074349072927782,0.2561430476196142,0.502614371741584,0.5087047260765165,0.11641347731398469,2.172026376484662,0.43193242776731144,104.24160470690423,2.8864537122992444,78.08513373034837,2.3507398764302634
0.6817353663756933,0.5469768234444562,0.3819011099054122,0.4047744332215762,0.2536063643039648,0.4522176623070258,0.5532250151359216,0.021276952512765703,1.4450469673655761,0.5946993160911213,86.47659408451094,3.203847329199439,54.880583745953864,2.029634066276083
0.747264725836372,0.6771579082350371,0.5358396474845388,0.6855902804826036,0.34959655766079123,0.5960385262472649,0.530252072392968,0.015475124491781754,2.1273715224456873,0.6538434302884149,104.11102167007022,3.4647510467516334,87.07947003023482,2.960013904422525
0.7158640114022946,0.7358705473190116,0.545889620751236,0.6969370101293171,0.2356280181707188,0.5105093810144347,0.46813819341625296,0.12747843941458814,0.7627572078436315,0.5864137464879876,112.85684958683882,3.388406582200977,84.99341129313153,2.279120519122244
0.5100367400134501,0.5281189151440052,0.3995415718986391,0.42637929695371546,0.41419573170672264,0.6184365205794716,0.5005279246342373,0.08442868674677542,0.8371808315398096,0.45031291090541925,81.57215531618392,3.0774076152388767,55.42382061710496,3.5906340316868826
0.4171928422937721,0.5399080861086072,0.3297291204604866,0.4870919925683895,0.3437238583304716,0.49092977018384837,0.5199903702727598,0.12987134190085858,0.771343989012435,0.40190720881390524,84.07621045241925,3.0952687857288685,62.19420517346041,3.026445523940359
0.6846019808810886,0.5355158400132201,0.48101151340638026,0.661881589582702,0.3875963019982614,0.4615323888637994,0.502514836403042,0.013775171957469735,0.6138764176770596,0.6304809860649205,86.48431315381244,3.3055827371018434,84.43371689935607,2.965445203204725
0.7283476046509159,0.6420929030449174,0.5331773120121563,0.5867403650508192,0.33805221644718686,0.6456358099707351,0.48104722711382725,0.08566971194489231,2.2397000214101785,0.6626687583390934,101.14264207239619,3.8268750747882514,74.34674821780465,2.9238933746292686
0.48155876329762803,0.5237482643881276,0.2766449938510137,0.690845067760943,0.22207575395451087,0.4908924364089254,0.5194649210471353,0.15932624302723608,0.4521972218894109,0.42058734873975046,82.79304642344414,2.249327336254632,84.5112490007424,2.442023175475189
0.7548782430903718,0.7402837782682594,0.42508425895040275,0.5678657582000163,0.356017773713366,0.6078476619202233,0.5201576522347895,0.118093956900521,0.5858008055731619,0.6606448580597627,110.3043984251746,3.3235346602405715,70.70898999479088,2.4846050310317205
0.8192915880443675,0.518502772005481,0.298042733427641,0.5159390494051204,0.47475312305208306,0.5466484751703774,0.504407138855102,0.01548166944259622,1.955921141768882,0.7495727197682924,82.45806497315617,2.4502809323009216,68.24235465116605,3.3793275988471256
0.8930416282239827,0.7035729460169896,0.5387942359670561,0.4858163353831715,0.27599740490396424,0.5285147566636613,0.47662909891501065,0.09504145753203402,2.4443885179799283,0.7379870644169713,107.9043137127521,3.7846155602918596,66.38876090690538,2.5025702487889965
0.5431442755039041,0.48372906103648483,0.315339279849631,0.40143617894074246,0.2450724519209328,0.4837933024860402,0.5749366883818392,0.06744980987084497,0.6704962630639328,0.4836748917331033,80.13607502261297,2.5061296180778836,56.57961420186567,2.2302428389201476
0.6237433117020896,0.7097567770448225,0.3509217078559008,0.5535859046440489,0.4582468049847749,0.5036331920197119,0.5232276519086464,0.022617966631122418,2.401870969238446,0.5569308906447338,108.98033661166033,2.4867049545664965,69.19121503047197,3.5810716225829675
0.42067895032054964,0.5988784356500286,0.4357908074288437,0.7264649736763085,0.4129596960360768,0.6095049686317618,0.520378853647598,0.030581973929401363,1.6883102124045948,0.4082605192592093,92.69814581944392,2.933528209762214,90.71642701837794,2.5332794906456906
0.55240857224409,0.5890790696268138,0.40791726917693183,0.6213041771073038,0.3960177607551227,0.5945397037977476,0.48378005085101855,0.0,1.4015224000573396,0.4333735632874166,90.39398803368242,3.2621459850072405,77.53779262485381,2.929290146641099
0.6706836956193938,0.6935880581186077,0.48402315371915394,0.5289414944897013,0.3832733263252598,0.47267532109564214,0.5199027846489535,0.04542877296593762,2.269807494881564,0.6172297731947519,107.70811866169095,3.4738568591851444,67.15369966790473,2.91440506852564
0.5972362747539347,0.5752328359676643,0.40848461090952526,0.6248964099365844,0.39123279434931013,0.45729305835880607,0.4971906226565489,0.147092962163606,1.3001425443448225,0.4692160265569931,91.50027928552592,3.033956675415584,80.55227338577014,2.5206135481960206
0.5886774831370821,0.6889097772521279,0.34528202710435496,0.5879855518169766,0.3459945380878108,0.6204354900294479,0.5244988930002562,0.1719520487071036,2.778022252809752,0.5123863331073559,108.36240437058456,2.631423211077525,73.3738776936608,3.3005320744143507
0.841711938686008,0.6624120952487088,0.5052055300048094,0.5364306627329205,0.48153191124051165,0.6372377245350127,0.45690009327306874,0.15160146509547115,0.2927375087288083,0.7115188950156555,105.33228840267032,3.5101524220199845,69.43629943555635,3.378744165308089
0.4656202959211446,0.6910046732073333,0.45274652370186097,0.4781973304682154,0.48469383489868134,0.495714571416517,0.4693271720738384,0.020095820067263133,0.561170508079141,0.4656113323960391,106.6346976991676,3.4506666501294117,62.929596240619745,3.8481931567914405
0.7208428454801039,0.603274350155567,0.5619554548913321,0.6492672409326998,0.18865709204505174,0.5076960198324435,0.4919366296729604,0.059022876091247026,1.949372182537874,0.6410848112478168,98.72905126973129,3.742468290214838,80.80296464627533,1.8392604929227858
0.4767219171346613,0.5841870466671194,0.5255949601643205,0.6091659273686189,0.23901888990013165,0.5625241136142964,0.5447713016236712,0.07445136372189505,0.8905561028399552,0.4077310786886716,89.6703132093789,3.645160122688084,78.01909112869706,1.6063353011443817
0.4728183814427326,0.5100894175470643,0.40289770063151237,0.4043363545845793,0.2990203282602186,0.474878384498839,0.502123612073379,0.1438420875836671,2.5697533326823727,0.46200431834559097,81.27281472022172,2.854991403688804,55.238039614936326,2.7023119081056843
0.7583424461962535,0.7071402468070767,0.5290179016575355,0.43206725898554804,0.44731072822397394,0.4940707547220483,0.5458904247615779,0.1051337903196069,1.0980461627756277,0.6588380985725528,113.62909916207256,3.8030437140150184,57.62619318224105,3.0295418553220848
0.7528979873379558,0.6569239700982948,0.44036962903193094,0.5756299491912534,0.2925411096680545,0.6003992678442516,0.5386881643964447,0.18526036093168077,0.29838479235656956,0.6656539161823533,104.62842430170232,3.0839634628622763,71.5964075521093,2.4919522300473815
0.8747365250944139,0.592777628198008,0.4710037850959299,0.5043228327100064,0.2343068772837335,0.5505227072777833,0.6046515110044476,0.1387394973808649,2.660179149434968,0.7466837294236452,90.43403205145637,3.3389108605546554,66.0703129808829,1.8162681182505243
0.44147157285741245,0.6703930142415765,0.32767763377063347,0.6699889390882368,0.4500281153529416,0.5731304590335295,0.5450575147467079,0.00689401178854276,1.572217339520113,0.4334905147707261,102.18634562065539,2.500177293374388,83.9354837019529,3.009132446935
0.39157802898093924,0.5983029327044355,0.30290597138646475,0.5089716505861336,0.44477680560458294,0.4786123184151827,0.5576082026471378,0.05549353064695169,1.0380072389168293,0.4118137774914908,93.12700311648734,2.4114419986451323,66.04008780698182,3.527202954390785
0.5610576200747962,0.7450968286930881,0.530755243501786,0.42018035184033403,0.2234682975669607,0.5609309116659099,0.5096111363682221,0.11744347670632918,1.0432193468877773,0.4547573145254416,110.95455043120553,3.4121155143770636,55.84550760670903,2.5002206841968695
0.6666239374809919,0.5364300317329591,0.49400527676117867,0.4906516166989196,0.27421183633862684,0.5145825196965488,0.516550219789113,0.04649143114629166,1.7000023612504938,0.5439264397189915,87.20510570584236,3.5398459842869943,62.971600483782595,2.2350474555041826
0.596280946529311,0.6661025923009594,0.3211444537262925,0.6154029092038642,0.43393287587706136,0.5454754313466033,0.5163133046919048,0.028597889168261628,2.557066381162455,0.547921747527175,100.69689121249579,2.3605438159434735,77.72456653559418,3.270561270181691
0.4613606431593668,0.4803071983943911,0.46703569016334867,0.49827746862835076,0.5017820391537341,0.44331901974534416,0.5158449492002193,0.18193233882877588,2.8079222541321727,0.4084850436649974,76.81910991656689,3.515577141366771,63.27366818606658,3.6298918789919314
0.694186008424347,0.6124062471400881,0.5831445174813902,0.6099817156267042,0.5031342422982354,0.5265124055472241,0.5033155687876284,0.10868442946694108,2.666207368159876,0.561801119382981,98.36956427465137,3.33399043851085,74.65248816146111,3.240981522583639
0.6824975873646764,0.6849523252876943,0.46906306035968925,0.5063844140313868,0.41991853072565494,0.6473444057514492,0.5586169638677403,0.06063685777458754,2.643748584967817,0.6307969438969835,106.72028877203633,3.049701483679938,66.18817336815418,2.448698228972908
0.7281528255298698,0.6287410732274871,0.5238469617298759,0.45233343959526423,0.3824998493490229,0.454262988976534,0.521228848148978,0.0966557119850487,2.6269601630237576,0.5586574867223445,98.39328755234624,3.5696516035007777,60.89643110743811,2.709682936780473
0.583737496250599,0.5271344903038202,0.5191121000401205,0.444911122079419,0.3255661794108951,0.4795982144540837,0.514842005822328,0.05647841026522313,0.395312665791108,0.4795293424376215,82.81258213937589,3.6003819338581815,58.36524146848703,2.87329888199236
0.6306128155064322,0.6012156042078765,0.31255109165646117,0.5240495213476752,0.2793201517286804,0.5796036497409239,0.4551322269884052,0.05930357458837088,2.557531908867616,0.548993019083086,95.49673135163165,3.083251433257168,68.60062498735029,2.121422265990216
0.6597302803680837,0.6425480099137311,0.5225161970803291,0.5265036729901693,0.31820913357475805,0.6507319939835318,0.49959975494612724,0.05234971320673203,1.3194622134997327,0.580643017869274,103.06814534375484,3.912299204768787,69.38482336406462,2.608788742381328
0.7899344957688574,0.5187191161963592,0.40274916336804656,0.5359565410917402,0.3761955700931085,0.5993870669114327,0.4992374119653823,0.042836725990715745,2.3245495396022973,0.7450604409234599,83.15462783374542,3.3494606097099844,64.70716536833372,2.673974070521167
0.6618117758662851,0.7221494682100471,0.37951994121107313,0.5941925316557396,0.45445046375626846,0.6252935529946392,0.5335966231243721,0.0,1.7702801984640233,0.5234178807482377,107.1246163115636,2.4815621115269915,75.91913468596265,3.05289704650713
0.42895128951467737,0.6465423746363453,0.5701308717474314,0.5631143016091725,0.33000250612003046,0.5512147667980879,0.5021268321345692,0.0031290799654060328,1.0773298289027915,0.3728870060088871,101.37355480995437,3.55944506006787,73.15003920938942,2.838436139670227
0.5645387388069082,0.6025231854656986,0.5689865930318263,0.4757403777554732,0.3407511274928207,0.6094356136170438,0.5113473571809353,0.10190730113759944,0.36970400402941195,0.534793363201976,96.16609513999988,3.8655475735439486,61.79533722797947,2.405306340053322
0.5844429310099943,0.5124337681170975,0.4951441465202441,0.6264877106752682,0.48060205951369084,0.5943129901643234,0.4859288883310081,0.059889209835667284,0.2260323527194522,0.546359854889226,81.06076009169061,3.866309643401122,76.4625787298497,3.4434507245555155
0.38208742218561065,0.535595298278252,0.33629791858289754,0.6245791623870746,0.3253732669911676,0.4640089120152718,0.5313993040821464,0.09686552538138617,1.1763835649603647,0.36391434158441316,84.23619303164935,2.9513780940422527,77.14632793632808,3.141576362820019
0.8101463555050086,0.7503685559535741,0.44105358188258414,0.6593993573669058,0.3274000652525807,0.5333043326570674,0.5060348623960481,0.002510164149860007,2.2824930900583515,0.7295691405982558,112.18936954795787,3.1912619540513116,81.83892871094781,2.3843116112318827
0.4272270455953838,0.5325617784682216,0.479524779695744,0.48972437847739575,0.3893677932132199,0.6237894863760213,0.5239873733090319,0.06635344133883606,2.632636627678419,0.3844428839850688,82.87510317019328,3.3254400338800627,66.78580118581174,2.6708666126939296
0.6364719065727368,0.7205860322942095,0.3481480542399548,0.4461219348317975,0.3056671924756558,0.5715640461830129,0.5216037300573957,0.17520345945144528,1.35817627988982,0.5399176154245895,112.17324067910842,2.881533206558621,60.85312673506871,2.654565931133855
0.7930129657154867,0.6086860157416882,0.5063600853424433,0.42526757105052937,0.40484422386342434,0.5659434743874018,0.505093158850262,0.06824217018356943,1.5118973394761803,0.7174068707789936,95.02769263437776,3.539720190322644,59.17712656679173,2.7514085450583976
0.7220133693503968,0.562217056971538,0.5683706535731511,0.48776771710871114,0.3530503772992669,0.582917489359698,0.5512151056936188,0.07947425933334709,1.2445439094294692,0.6251038188845317,87.9262924106811,3.847517320601308,64.49716939057164,2.4606641742213897
0.7008860515841195,0.6163889643463157,0.4284412166706052,0.6325017084294926,0.22376825749199758,0.6185222233165742,0.46691039289097275,0.08057911913647395,0.050588610246313226,0.5998437131015422,95.8231482074538,2.9412608378239353,80.23368805156285,2.285240516670636
0.3859895906856859,0.7210191376431974,0.4033502747547737,0.45537687336817056,0.32060371670325005,0.5201812412442971,0.477210231164059,0.12650103369213994,1.0282212407665376,0.3279492197532536,112.20784486933204,2.7681770565612416,55.55330152459396,2.3098969396738296
0.6281872239436783,0.6380502629889035,0.5001918589811525,0.40818349992083053,0.27746487374924944,0.6301209234297631,0.5195312483733112,0.0,2.296296650234315,0.5649780356803508,99.8287493216393,3.602892536705767,56.85534928484374,2.8042621426747956
0.4550879507703119,0.6038640838544864,0.3906966017446706,0.6149975035742958,0.3006875235950802,0.48446707642476466,0.5188432084023065,0.1405829985218893,2.9983772015592063,0.3931236936460946,96.5101575294197,3.1116174724614987,79.22427797941837,2.6413102644687205
0.829872848159316,0.6405311041646072,0.3445709998082862,0.5123337255130479,0.2816842221646301,0.5779083308886527,0.5079802288277202,0.09165327258954047,0.5077427923286836,0.722697764072067,98.7532034500965,2.770235924976495,66.15224047806412,2.117296136954392
0.5543040456426418,0.6413580895512622,0.4418468907808641,0.38731118677261095,0.38931646674702647,0.5004502803056855,0.48596538387096333,0.026524011033705195,1.1361190726961319,0.4688158417689282,100.19709654408128,2.9270739968861283,53.3175657594869,3.617673656853621
0.5942711812741622,0.5725046719801558,0.5282503615450452,0.4340595161077661,0.4953027897593756,0.4638985280772434,0.5393712301371562,0.017102515465631716,0.7213366910277279,0.5562217128869414,89.62600688462355,3.8471313313522906,56.803397365141194,3.6932055939317
0.6128212047759416,0.48207383466017323,0.458416601999165,0.5002769930017988,0.5381010239955758,0.49145766417078507,0.4878808322426902,0.09169308833557688,2.2735388787974133,0.5426290718670181,78.76670493388067,3.3346282342341818,63.83781985201402,3.849095564578247
0.7877967281407748,0.731325238017258,0.5158434269763782,0.47851554988563305,0.22778613872681291,0.4778073175616552,0.447840728894094,0.13814693028245234,1.1255291949393074,0.6035262335630065,111.61515806700847,3.3206150517306403,65.34342033259604,2.642638133185213
0.6870600887042224,0.6805501717388519,0.6111286786567786,0.5148728402449886,0.42480610320450796,0.5193540456869083,0.49828506910183545,0.06275568187251748,1.1455728756654975,0.5960171060942917,104.06896427248972,4.09948423081061,67.98287005245614,3.1725679782033556
0.7656436858609736,0.5131189896118927,0.36657230087543446,0.560082131390176,0.4299871538177922,0.5676288487640582,0.5111262322517683,0.1402151568111356,1.7588035295798043,0.6697013803148559,85.62730636356933,2.7875242186369382,68.14922305806577,3.214294339938136
0.5683260323411162,0.5609992382034896,0.4920614774350194,0.5127156002093033,0.4719602992553866,0.536710795342729,0.5732420923828361,0.074118667126395,0.14773320422486735,0.494594149078354,88.2401372814442,3.682765877153442,67.32616213813759,3.0095512491127185
0.6941127371504312,0.6637173581211478,0.5686098541314725,0.47083541944115975,0.44276421069174066,0.5141935905658712,0.5017483212762647,0.1383337192034209,2.760813592804616,0.5478052582823666,100.86138110656911,3.8704759509212057,64.6033334253161,3.5138138741388496
0.49883267291275785,0.7280637235610494,0.3674092724513324,0.5171133149953604,0.35035292384127475,0.6486252841603913,0.5105987583491166,0.014103118820490656,1.067062169683123,0.3742656368757258,114.28509603567127,2.6122131653042753,68.28288434452716,2.466718860190812
0.8609432685406121,0.5407376646423789,0.5753794568893694,0.6638283297234121,0.37034623558662594,0.4962007643186596,0.5368560326757645,0.065005630367714,1.3726362221202364,0.7261509255143329,81.5462151635318,3.7570283883335467,79.36787728260767,3.1269244174743696
0.46796883142761964,0.7191200369217668,0.4431997960804042,0.6347716301014663,0.4488941916053831,0.5408726845030621,0.5139535639838033,0.16207505188562932,2.509337688778839,0.446490504343053,109.35985797852484,3.2507836827970515,78.12812370339702,3.249699643914346
0.743260171758444,0.5470227235925063,0.49197576646322594,0.5910904549711726,0.42365038145099737,0.47165608342048604,0.5037291168864807,0.06825509044540212,1.658128710500094,0.5933573684195811,83.70703259997046,3.3843595162624376,77.55154821556168,2.811206771344379
0.8508050717995371,0.6748215633616078,0.42555510066586527,0.5318435198059228,0.41568011467523297,0.6233480859149171,0.5211661484271841,0.0,1.8273618666398908,0.6638720573179631,106.48487945876086,3.049215299953098,66.32951480088096,3.1092448463226856
0.7637134487433351,0.6654164041196351,0.3396427372484908,0.4330512195797195,0.2733495457008358,0.5914293809444385,0.48670148126629387,0.08015685438014866,0.1456003521890069,0.6867327530494483,104.86311339706886,2.9295372930254566,60.38518873161105,2.3547984299189846
0.5658297764318592,0.5218426753154858,0.5308885271721515,0.6768142512870666,0.2837531860052194,0.5956989022652353,0.47922086261279306,0.059435352577328154,1.3595202356816471,0.4888991889652342,83.4455719717022,3.8598566959895853,84.01843175473944,2.4992160149726894
0.45181708078108257,0.7131067989256828,0.5123218436358741,0.556241270210243,0.2146767909787429,0.5159069317504272,0.48921365985889115,0.0872721078632111,2.1250768081159834,0.3879626806668989,110.48616321248244,3.4214769977667108,70.39629186656536,2.2171431158765267
0.5040001511248873,0.58708138007696,0.549039127361986,0.49216317049592756,0.3927043158513599,0.6275489479548253,0.5657340197311133,0.058092958099965564,0.9265956030364733,0.44274562491722375,95.84468736939827,3.82868504369209,66.47539434301451,2.8899293334004588
0.75699871780345,0.6154081626153642,0.4791796606577461,0.5206228805359987,0.4756250427789971,0.48910102780767734,0.5145141622177376,0.09675497785542748,2.6920168967063063,0.6258362838397714,94.48475248983183,3.2994697810877907,68.28284837739096,3.605084784190999
0.49350646526436653,0.6700403478194087,0.5659582165593133,0.44385736446157287,0.21449894868307,0.577940515660279,0.5185816785600291,0.08348770925982087,0.16617219006281758,0.4338876974864226,106.88586434220528,4.023490843321542,59.865898702158525,1.9246292697002345
0.7983260796665929,0.6653958183820171,0.5938622625391314,0.3919613550181324,0.21676954894850314,0.6233668955160159,0.539073448867273,0.1269643502740878,0.5317085933170603,0.6985317201080984,107.09190348380594,3.9228642204309567,52.21420430540782,2.4373661852155486
0.7197549714405902,0.6173303126423367,0.33502188156679985,0.48435012855261395,0.1814586662185509,0.5517753589666629,0.547909961266526,0.001064475835107567,2.2146504004089596,0.6645093963158304,95.03462454867481,2.6432436923321294,66.84763191849471,1.8576661154381864
0.59087757675553,0.6808853125389133,0.5791900265508023,0.4617649566802148,0.26162820128340014,0.5598901828000706,0.5173050456994893,0.10461885546120797,1.4147477882826978,0.5412242741604638,107.76959316676006,3.8857901090673885,59.70698094773,2.1485021931976744
0.5914253806190676,0.736800958184553,0.39929349570801964,0.44404525483964075,0.1834268196730626,0.4865573991715938,0.5006043047376625,0.06867149265949823,0.2900691490132291,0.4826509924493789,113.77069091609081,2.9539234951539144,59.30589779361575,2.119025160174888
0.3924953704452909,0.6145795790945053,0.46219519589163155,0.4922920875285404,0.27442406516399537,0.6083311741323832,0.4797424891143328,0.10771936746698502,0.3953600059023308,0.3634898069587792,93.92402898854218,3.4134102033155957,60.81968402646221,1.7226545831463602
0.41819238271243925,0.5268960341636308,0.3102824044557558,0.5655591249671648,0.4325682516597294,0.5987696889772911,0.5279950714207174,0.0,1.6822295880462512,0.35295570715134633,83.29174068466396,2.524572484421688,70.37078651377428,3.4799589617056204
0.608696370845362,0.6350721679730873,0.5845913655670395,0.6674156533425147,0.369090171651002,0.5325655303048722,0.5150539365636122,0.12883801217545732,0.4494488581383099,0.49855765846751576,98.46771908699377,3.732271967670697,84.3195342629433,2.7887713867545516
0.5368005893412404,0.7042368942070667,0.44763513174881103,0.426194256466708,0.2815385895865845,0.5370411059382311,0.45911244770818777,0.0523555624424366,2.722892860004121,0.5378518157271532,108.59956117021991,3.1332037666791686,54.98137680429849,2.241867711813026
0.7503370275401287,0.5671526768742134,0.4770129100246363,0.576409786235917,0.3157041999664529,0.6096341695708842,0.4786704073243328,0.024620474738407283,0.794792658667218,0.6308758757464937,88.21661384141512,3.313771867362573,72.54692318401001,2.8068723037543637
0.4605787431221761,0.6784074565376783,0.4608532178682819,0.6533442858461899,0.4832192241659084,0.49239119256470076,0.540731560335759,0.015107844503926854,1.1044007699434146,0.4441350520570266,104.80193682236808,3.2576506509312453,81.0333407124361,3.3910729004055735
0.5561984067676913,0.7052405346776367,0.44328870753772676,0.4110484544263532,0.24657101899425626,0.5913311180621911,0.5077239844734145,0.03240884813380324,0.45354875801176275,0.5126685241474034,110.14341101846328,3.8016750053922927,52.802166929483896,2.25872555756044
0.7424180550803222,0.6606991209766391,0.38429443883824504,0.5158635980421001,0.41068238289424674,0.6648909870844297,0.5420802592915605,0.06258290021731976,0.4775026034394434,0.6555968931719721,104.21462340067373,2.9945084022517547,67.32756311601153,3.291982189248388
0.6592031477217039,0.6162096592420807,0.49103869381710424,0.5695602666550197,0.4817291782568539,0.5907752006747071,0.5291677277093068,0.0,1.5661452485137755,0.563155138582823,96.01964745703796,3.2431302710793126,69.43103302102985,3.496237851304305
0.7569452341915571,0.7481136936434188,0.519128086733048,0.45988137891379977,0.34650647747570773,0.5734922217262706,0.5582926366045473,0.07724029041014088,1.2534564183187609,0.6457213182798257,115.35469799499828,3.91810273924595,62.98192876059433,2.59558370452731
0.6453779920729122,0.7189182952934411,0.30344004012585096,0.6104768705554201,0.48108481123048097,0.5798671492305637,0.5788530117827089,0.12304474860783154,2.523082913272235,0.5454012506393665,113.14736420070346,2.506050965004482,76.7665380559628,3.3649799984440856
0.7085116126176442,0.5165650513533389,0.4679355024575749,0.678322948009846,0.20764718329707443,0.6076617013193344,0.48241865328193806,0.04161653975386645,2.6130428621812474,0.6526155642242636,83.27646955076932,3.3708956599792455,85.99062572026806,1.5650670256457357
0.7292996411997784,0.7396666981693752,0.43600281216685965,0.6085574424987548,0.394744562731354,0.44154187573193304,0.527883553061383,0.07923625507456898,0.13934645185728467,0.6234429333389507,111.32316812956194,3.040085736420804,74.60995212756217,2.589429583325212
0.48524587316226475,0.6853707233031334,0.42817843019102625,0.571926016024955,0.315611307726894,0.6637986186977232,0.5374800295297675,0.08341957620422583,1.9226749945116213,0.41151559054306625,103.23185410981749,3.0983201744038578,70.98891813572403,2.5625427014663886
0.7333313030252518,0.7490517739034898,0.6323815949878392,0.5241382479859746,0.3394051112363289,0.45246858152221847,0.5015645868331562,0.062401572734475316,1.8257151729180494,0.5973244256626049,111.14416129016527,4.143958907736173,70.17938827050891,2.6873713866429396
0.6975105312089122,0.531480292392319,0.5909795356627336,0.7107063580470648,0.3019507060748544,0.5658919365234475,0.5406608711090914,0.05329303344700475,2.0512944743334134,0.5950271961290172,85.58084463639597,3.9010894599360517,90.49786440997435,2.9182818043763388
0.6880698686583258,0.5205132219423031,0.5044040086249161,0.6451757548483258,0.28805187806198057,0.4951892516882345,0.5476350725038368,0.04515410420332176,0.9780703568339547,0.5735921455150785,83.57829720701615,3.595922666387865,81.5945174936229,2.021240188341465
0.610280592121129,0.5047295027840076,0.31765226621873754,0.6353562414125727,0.3465396989893193,0.47012086531983,0.5462785806760465,0.04339559042511614,0.6010809120103509,0.5634309794958257,76.14868017918224,2.909665132743544,83.07871053347073,2.4280462633026003
0.7081549347049039,0.595695677886742,0.31958441463928394,0.6702378537393648,0.45231169934254045,0.6142875612908151,0.5820482488528296,0.06611286057195001,1.1445830839809337,0.6247559839154939,93.69844131528127,2.8444038926457558,84.82305960869898,3.1161065194620425
0.6283613145028673,0.5160495830440449,0.5556595925519581,0.6159965617493471,0.391033220302377,0.6407712912376459,0.4832667059928843,0.05862455318996491,2.534417001108001,0.5372811400892336,80.56073701684055,3.5448560656369184,78.32278860259986,2.9006080817748368
0.6068167058118469,0.6935475281680604,0.4397484159963889,0.5487165915697022,0.28051036254935946,0.5129005868362099,0.5094691313882818,0.06317619504211153,1.2891024211294795,0.5081066079893022,108.71772617318794,3.386994624573897,70.82226707309563,2.475465801642892
0.508810674680699,0.5758597750431176,0.5929890994302094,0.5928363966295714,0.3086774955179439,0.5767252803646966,0.5489750267512161,0.007406804298356211,0.04810920009193731,0.46763713228897175,88.56694752246592,3.9990285806696693,75.48303963483646,2.476563013644113
0.4046651376378938,0.7574087188430884,0.28128790666210846,0.6730640396500653,0.32123717412328473,0.5163092155118056,0.5133035400047727,0.015345015085556222,1.2959627772754718,0.3774493574793971,114.7902026110517,2.3060052319400266,87.0064251667047,2.3591750138323615
0.48768294806906975,0.5941046179718109,0.5499825254463605,0.43485082214306936,0.40341739706834245,0.6011764910740633,0.5073267808157449,0.056453020655476076,0.5177573821478163,0.39425558534520616,92.13529755964626,3.2342540572036964,58.723306876934274,3.0056086006024656
0.4225856915292607,0.7105383122876506,0.4497065836597016,0.6662747961453189,0.2712497362335195,0.6015417237940883,0.5288596618348586,0.1360044776702355,1.6917733737628897,0.4007871032653048,109.29826361718507,3.544275231905203,84.73074489365064,2.7468496092952046
0.49225681062334165,0.5649097618780542,0.5414699737899629,0.4567801763394641,0.4214384740882791,0.5257834549099354,0.5105942529480557,0.07054109652732746,2.1122990531923502,0.47525764746572247,87.21145984523781,4.027079387668036,57.332104140844976,2.919760595608111
0.4588511205812177,0.7399980311453728,0.570310900967071,0.44153848591542344,0.19018619364911352,0.6010315408017365,0.4763759305576151,0.11140311721645037,0.673441503698185,0.41609759540624325,112.07109189989653,3.9577411021052304,57.038691192540846,1.7346091888468527
0.6313221250938545,0.5945544023765511,0.3447509603746271,0.4086910266208283,0.3265518890560012,0.48500458318968853,0.5024518229445296,0.15143548545562383,0.9067481847395924,0.5552652835297414,90.01561079694682,2.5397751677839047,54.65965586129465,2.3667599348746933
0.5447077270538674,0.7078297187217776,0.4064443781925066,0.5583814116820622,0.2962592811424432,0.4852359246583391,0.5359292263976921,0.05407090008862612,2.61769955507389,0.45137256116000757,114.69580891372453,3.071151491743694,72.17435992074708,2.64164867017423
0.6544749967340757,0.6199818440960837,0.5444342353046159,0.4035140149013573,0.26901877451431777,0.555638613046483,0.5355089087526945,0.12346381747596381,1.6384334113901318,0.5645645269723467,97.27459042573587,4.155563029972472,52.59065766786884,2.3391896462731077
0.45054222599984994,0.7336685520620413,0.6078547037465231,0.5321934968613968,0.46030558653195575,0.5686077509938123,0.5442511906193436,0.10908016819855477,2.9895662157740173,0.379194937956947,110.32468017553539,3.9463361342277876,69.11746569872831,3.877789277641715
0.6452856174662608,0.657592613417432,0.5775419756560314,0.4221474053640498,0.41140790376573044,0.6195394841089967,0.467507385709222,0.05631561290257331,2.322403976122281,0.6056619009723185,105.17973390220205,3.751865490836537,56.6344661749978,3.0688462453269105
0.5401558094659696,0.7716752081845552,0.3176172800627527,0.564219100493651,0.2715111378600379,0.505496965116928,0.4859926870938286,0.13993223819482326,1.7434437449197815,0.4727480783021171,120.59382601518172,2.580438698778145,73.91308269144835,2.266211444083097
0.7848494165271804,0.6277851796242598,0.4728943110987706,0.5424991881027988,0.3379642447010014,0.6110162575521016,0.5253802823601698,0.11302529858109953,1.479880741688077,0.6634995198968829,98.7658296733559,3.364168654904244,69.36945080134755,2.834635051671848
0.4620798112665733,0.7298387302182532,0.6174247413218502,0.41160735176846963,0.2398974922275691,0.4946554113850867,0.5297098401312609,0.0628850230041787,1.7621507858059413,0.43910618934966383,114.99723154109329,4.46466102241086,52.82467364163879,2.1557017793477877
0.5768085244911378,0.7183123334701832,0.5698416114702056,0.46447110706553696,0.35271447771682857,0.5953830432212602,0.5007191293344766,0.12747326401691123,1.9914303157508484,0.49393273658531084,110.16321903220009,4.2469849851019985,59.9131486480387,2.8338385126640104
0.8147786766940552,0.529192192325125,0.577737213621383,0.5511129134149821,0.42079725444623345,0.5919161634062778,0.5439549184729464,0.04015759459167817,0.8929935177879428,0.6462857840706924,82.91760573491108,4.172921887466337,67.65871586942998,3.3406914477748164
0.7840775361261603,0.5571033332266986,0.3365431617623646,0.49568573197350485,0.4824489642189183,0.5750579246211771,0.5210436482013605,0.07894595692700392,2.7272175790838835,0.6802320777286079,88.25472552793389,2.381886102622227,63.41249896138559,3.5674078859422798
0.7391304924529976,0.6272919846499402,0.48374744719568574,0.7081227990894658,0.34119970790657833,0.6346194893065922,0.5204092475375022,0.03493344092223044,1.5821198699125234,0.6649153981208935,96.24911360484168,3.642677316093154,88.29827035401986,2.7933642760615562
0.7418768971525513,0.668505796948883,0.5481417091736559,0.5061520548891613,0.2992580738744349,0.38342014292085547,0.49891327487554565,0.07305258110375942,2.866412971485493,0.6518584284028526,102.53063240083388,3.7600881210751425,63.8604181405924,2.3696301639307515
0.46639880127075234,0.6933418385836518,0.5546909125585157,0.6949451836452523,0.33584536858873865,0.5776029146602797,0.5676060032223531,0.0,0.996225726544008,0.4242056581305599,105.6180515491913,3.6699300139084112,87.56346625615755,2.2484086944927935
0.4569725234558063,0.6309106559254105,0.29417017469449364,0.4759641659816043,0.2327354117184933,0.574756364355017,0.5045324756307396,0.08467944181048391,2.566043006050868,0.41791841099831273,99.42254489042871,2.6159689085689326,65.23596634083373,2.4863650967977646
0.7377238021784852,0.6177171402539927,0.5697120211308107,0.6994852158969381,0.3975070251698928,0.4774576924386963,0.45944218497282596,0.07273546190054023,2.4394536029625318,0.6110494957863176,95.10395251990303,4.094396830842213,89.35230816517048,3.0085015246102866
0.703081893995077,0.49335584301985974,0.36898110576777343,0.5630908568108147,0.3925040203782968,0.5662179255358718,0.5179318212650195,0.04928361665499484,1.5684825819327863,0.5717851470480789,81.07644464841017,3.0980101131225752,71.55599170866678,2.7824588345157957
0.8124927713825099,0.553516309956986,0.46218723373826914,0.6682046098853373,0.31800459995680136,0.49332427346414853,0.4240064694541542,0.03567356719176567,2.8729694231660927,0.715344206110985,89.53527336679292,3.4122736445951825,82.044475642425,2.4284722041172078
0.8487824674072715,0.5381622875401765,0.5367271238179433,0.5685025313170214,0.20212199544499165,0.45126987869665514,0.4922013145451727,0.1665327134636307,0.10713284708442927,0.7325120254986915,84.64674115643355,3.2331289161329866,72.15691777455451,1.9637518071957996
0.7988044325874927,0.5184290381646733,0.46819795592524255,0.4585011206588517,0.47095073061168935,0.6187681296807381,0.5519017081162548,0.1127526322761122,1.6020069172424978,0.7125521409862191,80.8897313473742,2.9683804082617176,59.95281828795038,3.5421762610028984
0.8409818055551198,0.5163509271326497,0.5856633343574993,0.4525435446755359,0.3186500900312496,0.6316275745945257,0.4962388028880805,0.05616551541253954,2.9013635347642426,0.7129713330449478,82.1859672841398,3.7739385967503054,58.00973264978335,2.624773241518737
0.5775574867386384,0.626318452168613,0.516392621897495,0.5973561306211197,0.485762805930602,0.6207057682004602,0.5233618936909971,0.10379444787424251,2.784736039314227,0.5260621001757436,100.22348475045301,3.5119890288228874,74.42006850454118,3.51095160723887
0.7195708394619174,0.5656203064761224,0.2691754281025242,0.653745217371351,0.43202609636759437,0.5860733545639963,0.47042845946083356,0.04969515094000579,2.4981692933914394,0.6616609191953264,89.31170631331202,2.413782897993464,88.28512373447073,3.5634606542628733
0.4879615305794495,0.6480236881945824,0.4723198463616993,0.45834908655562967,0.372112385818546,0.4568043347504843,0.5159605468708425,0.017724756193331765,0.6726294366265295,0.46149681731418724,101.3430362359769,3.6885210015743497,64.80280440128793,2.7392024070172525
0.6688651741464349,0.6681978892354785,0.3345594758085068,0.4707565155841987,0.46024395359453774,0.5260288233086418,0.5488942567998099,0.09846761485803501,0.7694415791043178,0.6039108997109007,104.6791815018749,2.679966038014144,62.3158074271431,3.1221236586590293
0.8483497301512507,0.7249558194520134,0.5098747697387501,0.3876772352570911,0.45708678668350794,0.5406608317658016,0.5019677563392976,0.15542454772102943,2.1915960630160867,0.7446412792755758,112.91588268380532,3.3350899703513344,56.47891665636262,3.367635104150367
0.5938565371414719,0.5284069978140212,0.34660245655491684,0.4407978702842148,0.4422446732026979,0.5244601189176117,0.5074153110622194,0.07326952956936236,0.6689324243630441,0.5452031978932216,81.2162738231366,2.858034392024374,62.05056516446535,3.381205715864016
0.7799463544811793,0.760986098817508,0.49893037383032574,0.608769771122874,0.40723075872623943,0.453340271027674,0.5170660973210214,0.09153325000231835,2.35933446958327,0.7032951398335565,115.55886406955358,3.800585524009155,78.75197101576101,3.164385262056213
0.6491854499114329,0.6474993934173516,0.5922092141901812,0.6394098578688933,0.23888302466114864,0.4395975559631493,0.5350686208726143,0.1026903912298094,0.9157929048223077,0.6334008201970502,99.28721186555882,3.829234132847998,81.53424162120577,1.9362629253541501
0.5352815417207056,0.5984107412470994,0.31249064364059176,0.6386704069887487,0.35820861557090133,0.5586547931198051,0.5221694172822563,0.12827413923754766,2.2215550940473476,0.4936714904664483,95.14277753701968,2.631537982011053,78.23805167062807,2.861417817977111
0.5617106800674478,0.5394313684794602,0.4264451532974712,0.4252967394868474,0.3803313872202169,0.6483847546886924,0.5142882641750922,0.08221093829714404,1.835213717527415,0.47435601579882675,87.33791854337314,3.291363170511833,58.181541524766295,3.249283386454046
0.5248076430519271,0.7287527113433026,0.2851118148432514,0.4749295993878117,0.3638507761721849,0.6537080120949055,0.46332227865989584,0.08801032218087568,1.6969003543125138,0.49441203640909487,113.60503172889773,2.708560687073429,60.99450418894282,3.0692447968630137
0.4750170343806451,0.5350239919343143,0.4380796536391906,0.5492339108166917,0.3318948916135596,0.5083656669953409,0.48105051540047983,0.006934955480712565,1.0811952153585438,0.3910733729217663,87.47319244055417,3.095621694238809,70.45986559170983,2.046175315207476
0.6961231363291043,0.6179613884507296,0.4221323740884568,0.6793269570358194,0.3873965738175306,0.6190710506965574,0.513915487291666,0.11321896225421645,0.1862104101255334,0.6257739047995201,93.25640780584084,3.3870314776009005,85.67776694299009,3.927274437378111
0.7680036092019212,0.6416028423236557,0.42505744565398074,0.5156249263074261,0.43136284417386905,0.5772833782206861,0.48495446862753927,0.08710996210219593,2.715401624532557,0.6758519993925981,101.63946252689719,3.3433360850015164,65.38054837354144,3.398010169636496
0.5852475789859971,0.713173002782783,0.49531251743017013,0.609181942578311,0.38715547837931036,0.5143713102579593,0.5129734510428255,0.0838096192631313,1.696416394650751,0.5189426798275417,109.81168086777028,3.5862848925750863,75.86120874240423,2.741581211446092
0.533703774110358,0.47887095434655647,0.5625507067030862,0.5183374550084131,0.27219602430528145,0.5786427339317377,0.529341728334,0.06434033517285082,1.4279491645816411,0.5162895010889472,75.63466072029945,3.961195526000731,68.14130457509067,2.4780317793904327
0.7865099897830425,0.77280521595248,0.3932153683451606,0.7025860128844027,0.4262768622563132,0.5988150033470494,0.4804716597606134,0.07020975998713197,0.7314715578012145,0.6491003977815909,117.29501591399777,2.9780589296626996,88.9389110310318,3.369255351289254
0.635986027071803,0.7192656444955328,0.5751286548515063,0.5189155416401819,0.49482008094551333,0.5194838106222005,0.5125263465526554,0.06701342676509216,2.0811781843873267,0.5810224220439404,109.9773791550081,3.826101834570632,67.16052296945954,3.1312631962286464
0.5505382852745165,0.5382194900250288,0.4563626749600981,0.5452607012267437,0.4711932710057639,0.5244332719006973,0.5018556215448108,0.0,1.394171268750112,0.45048317837888324,89.08131580208197,3.532568178400109,68.78255048764416,3.2690356260101288
0.5343637229908805,0.584963107873802,0.5645525668839807,0.612678187275835,0.4460411010254359,0.5814613565576604,0.4799015599971903,0.07211921579479992,1.814129381662176,0.5395985709387203,93.38758158598303,3.815699462500924,75.78843143890373,2.953589590973952
0.8180039655480215,0.6562485536735257,0.4336900684239067,0.6664569640101655,0.22761252994642797,0.5556805960753837,0.5417956769892665,0.07318245362717717,1.6836169592966082,0.6570220152122912,105.24682268201566,3.0921336323898494,84.13078417907975,2.652970199371976
0.8152604540847941,0.7655959645447926,0.42099523809490025,0.54646427783208,0.38900005267379545,0.5620744137703205,0.533778115641502,0.14209864081768225,1.6384637736215892,0.7016330045128211,115.36087492246504,3.0639176861487982,73.07993863840926,2.7420983486399133
0.7995896359883845,0.5127785598218373,0.5095045377714092,0.5925918661107566,0.37079116317564337,0.5619026793045597,0.5296710343756018,0.12186702674611054,2.781551306638043,0.6904790605149486,82.11342138454218,3.527149618528523,73.2354443074873,2.8566178535339404
0.6011495589257101,0.5085658759923406,0.4027438669328711,0.555326511896625,0.4097602648183687,0.4914828433714879,0.5050186320544964,0.09978607116090903,0.3487372580698139,0.5481935485272962,82.12775012539926,3.127318242569204,73.43836772214581,2.6634897314390837
0.4480679938273098,0.5980147524414446,0.27121781520026117,0.5170570583442269,0.23946322598844144,0.5098282643507964,0.5078995974004873,0.04689949155395046,2.8520458104212474,0.4248804816403077,93.98530671978011,2.3542496431911206,67.4451238987689,2.8430619697814024
0.6405568768217729,0.665825972571758,0.4601537889064748,0.5251546704557821,0.37958167194598047,0.45234030566986677,0.5114550893002818,0.0,0.3144119686187671,0.5717860729478399,103.63131292677426,3.221050536749622,65.69236135353334,2.6625382619491456
0.6472278424071979,0.6864218930351246,0.3180372397210553,0.5517637555571091,0.49235047861455133,0.5341759389394717,0.5094042650384423,0.10763808163804793,2.137182905858964,0.5731315726152292,104.14672698798036,2.9538179659404338,72.056481751272,3.5279170651413234
0.5118818252330821,0.6415688402850656,0.35536559901842213,0.5863933878571514,0.4479481548068146,0.5168820141204126,0.4997079159700971,0.0,2.389788724223725,0.4673133420837948,101.58061056035744,2.8434396821055206,73.87271628938237,3.3091964056480117
0.5628831649770059,0.7716527874330443,0.5334037537030943,0.5690528319227542,0.2601212677358812,0.4901682488758048,0.5136714668267437,0.05059420448606114,0.5600828923842363,0.5152559645952018,119.42700451209352,3.6937454071532185,70.30083068135542,2.1768485169182212
0.7171548161325308,0.5875116021254486,0.42434225010851184,0.5643363001235913,0.27949595466720384,0.5238314324166112,0.5030422431244193,0.13613393583693562,1.1092575239190838,0.6124437581941355,90.47569842435956,3.327288028829241,68.42066315774075,2.8826873825695354
0.47717619272349027,0.63475017398445,0.34459124385787726,0.623312664800662,0.2812421670405037,0.5191048021620064,0.4710682446188498,0.15047046438895442,2.125118988068179,0.4156134325231534,100.5140546698602,2.882651621378436,79.60337087636884,2.3214280549551507
0.6585550752070217,0.5951897399888765,0.4827640583305745,0.4833035637537874,0.33422660194283144,0.5376260833697408,0.486780975684714,0.03566342401472736,2.3172231663697254,0.6057601757355996,91.58471705870268,3.2648690602959944,63.05849661361838,2.8451246610242404
0.47303615501432894,0.5866855372937758,0.5775983960908803,0.4070915698701539,0.3619796676040605,0.5034597084430679,0.5521104636207305,0.04226142955055769,0.3440437271360105,0.4003872285872081,93.55518499745419,3.793300728523462,52.61875382656842,2.4468437664911176
0.49659555897575414,0.4516068960536598,0.34993954583652886,0.4441537448821511,0.4076973727846159,0.6183414919249585,0.4715967257026056,0.0630051218151516,2.9764543056901442,0.4673638643850125,71.75044209472846,3.2052355143888307,62.49506631742823,3.1787593376677266
0.5965915579635969,0.5430665347787175,0.39566967716839535,0.40913813717116404,0.22716413348730843,0.49326873669501264,0.5024933859630472,0.06833983058212884,0.7124300850168722,0.5253515533315054,82.5852677073912,2.6439164831130775,53.71144328468752,2.1106964511410284
0.7224673306569795,0.5081013590853111,0.46514330087296446,0.6208844582078078,0.4329338582239031,0.6179033312770662,0.5348550021840932,0.016706440748849402,1.1554222089347386,0.6604973609027309,80.82919091532371,3.212382385772534,79.82518113028979,3.1511934296731856
0.6143966978982761,0.5821643096233311,0.3515733826426161,0.6718889382866423,0.2208436684507883,0.5871012957177971,0.5007095576785996,0.11232788973125372,1.1030685676090592,0.5246608187807463,92.45340660316056,2.7328508068190773,82.82775453439054,2.234063904633538
0.6447303826645749,0.6555198198781548,0.46275494337264433,0.6958522811687262,0.3286364400282136,0.5357996424535626,0.5284346869849262,0.026012348141486723,0.7907234646041515,0.6198397469007366,102.1567623601862,3.6322197315929765,86.17321909869918,2.460710455721706
0.7824904902573324,0.757246719248521,0.32246410961314037,0.5038586105929542,0.3712093975857001,0.538464322594199,0.4988019709882213,0.11373398511932362,1.6172704350667426,0.6814949759765021,113.2168873744698,2.562126259259702,62.827160375247196,2.802315921838705
0.49509290838355524,0.6928039858521641,0.428250043490662,0.5452913357653565,0.22531995989236797,0.5435878166539366,0.5303535185639875,0.1328278845251061,2.4646195827769564,0.4791259413045166,104.71398570088245,3.48144452133661,73.59086858758606,2.0564359184678294
0.7768322713785573,0.70743580105731,0.4839517391695653,0.676835739946913,0.43112839575370593,0.6386176640402957,0.5103397802531828,0.024098153911400785,1.4279279059792382,0.6993107021081494,107.05589031723771,3.4345890750340486,84.80690422511607,3.1195553653173906
0.7670543217403929,0.7121301204553604,0.5248863871518601,0.6252541533195319,0.473052198144541,0.564079483944517,0.544198284395049,0.07935550338871865,0.18330886945981073,0.6940391515276261,110.61541777150572,3.8060764405776464,79.44584696114659,3.2512886007605317
0.7562797475979924,0.6748668763695383,0.5298843198458839,0.5011341155350083,0.2093906291007117,0.596424003953218,0.5322175248607667,0.0787498881039915,0.16954387316418695,0.6200141526141741,106.89516138967883,4.04261076963073,64.42755727578125,1.3959048639355123
0.4887928451776903,0.5725005347825252,0.40993416729158094,0.5534685128165678,0.4860058343629051,0.4837397852012957,0.487644418605703,0.03965413772677395,0.9399834964539466,0.44923650983466407,87.83100376865255,2.9936659898735507,69.15319225147454,3.433825511059122
0.3880093973477068,0.5264338935399046,0.4317525811242152,0.6531634208363792,0.4294665360863948,0.5121933883585353,0.527831030010953,0.11211772403643432,1.4852773499794685,0.30204996696932795,80.74835021417482,2.6989757377885324,82.00772840054216,3.310537161923898
0.8045303686732429,0.5509956880644954,0.4076068133052421,0.6122740679987304,0.30957202398764194,0.6162463763036018,0.49688716769045377,0.10694725099315541,0.4992962299873712,0.7211245062940099,85.77167592233648,2.6729316447292684,79.46423431819107,2.3391111360205272
0.7180126068799915,0.7077943631369457,0.511009384546092,0.5699291171191239,0.2813975303498094,0.6129334690466229,0.48792927460157903,0.06510032079166574,1.9805639924935752,0.6482136601690263,108.37563702221077,3.4203204074443567,70.85618635287422,2.2103248910057647
0.8212471184194352,0.5695629384750612,0.38603677260602304,0.6025374255682103,0.43414209030159423,0.6035050562598018,0.5210584459843277,0.1630329762374216,2.1644086136144614,0.6526964010597077,92.64156230864934,2.981249497379124,74.58238373965695,2.9957075716444246
0.45972218474733706,0.595321566672822,0.46537677382798615,0.629994914654703,0.44422410403928186,0.5529495354210108,0.5453598924308493,0.04768469936648152,0.57760445317132,0.4635881456346494,94.48527922523077,3.190815345319956,78.67688204425826,2.9254441739949426
0.49619325912389567,0.5537492548298916,0.3739321392204507,0.40048638513024865,0.3869205886725686,0.4495012855165159,0.49803677135949387,0.02976810225570025,1.3902106421581035,0.4320268849597907,86.64424430683245,2.708007931088869,52.52833950533326,3.2477360302833693
0.573945266878571,0.7302062876642617,0.47705760541074665,0.5769891090720887,0.20690012596883914,0.541161322257286,0.5377888743360546,0.12170284354060719,0.4471266275256225,0.49835821835843086,111.98654848739062,3.306677647877984,73.01905124202462,2.3811595627514333
0.6468055650873842,0.4692516192940389,0.42197807739459364,0.640810906808649,0.4907407074939678,0.494289225353675,0.5197017919582443,0.02114636659750006,1.9637295425224157,0.5983192768939963,79.24530074342039,3.116247167947096,76.81805879520964,3.399942741174097
0.5614939390848203,0.5761500716714756,0.5708420286367211,0.595402905829899,0.41808001354973895,0.4944064129738564,0.543451755859568,0.08897598648871052,1.0914981308051561,0.43982910646365336,88.25083170127907,3.75361594100228,72.95874251276557,3.7558483393819624
0.6279639142852288,0.7031410068890698,0.5879433568824894,0.6071032674298437,0.44836944062368156,0.584503452191829,0.5224419432050379,0.0,0.3155648546369151,0.5922108490737016,106.55233010160961,3.838713330263412,76.45350746377177,3.362525906517721
0.5590072902539729,0.697618939643461,0.5257641503580733,0.613806300256909,0.17237955952821227,0.6151592954334513,0.5018491407533944,0.15380932594393384,0.671724394623343,0.4671055102907957,107.44658470156511,3.3017675745923927,80.23078572152288,2.1776926142353896
0.3948490830139754,0.7047233991345363,0.4776026767480932,0.40775830911066346,0.4050165186586964,0.5463613157802336,0.5404258901309856,0.10788805621701585,0.25550150013166906,0.38107065137202023,111.95965852550401,3.5601954046487587,53.8380284618128,2.6227909824990983
0.640635288753898,0.5043872333880646,0.5977269079355283,0.4200913471791469,0.291354502899034,0.6497129507976493,0.5259528984508542,0.0023114304763668936,0.987037841351798,0.5221786520749208,80.10777012109585,3.7489145092850533,55.86015346771438,3.036659521720968
0.44202919097168264,0.7066404324985739,0.48563048561439054,0.5188582291088641,0.44168536610573766,0.566757433250586,0.5174751814096624,0.07979559084280054,0.7280831953672038,0.3784408184575546,111.37446487310135,3.4405882740344103,63.315471274082725,2.669329336344868
0.840594493909458,0.6036749703270272,0.44471859024369786,0.7248784730585046,0.46946184784762635,0.575123043945904,0.5135266294696956,0.05346659334086218,2.646808549708504,0.7233174193190838,92.14723005255482,3.273870158989993,94.12221140096426,3.463715780827721
0.5518697574953452,0.7177507300992505,0.5054582191360251,0.5471283906245933,0.3248977245408164,0.577693105656087,0.5416986144300215,0.15212669015956296,1.1858653832088293,0.4666708874298856,109.08486703026425,3.2889472689566563,69.76711010679776,2.464955912415591
0.6054348703774648,0.7302493189918727,0.3703564443143817,0.5741135397657267,0.2085562626181658,0.4863450647840641,0.5050395436619446,0.13498617822505227,0.8787170264500787,0.5605275143708583,113.67603436243827,2.851425619521423,74.25908422303259,1.5747773845014041
0.7270678991810456,0.6383418710061377,0.31110494138941786,0.6650169409176463,0.37074208854985813,0.5563899484159055,0.562300172375687,0.10027624703107305,1.121200550494402,0.6410885576784591,101.02341236960312,2.715991262523983,83.35333511718378,3.5069766993535225
0.45048003479908916,0.673251157770868,0.3691290170054004,0.5599316281770348,0.21791055838057904,0.5667524620687515,0.49834031221587355,0.04103062785607584,2.157493145336668,0.445866798415857,105.861722159865,2.7631070530908266,70.84263975537267,1.892290316743915
0.7313123761158943,0.6659599351321271,0.43940343355291406,0.4030843894445864,0.4123707368894425,0.6329960976105731,0.4957162135129061,0.11849398923472859,1.8177268296398892,0.6204293127164138,104.98287125696427,3.194695144873562,51.77088641708218,2.892787730072602
0.6536506730505371,0.6623702837923607,0.5771530628394156,0.4700405725047247,0.5009759449892645,0.5153027236025778,0.5119166514704705,0.10348385865701301,1.8822453338108858,0.611853149794047,102.58215845867733,3.938988319169507,62.209775666917565,3.488251730619983
0.599873171486246,0.6749325297499378,0.4509315741525595,0.4210376280659933,0.3033279722543503,0.6549902036478236,0.5368631694385597,0.13681195734331633,2.883373205555152,0.5729394991778385,105.8844154349168,2.7709027773489137,56.53631578986893,2.203162350885076
0.6733231520232806,0.7531074370009843,0.4286633084739604,0.5616473779010132,0.49260481496060654,0.6163782180251607,0.5079530231073013,0.043030082492783256,0.3394770197690288,0.5982096951203835,114.32376940378578,3.122729090673982,69.49528346127434,3.6812298494836906
0.6767199147111607,0.6125681288557832,0.44485029840104023,0.6347366706715876,0.4062394660993377,0.5129718884846957,0.5472425996417268,0.0,2.45003621782777,0.556963827398191,95.67464098178613,3.325613771537811,80.91155073992687,3.29728311273864
0.8413368834263812,0.5402361576705329,0.37284136404462337,0.5473826443205758,0.46065974157716477,0.6555715136040234,0.5126874374143495,0.06120653418471603,2.749238754301283,0.725296994208631,80.74439711279008,3.1029615518758336,67.70282190529561,2.9825634096761777
0.7320434300667864,0.4767936986436095,0.3494534002582956,0.6179846663677807,0.2686551048026901,0.5591733691810735,0.4726498322506325,0.14356058585591538,1.0141272479911194,0.6731208732340098,78.40156664846857,2.8436473276995455,80.69177028188012,2.478962521784726
0.7014307629261151,0.7000684787916278,0.3748950696841414,0.6584418085279851,0.35208095141880597,0.5865979906919325,0.5296654179119463,0.088780628292423,2.209169370150134,0.662910192477827,109.46106718136846,2.876611121067709,83.27382208470661,2.6799880265659137
0.6144264048171474,0.5722602058774601,0.6113282557372095,0.47539609748335104,0.2099930574682159,0.49593849683255764,0.4787265502435218,0.1343910386502463,2.695835422902667,0.490062951677151,92.16383349602461,4.364212268951344,64.00346002528092,2.2103058478616324
0.8111383719735024,0.6397696229191321,0.38543479051308493,0.6924387430804219,0.22339991686791993,0.4973325656893128,0.5850705817609487,0.14741167889688164,2.3276912471675533,0.7007461637931294,99.60075611930075,2.493130152505003,84.33809423762467,1.954721415761139
0.848255517398706,0.5457327990454086,0.4633857378578012,0.42665107230098487,0.24303392596628118,0.4893003264918636,0.5032536053158205,0.1398640318246137,0.9965377497099398,0.691589879865744,87.42272505269933,3.4755097636564463,59.51246860234206,1.9676057671676912
0.8176779638750434,0.6042022335939647,0.4123232136910369,0.6080242581747953,0.3743853813521436,0.5492500092264275,0.5214097269011116,0.07172975456065912,0.041942375518535524,0.7426277976914155,94.09890938969792,3.0761449110638455,79.92145759311016,2.803430339354384
0.620935535210191,0.777336019939707,0.4677481392654377,0.5059036115421418,0.5257800547273558,0.5453638358533971,0.4739430934801046,0.06351984660294126,1.4827077792228385,0.5229803885892415,118.99144864408457,3.2724219405408794,67.1575688797126,3.5814043898581653
0.605653302848214,0.7044780784929096,0.5543865899533067,0.41738443135238146,0.3212566555750099,0.6603632937710153,0.4961834543956806,0.10789599673527396,2.912542204455028,0.5017701594018411,110.35957171865486,3.7406336716521955,57.69037099223069,2.478851787640002
0.8069330273686323,0.6668735336754349,0.33889670138179123,0.5272697055081139,0.3152156112752233,0.5664980794095482,0.5072250446580805,0.06009084464514327,2.1391178257758954,0.7209364784347824,103.78689394988184,2.7425996584542744,67.3918223106618,2.303182448626205
0.7158634084677873,0.5427752439474981,0.42449555503772474,0.38816518443460996,0.49321899534313557,0.46381610673578316,0.4823826619118785,0.0916779051374008,1.1596736211944778,0.6260336967559592,85.62815177332193,3.462215405945342,51.86907805923152,3.2235991151364205
0.4723813626708585,0.6728821964775845,0.3521680850345463,0.39496968833327173,0.20738725725612286,0.4747129450962719,0.5633037277247793,0.030927206681120305,1.8550209518398235,0.4467528741733091,104.3918604452091,2.9089071096840273,53.017660583011455,2.202274267506701
0.5793661522529913,0.6260893306766798,0.5575256549093308,0.5424635359668053,0.34517288859627887,0.5239053681715671,0.49147176085844324,0.0,2.9107051872840617,0.5127296673380266,99.03277384818006,3.8318035197639593,71.0844058967532,2.541679785161322
0.48331030850010054,0.5093609886224147,0.3101246291118641,0.4105397352406834,0.3269145822430656,0.5467377947762573,0.49115374662242667,0.015317103304395402,2.2992150707053267,0.47206403553703213,82.44026667144999,2.452863185889134,55.57523026039852,2.8297198032118587
0.45071653074841445,0.6918698368829449,0.3032843658462658,0.4731022905805253,0.3901103718387785,0.5468957620350843,0.4995287420089072,0.02856710585926283,1.7911860628286622,0.3948629839570661,102.76103293089086,2.3326647674557757,59.358014012366986,2.954548165050872
0.6197944865286951,0.6044908916102787,0.4132073861546276,0.4873700217057009,0.4269700038003866,0.49454515191207377,0.5142916452282512,0.12720812898267514,1.914144603441033,0.5219702084121101,97.57469198069867,2.7819765747589993,65.44543568658278,2.6797281079302433
0.5435283799012683,0.6627904788356569,0.3257698581649035,0.6493146650215094,0.25276795933491736,0.6093917833653943,0.46956211505651746,0.008774739542674239,0.38722099592048853,0.5048561507389002,100.28761752856127,3.060576273991532,77.84008074079831,2.332259856970544
0.7471411004028166,0.492430654102789,0.5341290987117004,0.6168296312125938,0.3435245255725318,0.4947850523407285,0.4380729478402038,0.13262684027780272,0.8153415035735917,0.6527263782990026,79.55221162326613,3.92984502768646,79.00371687257658,2.4150781996767643
0.7212863005008334,0.57427604115787,0.5145894173014859,0.41164616869140774,0.22391331514538182,0.4509985598005287,0.5092040770971468,0.14766531146457426,0.10625691984259122,0.6496584594642635,92.99764729611498,3.5826567954436364,51.957898079371496,2.511260486161767
0.4420097432886795,0.5517723696132302,0.4231307925669809,0.4365281430409786,0.28283144032802066,0.5498333960835455,0.5231310866856118,0.0829945660540941,0.05289422680207412,0.4181761720354292,91.65475137636774,3.242084288773059,58.269943375478555,2.566148138112804
0.7266142282559768,0.5984236713663268,0.3630396587995849,0.4038002277228393,0.2402009825216651,0.6298169375866565,0.507361902250667,0.1398140715655432,1.4835073643877665,0.614968943274254,90.98534880259696,2.9760719999855114,54.22628243698726,2.0266331535004825
0.5850717576538422,0.605973874164713,0.49938257114447293,0.6266831985988093,0.29656697245347613,0.6430569143410784,0.5672710703628708,0.12022266188768581,1.7417010707723628,0.48206322090160714,96.70901714471849,3.4027148936695637,80.51643501364435,2.764630829337117
0.8663120213755728,0.6198706564519799,0.4178515934807062,0.5706406837893949,0.24349819357891828,0.6137386384229672,0.4802409734457354,0.1478213156481317,1.186797545549482,0.7193316404665203,96.95325412655839,2.9921877052464168,72.26709623529533,2.298014741850463
0.8271406739861278,0.6722928093701119,0.5013654818744204,0.5971081564054129,0.3922558456087665,0.598118244111179,0.5367676666752369,0.06498312721861212,2.9917052147627605,0.7363910002881118,103.7722676389906,3.3617039180594444,76.39683757629287,3.0615171022453027
0.7255375720756585,0.5357128440711246,0.32653968743602774,0.6234809146617981,0.3109157602981799,0.4603982210208065,0.532280976703627,0.11060899083824649,0.9927356570351238,0.6593233280218306,87.06045563445775,2.9353367740441807,78.96245584065056,2.057858448341513
0.7429293105680386,0.6689266379124915,0.5675007361735399,0.4803910482081914,0.33965903191777186,0.6213862745532991,0.5286184159708603,0.1763749297087117,2.3071844201435128,0.6578747574668077,101.1394311733385,3.544296040577925,62.84275193044718,3.2358298416728672
0.675725334523038,0.5824283883239096,0.3453922840314079,0.4652411732154042,0.3708021751079902,0.5101627082499933,0.4841826829280316,0.12368101945825953,0.5542949652640707,0.6061455853066338,91.98317040162082,2.9370178188365923,61.39232845022933,2.8486883251856376
0.5842297974060687,0.46093460791059104,0.4831352314911078,0.6764387866209334,0.3210706033126113,0.5349033228793411,0.5116801923040825,0.10725372095998498,1.7433255650955162,0.5480258309913101,73.60035424914459,3.3034048099507496,83.62274862346905,2.1548019391741047
0.7899546654472557,0.5684825256161108,0.39529751723123213,0.5586513191635382,0.3656512631873053,0.4525732050366118,0.492267396419824,0.1026622409417,2.148882991460515,0.7134337533897667,90.24776960648582,3.098218853882987,70.76267157808105,2.3553245578802
0.5503532083815068,0.4988606106519115,0.29980640951435955,0.438110185179687,0.25438983746121324,0.5800664448351145,0.4702027778265814,0.12258234202489232,0.7269170509992641,0.44056727589615846,83.46629993258512,2.3111101441522277,57.71905386557332,1.9071959924584554
0.6529142199771449,0.47509293694662924,0.5490597449137863,0.5157111999558147,0.5338964234470017,0.6033793508434977,0.5536696202769908,0.10887597627022197,1.2404738744810404,0.6123943278508035,74.95903150402692,3.874994589908381,69.65071644963201,3.7950861558942997
0.6442388294758113,0.6850655382816722,0.5393704781128669,0.35641017370773975,0.46483154998815546,0.4879709455631539,0.4968517236429183,0.15881847843725946,1.2603842369868543,0.5282172228635811,106.52652594754534,3.790143585158217,49.0107400202045,3.329935440146115
0.8107003027069384,0.6219882134326103,0.5101300059026642,0.4981263004181151,0.29432365520048265,0.6081193194838179,0.4975968449496382,0.09306406188710215,1.4456736938113186,0.7438072901129861,96.58313558472976,3.6050898814640795,62.11312467580003,2.4072962705777856
0.4896303539197299,0.7128822648318419,0.4532800694009899,0.4406808408235549,0.4814674030285449,0.5807281959128603,0.5073321319693589,0.020486226588215695,1.4205257632231936,0.42688235455997336,111.6754633949891,3.4853871581333356,62.150776550575586,3.533980122801303
0.8648556176833428,0.5899032759615235,0.4952070995925984,0.42606975508794653,0.23338491795849972,0.4702810432982007,0.5407442050731894,0.10672294877715709,2.3262435448992704,0.6874065342660797,93.00511233759703,3.374897819341302,57.86469466807648,1.9047064450725841
0.6917659381000986,0.6516768923443381,0.36597871765560347,0.621709691939237,0.38093904649933097,0.48332521610580725,0.47555266355031817,0.03817123233235361,1.4504071929700535,0.6326545185072507,101.7671206586157,2.8522324142993525,76.19221338718198,2.9829070810880376
0.5726857000926945,0.5570564015517981,0.4499873925500965,0.6966505675358983,0.4700938600357584,0.4645433853083432,0.508109677770968,0.061478078534653514,1.4293372088814857,0.5066494963498397,87.87412391816662,3.4857661059976173,89.12887393672808,2.9600053852231882
0.601272148584086,0.6665250458050967,0.5866434162865967,0.6673317136597857,0.4484185149091044,0.4069516536208819,0.5130242197295709,0.11313029466312494,0.19751322649290748,0.5260087261968074,103.1072502880108,3.8294119376493536,81.62451761866956,3.439134323098366
0.6687967246858052,0.6670402753613671,0.46438391320478273,0.5773465806809243,0.45496061619165123,0.5169094689765571,0.44665440910620097,0.030217819184598135,1.3987702233521202,0.5908449896006152,100.50559343489104,3.3115024136946904,69.90668889815863,2.7783675954196854
0.7060961828726903,0.531249603954511,0.48234484336087585,0.5085366331319602,0.3259846476922312,0.5778736657770124,0.5265782176697654,0.07487734566331464,1.360060613742586,0.5482633337530352,85.03963729657556,3.5436045747740783,66.54103211235257,2.802053566804531
0.8440830368088755,0.5416322034344703,0.3213753393280688,0.5262032744615284,0.3070084236329012,0.5193180560907257,0.5100228024002535,0.03166213517494931,1.183658335180936,0.732262866254551,85.11687081014941,2.781975673292688,67.26156722085798,1.8140701808701123
0.6422054956871985,0.5657290302822933,0.49098698154669224,0.483355643967608,0.3666502651753411,0.5171779466318885,0.5210239559368123,0.07757657480612422,2.4249791967646934,0.5453237627736361,87.65523438629103,3.584609463275419,62.39515115868056,3.1003737274327583
0.8254229063691935,0.6335728544279342,0.38642103320932336,0.431365606584773,0.35431431915531586,0.6483591684886094,0.5500053163645974,0.011080548188300114,2.3264872549082343,0.7044553166318409,99.89574092058375,2.930642529993007,60.256939039071206,2.960213441011992
0.6267154677975401,0.5932614846306984,0.4144751597509301,0.6986795759576371,0.29175432373197113,0.5595550027762809,0.4822909550441448,0.05320493387754151,2.577115108638899,0.5623340977688964,92.83584148700571,3.082109407387201,84.04612052194774,2.283655424953028
0.39399243522400085,0.7036307102055289,0.32214961088747435,0.6983236890790968,0.24610042862388276,0.5862654077386222,0.5555198377245923,0.02982037295192916,1.0669452984950905,0.3168016035689264,107.61877426610656,2.5633817626442577,86.38615101111962,2.1967277037592297
0.38246545306144625,0.7521951144072316,0.3697598942179048,0.5884799455346772,0.42475373150033846,0.5615829968549573,0.48469566701330136,0.08624776996366347,1.8858936467066787,0.38362265203348406,114.81851634593741,2.959971162953005,74.1576257136303,3.061742336472911
0.4220828898826421,0.6627381503392189,0.5642662566983013,0.4604186166881624,0.3989314809971362,0.6138589821042969,0.5121040998573791,0.12892661811786138,1.0169125115746795,0.4179945751477031,99.09653774387007,3.787088782735084,60.82903068849988,3.15909891916045
0.5202021024173387,0.7110895844191649,0.5369672505193511,0.6558218076687861,0.4241968104541243,0.5288404368787352,0.5387298675308975,0.02996726778945842,0.4891976020801907,0.47498387081843924,103.86465448913955,3.4055904265495176,83.39097786865061,3.130069143236511
0.6522516705567393,0.7546674224315283,0.5273638401811319,0.5703994150279543,0.3687060959362541,0.6110922257994302,0.4957553875692754,0.03352004172128447,1.871587624851988,0.5395960050384927,118.01347776580592,3.678816839721759,75.39158487851678,2.9526538729293508
0.8010546170307299,0.4988502778742776,0.4287523579643318,0.6906587453799675,0.2959563986496934,0.5144792943831491,0.5535983805287776,0.037511237108635555,2.2779707057352057,0.7090299869051121,79.80730706549184,2.9662015137541284,85.79594153152634,2.418654139200141
0.610324652844695,0.530694907022239,0.3993902130787387,0.6635221898914094,0.4954031525670103,0.4831860679693526,0.48640113243951827,0.10914744808329621,2.2254387277995455,0.5405876763709884,85.03696836461954,2.8437104473246193,80.69088721926587,3.1306307155287416
0.6788553564710431,0.6117565012207833,0.29980283264601876,0.4697082708616303,0.228169226914005,0.581238957237786,0.5332442961945387,0.09447729305908832,0.13577494161165438,0.5855195796517672,96.93015217866282,2.3470838110634182,59.6204409042237,2.445998398821072
0.4193691335827099,0.5653464198407834,0.46294172331090444,0.557427440633312,0.4092919395476731,0.6026092755688391,0.4979491261598892,0.08382322831372113,1.247183697838591,0.3397279091106514,92.75579597028472,3.2936036510893043,68.92161976791394,3.342499228249477
0.634586707678438,0.5688208403765469,0.4156597107292318,0.5765187105155161,0.4397494667488725,0.43762983682058104,0.4871923397959165,0.11301374015925447,2.2342520791557146,0.557550096004153,88.38855702210044,3.3922153669023745,75.61588936029263,3.7632337205516935
0.6013252091558883,0.5507496561963717,0.5690656773957793,0.4802306369464929,0.39745616149273555,0.5623090875971094,0.5452536791902924,0.1309948685795882,1.7007898565390538,0.4787792662710417,88.91838323519382,3.683074640282697,62.679548128465896,3.400082753372834
0.8089001715291737,0.7830782918573802,0.37782957020595365,0.6049979051323431,0.3933414422209873,0.5039747197950915,0.48172421314258057,0.048372995617093816,0.9650521400011033,0.6784399479038328,118.6460726352088,2.9811569292064797,80.50117976701789,2.944261684999761
0.7077133142965064,0.5605395723029178,0.4210209281527861,0.4720818857931544,0.30953388566538903,0.5228364957690215,0.5259904045198739,0.1251933758792817,1.1004302842664062,0.6058280909068445,85.04182507669776,3.066176367847732,64.66494624129739,2.4440330040415663
0.43803142405991463,0.7302302796406157,0.5968666474038107,0.5352956799215625,0.254875266872673,0.624016780043837,0.5511557883742157,0.058825951284310375,0.3163968900282583,0.4419687644689804,111.93154241711366,3.862568604534381,66.53105589803795,2.2619209435829433
0.8090110858189267,0.6536066087895548,0.46786260624964676,0.40147216900508853,0.29236960035747284,0.5139276023853051,0.5615877403192202,0.1403260014329407,0.7195246741727404,0.7071163113351921,103.4694402729455,3.4416136310746928,56.30325864713512,2.0250523382562653
0.42337181216413033,0.6532952822007221,0.5204502231092777,0.4635816478484388,0.41792512792790837,0.6477130226028863,0.5238634231141888,0.09256088590231293,1.160883238553212,0.3709195012128814,100.67565172656667,3.823705709947149,59.965562374602214,3.3896229411574255
0.5848678870002239,0.740597168504035,0.4969646839099358,0.6603021497764213,0.3612984296502296,0.502350017502563,0.4937610145271236,0.0895905715544009,1.780428599562914,0.4896688434339975,111.8763348633802,3.6734518707274555,81.73146225244794,2.8835163265630075
0.516943858283972,0.544658529768215,0.5193075771295382,0.6328960072118602,0.5006582492215909,0.5249069972791309,0.50177257062927,0.14768004754986558,0.12038636723476737,0.4245270837042559,89.28298766607729,3.749396401931778,77.1359622478227,3.3315487389644773
0.6319876600671009,0.5818983628684712,0.3807397013825084,0.4104674278148841,0.4199389158675091,0.6547952773454445,0.47446948404076167,0.1351192125955591,0.7318904442556898,0.535976027259869,90.72387979787672,3.0103192289194918,58.04285328392191,2.702322656976481
0.7032887191851775,0.7144153520183225,0.3937667415007046,0.6285441025600674,0.4808101532375648,0.637005016471219,0.4499813742151834,0.09156489278605115,0.3383116754674592,0.6479344768133718,110.10779554642971,3.101369379040756,77.32292260656186,3.0090798283216595
0.5354997830977358,0.717414130703884,0.43232077352589526,0.5002916914368805,0.4736356548520172,0.6241427606369891,0.48661156159599783,0.05632435975902557,0.3347069771544813,0.5193427691238566,109.64919504466751,2.7743300126432597,61.54542325392371,3.994165958862518
0.8143448529759237,0.5822972319426598,0.41556897253583197,0.5149251887182823,0.2393786596729746,0.649751943724502,0.48604586957600104,0.03149558369702529,1.2505219777811032,0.696492949490226,92.30258105972105,3.2928690124755113,65.00854469936908,2.5812741919852757
0.8124107814753201,0.640247967575263,0.6095875537604041,0.5376913270331146,0.28164997689972515,0.5804199251610956,0.5360063419935833,0.12999280934611396,2.673309432503108,0.6733066639135318,96.2630681881116,4.125937446296792,71.67506253609689,2.641014212722999
0.642953954150669,0.6121008241104281,0.505144428021114,0.5518271793834217,0.46682748994905615,0.4647855993865199,0.5073250253609877,0.020187248567330562,0.44160738329372706,0.5724556314452929,97.34120761514387,3.5291660566516825,73.36826685589605,3.676573823241662
0.6608707928860179,0.643031275631395,0.4377664058145695,0.38508456667300284,0.30101071265720625,0.6174599940028942,0.5075148665387752,0.0,0.6006479912535053,0.5760988030096685,98.76842512260205,3.2613576275757525,54.94615597007199,2.1243556455537593
0.5637665418642137,0.7363545390712996,0.39419038701329095,0.5173490716640541,0.2827505608889835,0.6758600702349213,0.5606763954944637,0.062183617201961666,0.8690880617963156,0.491036039641322,112.13225109210356,2.414208690306835,66.86065594642704,2.191281426776865
0.610255324171608,0.57316850756357,0.34744204070881884,0.5859961511514941,0.521182033497056,0.5645697490463627,0.4646111618020171,0.11494564065054849,0.39737037260063535,0.5581008119594995,91.34811471052586,2.408022423990382,74.40817216164596,3.097194320275146
0.5274143455857871,0.5950337924425289,0.4041830490064715,0.4200034364551076,0.2448078313263637,0.6442057065322893,0.5276690808367303,0.12056001509276436,1.4462495966614384,0.49622014928243696,93.46187738387628,2.9054710537559347,59.02457075941702,2.083317971248673
0.5686237903660165,0.5392825485866486,0.34300793628551496,0.6261504348754119,0.4189191751048474,0.5327835258429016,0.528115501434935,0.004300220128657953,0.03907584093877314,0.523377684964135,85.76743739399197,2.9787799525812217,79.89645116978068,3.0854223158008494
0.7645014901719422,0.6923739095194442,0.3441848580776397,0.5292123468756487,0.32835913812518913,0.6807929444271485,0.5657228952742878,0.06198914919779804,0.5358951393806559,0.669218663717598,106.65521208592736,2.2074371084403985,67.31863225799893,2.897400201098494
0.8158507067786029,0.7071854883907386,0.30993158353052885,0.5883327721382801,0.3276047749450991,0.5763458098793817,0.500574638243133,0.13332081802465354,1.3120891885553325,0.6976215781321252,102.23149920691986,2.59958312277359,76.56176886213314,2.370708719563207
0.4443004875633776,0.7502406460668954,0.489539375822581,0.4474094826354601,0.30370288258176575,0.6181330231513945,0.4912393045768225,0.004018191171227754,2.513446772430339,0.3985092819808601,114.70200863804136,3.37575834597274,62.25624489342704,2.8970427610273286
0.5819615616114004,0.6849178961730742,0.30848011154801547,0.4486971694169335,0.3907004871881153,0.515972873270057,0.5918307655728787,0.04225052081817065,0.23313592706667163,0.5626610754663527,102.58369629344485,2.696365383994199,58.41482224021,2.8380924332833115
0.4360034230035665,0.590361651782609,0.41379902767628224,0.5077418740154825,0.35944999779905307,0.5763674366733681,0.5571090244521375,0.09771635303442855,1.9899535310234429,0.37458741486647806,92.72655870598653,3.0978055846867107,65.16029882849175,3.0288051347373037
0.5873740718723379,0.7520665117350713,0.5625064966418226,0.6203122337109244,0.35708910231198965,0.5213300017393474,0.47703037723076364,0.06681541219103736,2.4138673246212137,0.5564910336854982,115.05800477693917,3.8803183601690487,78.00013759602324,2.8948941482425976
0.5151675451938368,0.7590216169041731,0.45157351829766373,0.502156603710344,0.34797274391862326,0.5488570016197859,0.5154046627560843,0.11704428022630045,2.9478299742142333,0.47398836614977663,114.34612760407462,3.142855952250845,63.77470446148375,2.013449794029933
0.7677302503813829,0.6958061083721486,0.45712022752029563,0.6497972355295898,0.4169837379188123,0.4926816419551491,0.4984821212497022,0.06128390575485676,2.79413915781286,0.6783384732827185,109.6072102728654,3.3346440785423526,79.80445120893111,3.6208918267876817
0.8138978583270128,0.7396116628075677,0.3616498822948642,0.5370561937395298,0.4749299535827284,0.47127075636911164,0.5280772216011165,0.13701271175487856,1.8078488308040725,0.6703329974227065,115.52268500235436,2.821013656481049,66.45967480049954,3.421347257215164
0.8020219878220237,0.7471721939079272,0.4161333847973772,0.5997930572537263,0.3375892906169431,0.45421713413378817,0.5923957116622015,0.04994018849391954,2.900092850382964,0.7112575091395644,111.39039125438413,3.1322198346685965,76.01542972253408,2.398068936786707
0.5958774155945349,0.6078624145561841,0.4607621920990889,0.40398886818296714,0.5129402056491907,0.6443577078470695,0.46556830143267314,0.029683151648372274,2.908375700462123,0.5300612354580504,94.69297109990606,3.4469943885925574,48.57123420566743,3.965336946756476
0.7745819381398452,0.6307567216629406,0.4712729099542277,0.5719350337590994,0.21720295873245804,0.515712991617333,0.5523543000319089,0.03435960397066102,0.9436867213845974,0.7092378362529245,99.60075608601123,3.563777007724024,72.92038652051744,2.1537160834512465
0.5768211428246016,0.6885086356227504,0.5858398184087588,0.4878777323487108,0.22017949582904536,0.5201430013231523,0.49061026838755334,0.09676612698312592,2.8066966806066587,0.5243001360632303,107.64166592893127,4.162094261453794,61.73723538056807,2.051372680433931
0.7193246912230216,0.6462901999345932,0.5159829622483655,0.5013450184313161,0.46189558383312557,0.5299823174338839,0.5400151899539001,0.024209649411176006,0.14549210668181456,0.650956412365044,97.63610762642273,3.943198925514116,67.43346942427706,3.2250163361184137
0.4538620082893604,0.5410389295199245,0.5357160171698586,0.669402882422853,0.2986523614364919,0.6379240629433623,0.4883753507114408,0.15341888881287336,2.911862537060537,0.4817819981656884,86.36575778499244,3.7058654694627493,81.38241527424304,2.120475763698985
0.8005757496559394,0.584477769653847,0.5610654167103397,0.545061920984953,0.4685616453623867,0.6486004970329919,0.48447944190313885,0.12979864729157053,0.858336069683589,0.6996959147122673,91.47370036394383,3.731338247838954,70.58663157200863,3.402122839209309
0.43790851444583434,0.745690555462535,0.4588950284691425,0.6083726602873423,0.2351810972379896,0.6053517019733099,0.47200653520253444,0.145374723484329,0.22052483040802573,0.39743938517831645,114.84836143282952,3.0241656514928654,74.52665944622719,2.677802397043434
0.790012103450174,0.6420797649250269,0.33398832827613345,0.6230878940274541,0.368069213975038,0.6049939956683335,0.4771581981309107,0.11466164412611855,0.9270804378612942,0.6690426971901681,100.94363909320776,2.677380297104801,75.76627679448482,3.0324420565235397
0.49419946210513926,0.6815833574052501,0.6007515833174499,0.6488061487315848,0.45357801941694476,0.6420059492923942,0.4868267859633193,0.13271542089834937,1.6528866642561726,0.4127886977242122,105.54656399006127,4.11387263532757,80.44972549656903,3.5327675387607496
0.5615432452135136,0.5901871729671496,0.5165412996713659,0.5272841326266963,0.275060890135366,0.5065920516652588,0.4818246053441402,0.0010568363251656733,0.7362317762623846,0.4840956364953032,92.98258275944458,3.750133114340544,67.74485810723229,2.176502235096477
0.8360046140592714,0.5804136726016016,0.5216137936171823,0.5903309023332851,0.32963185916402893,0.6316305761989149,0.510752842764021,0.1006342662333707,1.751511781506974,0.6994418984097739,91.8098858630653,4.025523400444637,75.19385661814066,2.277559102029101
0.8057242112830253,0.6779859922236391,0.3594714881565302,0.5057539996249201,0.36433888236240203,0.6283083390399022,0.4913019943117048,0.12340350784991137,2.84515327881785,0.6935359669303521,104.3508645908707,3.065956456330711,67.60003154355633,2.489456177707079
0.4168411663195285,0.7336850961539343,0.5334438272839181,0.5366549477435518,0.4575691463535821,0.5657187175982699,0.5315809967038161,0.0876181934138112,0.40906138533227254,0.37503181698980553,109.69372636464576,3.878289749913799,66.08962076323239,3.2215953841567857
0.8021089818438073,0.6460444620568974,0.32290300819329865,0.5252711776650195,0.22594628710894563,0.4601765691990829,0.5118150573643082,0.06266934954901617,1.4194951447022146,0.7317060272437259,100.97939135882247,2.6702298462541245,67.31570416595615,2.372999343271079
0.45782196507340983,0.5261695904077336,0.4807068992178493,0.46931912033266754,0.40555809195253284,0.4829896057325173,0.5129878953608837,0.11459108822554834,0.3326418257954551,0.4528105405000348,85.7659861525987,3.2377027115921666,62.51022809463905,3.2891965624819695
0.5114525140000302,0.5444502218452869,0.31633008607151103,0.46766584820298124,0.4350330918895589,0.5076133400477219,0.5511376318961757,0.051661950898555,0.03380833856819487,0.45867917808534237,81.80552427932504,2.4888403051048913,60.50254788650887,3.3103478100725106
0.392209991628818,0.4993622710898795,0.33258381092164874,0.5097139306970506,0.45817526792580154,0.4872701234122304,0.5377250620099143,0.04842424210325724,2.1376231666308456,0.3715276742025489,79.9832765378598,2.754441002996318,63.32801919825979,3.288891466382961
0.7202489126523934,0.5273806941643614,0.43808951358119663,0.47111061511052343,0.2983736412413644,0.6500506231977438,0.5049404825965375,0.06642832115495995,0.28578619687636775,0.5933000048627503,81.38810248703342,3.294102613513254,60.773589840095,2.2173433083511167
0.562266471977897,0.610650965908559,0.49180536762427496,0.6438030163948495,0.44138632178347736,0.47832169336316555,0.5672781415830482,0.1790612783360302,2.263281087479784,0.5448790040967634,94.25554268023622,3.3596000333473874,79.36340219052488,3.5721960155026014
0.4395639919064246,0.7135212895039572,0.5193355550602174,0.6715965716953948,0.3496827692541846,0.5126914721721814,0.49656723469530023,0.14126894564550296,2.0582278927865096,0.360492953008683,110.18318811832127,3.760899126093765,88.04627848792856,2.243295538277523
0.7025487651513244,0.6803668029246253,0.5094989352812921,0.6675968062703466,0.22852566000627694,0.5842733193331641,0.538453626579488,0.059729618355865544,0.8707536605727203,0.5731930425722737,101.2318856757101,3.4376837901746873,86.45711199281655,2.222075572770818
0.7087017410619638,0.6728851609676673,0.3225843585670813,0.5757997340507786,0.27876112208070564,0.6603717025768399,0.48613098504444224,0.0882326894911647,1.6556854184974374,0.6493725133449161,103.50400597900136,2.6143728275626064,72.98157990216424,2.605494980545067
0.4029872066050743,0.7143153356716764,0.3522981244721919,0.5940660235608461,0.4545633848542486,0.4320241444146424,0.5531412507624522,0.13289907871700296,1.0405299136964212,0.37588398760281916,109.41911460693602,2.8956891527787443,77.17246721975256,3.5424052842903886
0.4371231150533144,0.554569002199621,0.42332182102170113,0.6405834274619543,0.29554965219073126,0.5035624388173099,0.5435048167413111,0.07478127829966895,0.9765539448937957,0.40946587796889433,84.24212169503032,2.9951795697830432,82.42109662078484,2.4451295269129876
0.40357688542201076,0.6612739334316714,0.461262775352543,0.6893681415366589,0.4128087026777124,0.48100794693621185,0.5007760259181258,0.0485287139212983,2.239954298512785,0.40848667395298827,104.40941026388349,3.559123910864148,86.6658457703364,3.50834123462381
0.5448956659969812,0.5907326268290788,0.3112524034730151,0.6783573543292064,0.3253536053983834,0.5028336717056437,0.47381739964201974,0.0,0.26204396544428765,0.5028425234393529,93.3251510566039,2.589247867122352,85.84027957923414,2.723143004099164
0.7359566593841779,0.6597500294364875,0.5950408974147001,0.4481923636767517,0.25130549905215893,0.6261208081339266,0.5217408561537522,0.08898602279715656,2.4902192946167316,0.6337484884268746,101.51104337809473,3.7552011586585676,58.42272447479906,3.0016572930370473
0.49311589172823644,0.5011706267624425,0.4718004303563557,0.4732397745610311,0.25546418160024553,0.4796570498037825,0.5240958379430638,0.0895720759467458,2.580149639088651,0.45874796808941176,81.74467096711396,3.395374734432783,64.69525787305574,2.4727361561530046
0.5976001537213845,0.6342477565987397,0.35187571918293525,0.45424085733929304,0.30553111409002204,0.5938311657360957,0.4632457208540554,0.049684121014711896,0.6401157220645867,0.5754302238372687,101.04084672250482,2.7435655920172017,59.051868494208826,2.5743581867566263
0.8282758598247689,0.6545151755307691,0.4488451236903613,0.57794877303344,0.24019103828422844,0.5789053118580665,0.5287803113556109,0.0,1.827715066715767,0.7723888920120634,103.01844760991354,3.324729507100653,74.87357686067904,2.189446199349357
0.791614109799876,0.6100696224034616,0.5583190486426267,0.43308157829754507,0.30299285645153734,0.5027233654351889,0.4925386237302053,0.16562791997824905,0.5624379924957601,0.7140765668457121,95.7540644756975,3.822348009122075,59.38266275247814,2.529753509822834
0.7985731573404068,0.5445323354683026,0.3527033119671984,0.559710142921043,0.25732318571621304,0.5885768465121386,0.5393325833446901,0.0,1.4683355436937435,0.6692321624001751,87.19936341501187,2.568674645058168,70.65930269653177,1.9656802179575135
0.5752064876201768,0.6519827885103043,0.4865319570285789,0.5358481157168734,0.21453260072709643,0.6014618282695741,0.5015690576741447,0.003198690825839047,2.8879564206822823,0.4889803238914794,98.63512291611522,3.6299625859037343,69.1840389867672,2.1371583645353076
0.5036402881162939,0.7329229720984946,0.4493515383434226,0.6733139922458853,0.24118182843540692,0.5879950578037005,0.5362677914343142,0.09162552825904592,2.335738362405648,0.48553067086166224,111.93913686106559,3.11334463521116,82.23540930706214,1.3064469946299107
0.6261622070678,0.6163502043652238,0.5202506611176964,0.5644835315015668,0.47468729843179563,0.5911934635502923,0.5535110084057105,0.04206458872439167,1.9726646275000164,0.5365453519913292,95.59875415017815,3.554046467557274,74.25088759819027,2.725655811563048
0.5131622901403797,0.5623930184676235,0.3461572428431698,0.4662165905498421,0.3190727107982925,0.525823357046321,0.539583685529157,0.1124673790835895,2.992507510443591,0.44600501695424605,91.5149926720121,2.2840651650167354,61.11021735634751,2.5129346611641634
0.6336423289655422,0.7191819705249128,0.30857423916949106,0.5481312311477055,0.3884461278035968,0.6271166437185339,0.47139282734151516,0.029936332858303064,2.7809207123753046,0.5581529057083798,109.264934076864,2.8767478877569848,67.5252421767929,3.524138071836499
0.5925631214481809,0.5461130253572536,0.2894032460258007,0.3866912847889651,0.3646765405396829,0.5720230706420257,0.5384418581532437,0.032678267269795995,0.8879496411486242,0.5318967658713192,82.44421110678736,2.6897268192077037,54.1058407662834,2.5854621854845465
0.5161586378759659,0.5567494981751983,0.41772618388779303,0.5223298042870219,0.31430583590507744,0.6000189416625827,0.5488084447045648,0.0,0.08757252148340422,0.46410405194537196,84.86054395615331,3.265736393900156,68.38281760986744,2.6566327144350432
0.46503282398653456,0.5636998128066005,0.5024280979087556,0.7265819008714998,0.35642755851827806,0.4786794296275398,0.5204121448364486,0.07950953705034454,1.405305836121281,0.4198672896001401,87.07149038418224,3.560317609582879,88.81684507399238,2.8147212000039366
0.6318608559121135,0.7105811584317623,0.43809985569182824,0.6115813300038261,0.26251082916578933,0.6483744042121354,0.5494548654829209,0.012868981189183334,0.6463319613353674,0.5298167370704046,109.14609912947,3.413099418286877,79.3360317779862,2.70813649428236
0.5290489462955742,0.674898754341381,0.49063000972704696,0.4049928780447304,0.4429721107291712,0.6267461315249295,0.5092980457156274,0.11709430292021394,1.3821165807641147,0.47909335852922913,103.72918071181115,3.424126335968008,54.41529791711749,3.203186430172863
0.5449810693116919,0.7004558329619097,0.3780051774068505,0.5511399990695888,0.4471579559184663,0.48273497756684586,0.5172160003760381,0.1463107743296085,1.993978240617296,0.5128434752563713,110.30407542732945,2.9285618730041474,72.2132701394758,3.2998687519616263
0.6852813688146403,0.7675489989252485,0.2923192604515089,0.5808515866930132,0.44105492432027193,0.6173966480995353,0.5221197160397408,0.10690769304538465,2.9098561434515595,0.5928577397881044,117.91897595599876,2.406741674202684,73.24591005446935,3.7419345698865802
0.6399871956625693,0.5485992900398641,0.4706785266589304,0.5727380533724541,0.2685051185654372,0.5353552583181347,0.5233427276462436,0.1432794708804712,0.019548947075625822,0.543210333954149,89.70248546238862,3.330758503636639,72.09984951583394,3.020406201149929
0.6929165164988836,0.7172809077692176,0.6064581877065308,0.44554754804425256,0.33986929103263225,0.5436819664019182,0.5657460288813569,0.04555317410993677,1.4579654836977176,0.5855060627864151,112.28248633369704,4.041574205779612,57.162393502661246,3.1281858678861276
0.8385138544648005,0.5477001840663822,0.6128741610109287,0.6865411060515298,0.28515727579500216,0.5588223284571636,0.5365685751471365,0.13998794569369966,0.43122376805915763,0.7054654485205664,86.06448039996626,4.002971533622123,84.28492352615218,2.635359023233617
0.6140622196671457,0.5683509304355406,0.38250805893448864,0.5917865423535281,0.3119967401525027,0.5758241510424441,0.5478766921450471,0.11447156885646151,2.762025288718891,0.5263799633161532,87.85629111505294,2.848501690745514,75.86201228878454,2.3016018396446443
0.5658865546294739,0.7270303891116713,0.4788988717314356,0.5353202878754183,0.37165907221654587,0.5390173137442007,0.5335751953812786,0.05529228918683407,0.8080259992492648,0.5443675373103672,112.33921295830892,3.601987692570187,72.32916024256038,3.284863287694032
0.7179322202397977,0.6850964582326885,0.3128019953211308,0.5532705073189522,0.3873432771502307,0.6140428637525914,0.5137013446526673,0.12078003306061236,2.5115267509184633,0.645504280891138,107.37735664334777,2.546295925141885,70.58256730667857,2.936962574254063
0.5902415177491369,0.706710645230375,0.39644113785204543,0.48488103616890493,0.2385578717809989,0.5784348887847977,0.517615040751983,0.0,1.804478858924824,0.49361764236102224,108.45085625497319,3.283872908871773,66.17023659517545,2.4480704372377287
0.8624349921077789,0.6285271346832129,0.42929946059919843,0.4695663620251618,0.31805402750413514,0.6392275444570099,0.47345308835757144,0.07445860090286134,0.922912824300269,0.6936746411807514,97.87362772089024,2.8697385968181734,64.1040579192162,1.9572977866398356
0.7281328650936466,0.6942732411159308,0.3951525591545456,0.6552625568566363,0.27185585422130826,0.47873996025789756,0.5109063049037945,0.04840275136373503,0.8725799218287925,0.5906044086720216,106.15860331188324,3.0134508118568797,79.06272949462796,2.136697434979599
0.6172381449801341,0.630435582097062,0.35221624856423167,0.6901851579523574,0.23529045729887793,0.6581745177727274,0.46885493245696364,0.1407220294894238,2.5899128593061804,0.5564660603143554,93.79640278143164,2.7190966448754708,83.98721658052978,1.843268228494787
0.7927578291314016,0.5535310025256632,0.5793344395164236,0.6467214032406027,0.27404278778164537,0.6534620772674256,0.4998654626311178,0.09287456510634065,0.08589511420092455,0.6914798444068624,90.57203493453153,4.078924654189683,80.09244949679739,2.7581583614146084
0.4599379906089724,0.6556763084749089,0.38900867057099703,0.6574673113811651,0.3742520938556733,0.6539494162024444,0.5105797161423773,0.1619033066766828,2.042451269860608,0.45841402117238284,97.66680632728102,3.132466454451837,81.91516077938316,3.2658920078355207
0.7766562133844372,0.7203652981939306,0.42511095480137745,0.4342673527763278,0.2628199642109254,0.48274901319045566,0.5166081614968436,0.021076326343523005,2.3789567499448427,0.6939207965292531,114.3539598946481,3.1086205945069545,54.690157416984135,1.9556947806496616
0.7610451635494249,0.6955673939174226,0.3437294211523849,0.4707809202689696,0.4553447342251206,0.47448707466901363,0.5338548109001836,0.1225199555198109,1.8453698689548514,0.6477018685308937,107.38287401855257,2.654066216568596,59.35959985498618,3.1880794507676202
0.5957103971436065,0.5899171641018158,0.3232488871628964,0.40800477946825026,0.41991512485837285,0.47603011093110587,0.49549436582062545,0.0837486775086627,2.3381791627326654,0.47365660142027544,92.84948755911094,2.659217377707255,54.1022555495544,3.698421320218342
0.6612262365742496,0.7310420907319631,0.4572398744988625,0.6626596733328192,0.31209674051136854,0.6390081814677068,0.5060141593281514,0.01509327069457193,2.8163148330431693,0.4727521548690029,115.23904560947841,3.2821047321004544,80.37743020688947,2.8366094935509
0.3999981009582395,0.7233711534867462,0.3214225789640287,0.5460394423072239,0.2530168578985269,0.5640843311049221,0.5188799432162535,0.13044192977340063,0.44442365316712695,0.3730647507588309,112.51395661988994,3.155735469312893,68.6336635156053,2.340753733468424
0.41207677616360894,0.6426290315163278,0.45617786297691176,0.5166751375494346,0.20301317913837277,0.6286621829130347,0.535942349516328,0.08698130193894406,0.6677193338659053,0.39268943900519976,100.48039045159153,3.150429433985646,65.77047564471124,1.762549215292887
0.6085132707710359,0.604452255213199,0.48755613422377697,0.48609782579685273,0.5014562500312858,0.575223968310738,0.5130512226818343,0.14301026887946852,1.944331763372916,0.5437156027242105,97.68888349938408,3.510723025760582,64.03730073794699,3.809268639635383
0.7459508681956244,0.5930003085146524,0.5147239263671742,0.4984539722601392,0.440328172901022,0.5753996483756221,0.564064766076998,0.14879399015503258,2.0251557548759633,0.6677717786459301,92.22512485248207,3.478877804208949,67.93412696395941,3.4135258074482344
0.8471314495446354,0.7220542952564081,0.297096031775527,0.46805677695884124,0.40322292636649965,0.5710787853284347,0.5121003983535607,0.06572126020193755,2.637805878259404,0.7655269201073676,113.41356309668082,2.3615059447527247,62.90045778568566,2.8008650512071718
0.5991375795979951,0.5897209307322453,0.529044525641838,0.6034114362090033,0.38268584941942113,0.5783474481237232,0.576391969360052,0.1408264721483997,0.9996126963775771,0.5445085334760891,93.04894556181337,3.5987842292295236,73.41067433634223,2.998335732931622
0.80752471690627,0.774998877212296,0.4036611525775663,0.5370394792430147,0.3414764317751959,0.5933182085153169,0.5519903883779032,0.14269191340303597,2.1384167771750713,0.6997116445208046,121.66727790100052,3.084059133176043,68.82903251611638,2.46182471718096
0.5065367858463392,0.6722938006871965,0.3605667170562116,0.5846246333995873,0.3929446835035956,0.6135327748362088,0.49302408112507223,0.12969229122030876,0.982655294522286,0.4124273017557392,103.15934067858025,2.8023194125439828,75.1310010690138,2.9636420620839434
0.5023893699086981,0.6383658012572367,0.49917412474669315,0.5821669462567285,0.5209943988984608,0.6159226359461283,0.5007694145588981,0.11616659456396658,0.7057037399119397,0.45004304120978905,96.94378777806665,3.668591725110723,75.08809407169039,3.553698978449881
0.5530828266723707,0.5832850535112708,0.5034441929734149,0.5308125858045883,0.4157389142713438,0.457869132194867,0.48310720666993195,0.009168334746780473,2.1580674952515695,0.5125841601212288,89.38182171442173,3.3823225189754016,68.18948963475587,3.590720277773963
0.7279560138261292,0.6688445271777486,0.43008513176603985,0.7292739723067,0.4069342413692793,0.6338646640954498,0.5261470914526394,0.029750254635045267,2.3423635379393772,0.6303978932800111,104.64223758301793,2.809053146391589,89.68445808860038,2.268581902151817
0.5786480234407538,0.6708678163284083,0.5687197760693392,0.4694662146343166,0.3261212509992733,0.5077629233505059,0.5229840371834661,0.14631079242156744,2.3622258852927054,0.5234832116496902,104.99293178266007,3.8107685633850523,63.00379607301651,2.9274265740972796
0.8666813280247098,0.7125214481201348,0.36831095623618637,0.4428864979874083,0.3502425587333861,0.6284950883357815,0.49334291210524395,0.041985169889768345,1.734486601798391,0.6904183856607269,105.70901569132276,2.950419322134079,60.43484165677006,2.914108354384262
0.5508503062435283,0.5242219578596543,0.4376024560194193,0.442176554033914,0.4226493860381873,0.4750088281972994,0.4877104440639405,0.03128810469902832,1.9922171030515667,0.47378537834955486,88.11087452697329,3.3777150961677873,58.2437050400086,2.9409986890514985
0.5193230785336735,0.7138749636121371,0.6113900579364959,0.42915327861336244,0.49052489725435505,0.6225720186366875,0.48109196030526846,0.049231504443682746,1.201214211630111,0.4008082553199478,109.4889733123989,4.191472867900448,51.216326865870634,3.444187189089225
0.722457657045211,0.549897194340005,0.3714598529649926,0.4641737910731835,0.39335445031227106,0.6403240577410624,0.5229183517658703,0.08046182445859297,2.5388321174187576,0.6247817337914691,88.77418826369366,2.8733046824944726,63.862273296049075,3.1366351613061156
0.6485858891047491,0.6054292575462429,0.5170738988275256,0.48543103978209484,0.3579596927791148,0.5447223091905288,0.5202268789934408,0.04035718055047337,2.245757180135408,0.6187266043942176,96.85549919422921,3.658401620632662,65.047182451488,2.527882695992406
0.7190170041336937,0.6357717932041345,0.3392062965968823,0.40841536253100513,0.4980373734683639,0.6327260733868747,0.5554906208800983,0.02002243630434767,1.240026792446446,0.677423322179469,99.95611010489743,2.373584723162424,57.3789821418488,3.6877514334609534
0.5293665455800823,0.5202293037803023,0.39303074313019104,0.4849732005131528,0.3575695211000509,0.6274007407298923,0.4946358784148465,0.09722234813467888,2.087358919270281,0.5032220848358455,84.54073720758988,3.2235032857974817,63.90820198836404,2.6129687568204742
0.7292840256562035,0.7564804636170969,0.6097099759063169,0.45012628814352523,0.43740539926613364,0.4895814469293222,0.5459804987260533,0.020186863712096773,2.051936030461232,0.6080158159499045,116.49144574236328,4.164342998148437,59.947266858731766,3.0288789257417474
0.8274698892374764,0.6937221124015417,0.38674109043518656,0.6695025507457547,0.3642309338436995,0.6428753428049442,0.5442889348792284,0.10314131586358519,1.3033378536596358,0.676836773523633,107.09160030018215,2.6765923334337107,83.57693681896437,3.4558859120873926
0.7028066591967644,0.7322631895914382,0.3336134186496027,0.5269488471061702,0.26350927129015533,0.5919675229433519,0.5128375603123626,0.051482944535358774,1.0083882660842611,0.6018136205114826,114.64521444865859,3.091077429676454,68.98110326994572,1.9228462585745079
0.5944267399648027,0.5481755090522618,0.3884588697219496,0.4980935362790554,0.44590294524878593,0.4353786493465641,0.5178099789411001,0.11231451294174928,2.933675573731378,0.5466075213895205,85.51086060110948,3.1116388163639166,66.75960058697132,3.4646617479679276
0.7153500434237535,0.5302328460561354,0.4164398044732675,0.604918051167724,0.1950326980628919,0.45088473348556724,0.5470721979840667,0.04756751460507512,1.5697412257199395,0.6047422913693522,82.54441832586872,3.428418694387542,76.77677377397633,1.8910950356848324
0.8058052417802852,0.5706827522222041,0.5418363490119177,0.4637752499379423,0.3161833744155409,0.5160489509651568,0.5054681317851852,0.030360049400153778,2.290334686728193,0.6557154273088035,91.80491894316735,3.960246382965776,59.54835331083572,2.3139281051105622
0.4511884725045375,0.68440146933961,0.5195424212979611,0.6700611451403375,0.5026137703995568,0.599591959961799,0.5128912452770004,0.03648226708842694,1.2019111325640837,0.41414627529334724,106.19167533808645,3.6955696012597676,80.74781929925764,3.271025265893293
0.5697528528935599,0.6977415206863387,0.3436347152508835,0.5157953861887358,0.40054984249866793,0.4667281291966212,0.4613885283224031,0.1404935952726539,1.1736103251432757,0.48000865305570317,110.50443750926871,2.611464508777607,70.3053296939759,3.001473583477357
0.6563124892944913,0.6621529036784664,0.5082584525110219,0.38819534694100677,0.3310637730989545,0.5465334706557877,0.5306156035259204,0.12762469643653693,0.6729417279173553,0.5730676384428838,101.77166657583825,3.4601670696338687,56.34352771002112,3.254572376542434
0.5050590139332146,0.6814358610001621,0.4750521522689218,0.662019648097751,0.32549406304166656,0.4833655105167148,0.5331018535220733,0.14412263056264613,1.9460491347127007,0.4300555434842428,107.25160163939368,3.6462393476489767,81.52121329183419,3.0024166443244367
0.46671009778461603,0.5752266753946886,0.4767902346213709,0.45003196194737083,0.4650156622994778,0.6222443960338301,0.5021609190951085,0.06816210698668633,1.5148432883702538,0.38031371044159223,91.29881549317179,3.45154353642953,59.366176105208915,3.724118303878742
0.6126386077268068,0.6676847793503904,0.5432982448400157,0.5099137650383253,0.24806233345849027,0.6580258516758998,0.5177332957269182,0.12202097753828997,2.693851030146134,0.5580778744730684,104.30771442716984,3.4983404810356293,64.58846054057774,2.5089497343949008
0.7449790866697278,0.5880080278544919,0.5259541829554059,0.5213088206349835,0.355927836500093,0.4797958027102973,0.5063971212210578,0.01022647736841401,0.1987185062650605,0.6963683246122581,91.7201307683786,3.5317775242825222,65.87505928823853,2.6217470117979924
0.4733051197394152,0.6025290704226304,0.3539584020022919,0.6062092164059698,0.286006101453711,0.5777132261357579,0.5577488361794769,0.05650699819595116,0.7734117509759078,0.4416536757163095,90.90046345375474,2.934115160458892,71.98687701045503,2.428313654997079
0.6844713609644333,0.6623221799477366,0.41280257064952847,0.4607150435658019,0.2649520628469382,0.47247427347483517,0.4929197908122445,0.012822649760732151,1.4956729208453279,0.6330749283542643,101.71317701072552,2.973520490960641,56.78635707040914,2.1727511851828782
0.7905934354649751,0.6677533049718116,0.5377578929957078,0.616396231775779,0.296048812321107,0.6280970194492355,0.539582501497637,0.035851621507994175,0.5419096528425975,0.6527705816196533,102.43700579984446,3.756053826902876,76.36731017781023,2.295626363879072
0.6492760660817656,0.5361696444895767,0.461703649802073,0.4277283200327799,0.2675482832979076,0.588197665715675,0.5011714454345548,0.034758600445861265,2.7049362697652652,0.5394564415358737,85.49080208039769,3.4383691489646173,56.95548741960715,2.655544179497763
0.5106449700579556,0.687579161099312,0.2963424528476624,0.4662032646926253,0.27859347918933614,0.5150452931737044,0.512102670561811,0.1465464090413363,1.941186621147148,0.42242369572367067,106.44452045340041,2.444143700225554,63.4973575964251,2.7846610644986947
0.6672477114725837,0.5729285514717056,0.3283665045483663,0.4650105115159849,0.46910329751798224,0.5627245571140613,0.529684439307946,0.09392856006264724,2.907807733045579,0.5807046647984109,91.28319607289347,2.6771278512377297,63.76660168071071,3.141143303041674
0.6586485289478368,0.7386076693466774,0.36115114774787677,0.492579173345695,0.35218647431136785,0.48523630253668293,0.5372922935850661,0.0,0.04311061778024694,0.5884558287765315,113.52031923485403,2.756445017224186,65.34287156399606,2.4996627254164587
0.45329852648990404,0.6932699307260576,0.4915943472796646,0.6767845945114768,0.4759929763487505,0.5039110516191065,0.5519407008775308,0.10685298209906333,2.352790131885842,0.3924918685519059,103.97302908475552,3.4050579298774593,79.18656372574425,3.3264555885814304
0.6048875340629083,0.6343712397102573,0.3958833779225169,0.5864299054332637,0.41418111886980147,0.49288275914060364,0.5385787047002775,0.10198047945970902,2.87565955593788,0.5473553470657547,104.5059927373513,2.8858949829291385,73.0579411742944,3.028057602770462
0.6022508409744718,0.7345228710132546,0.2959114797189599,0.461573450531122,0.5025453467036348,0.4624737144587896,0.49268106486022506,0.056713533504223146,0.19364341507164973,0.5377457272750451,112.96058084707037,2.5065496099778852,61.035713224743525,3.700106888985391
0.6356350354657719,0.7288338598619316,0.5242867312086873,0.48712594495468003,0.2868371094078757,0.44657931317216476,0.4728979562630622,0.12666462263854925,0.7565133169955579,0.5501880077665977,116.2352394191806,3.4801889852298213,63.721377446704366,2.7504404964305706
0.5600625444068813,0.535374786482881,0.46809357737692464,0.7100018887359668,0.2767549229328019,0.48725319774070314,0.5570150249991924,0.13695083226771995,2.768943398202443,0.5066648208103903,84.87063688689403,3.48075616364806,86.23938979307592,2.784099684527686
0.6174108884283516,0.6988347368140481,0.5381061362354288,0.43167269838001365,0.3463103766908249,0.4584930984590051,0.4484932589097697,0.07873257221124469,0.7197537565635745,0.551682831303848,109.58027341608948,3.728587263161628,59.78566612117023,2.705636388148675
0.8676050811558706,0.59278490652818,0.3825087082941036,0.6836063266260609,0.21953030497717788,0.5913104116814265,0.5432520901832565,0.11102770271601692,2.9476810857794105,0.7794135044594864,92.64965076348275,2.7241408754468046,82.28630593727965,1.9618160393947932
0.6851558768587684,0.6175369779727089,0.3838237530935098,0.6896044898651964,0.49501511355601524,0.5219269991550778,0.5085428181423318,0.08116955317739644,1.7224699992946557,0.5708608974711477,96.37969332376204,2.9963101127192755,84.67638053811548,3.031116096127432
0.671082989040418,0.7492464545699986,0.5664456735861306,0.40483886210650116,0.3565540718671892,0.5481914593686209,0.5039870754394746,0.07533847447250472,0.017524800364530746,0.585492059902792,114.76791312206821,3.9443899809628515,50.38070530162194,2.471770164490183
0.7721097200948756,0.5488510851420252,0.4873777674615192,0.6082435495242514,0.3928481901542512,0.5744712663704971,0.5243722834133601,0.0,2.4322844044429153,0.6046546908683128,87.91388276975317,3.571432934879624,75.65019346363215,2.904982369483892
0.5806905767132425,0.7620212635314504,0.44896664402676495,0.4886909056115689,0.3508703094031861,0.5245521123703619,0.516780445083121,0.033977239373067174,0.42508475178069527,0.5026071477018725,116.60457450900755,3.2969232051677286,63.69738858392982,3.10079608287001
0.46867578181501457,0.6298857783508796,0.3480896301658095,0.5458914144671947,0.5009407733001092,0.521207815887695,0.5065054568123134,0.06190383737524973,2.569623662066384,0.4342806509195331,95.03945740967399,2.7602255940000844,73.07252541272261,3.493621510560297
0.7127384785476338,0.613010607528558,0.40757498608989623,0.4113944316566254,0.4708724480780317,0.49161390764049395,0.46966173046763365,0.10699267313278692,1.1157883665985622,0.6264369360981723,93.03045568125236,3.345103070828236,55.16182125030823,3.5061601603605546
0.49823585260479825,0.7213346519298512,0.38133481238738615,0.6722537291954136,0.4688385535317117,0.5846900913427209,0.5573678692118732,0.10300906517043815,0.2928847188255732,0.4181483533251467,108.81402936346794,3.0049856458174484,84.9564247004638,3.249635149681525
0.5072432980368832,0.5444008203378922,0.4266143540825043,0.49321019390496684,0.3276812306564714,0.6248518045508624,0.5385029820286238,0.14965277476231326,1.5260238962698152,0.42707360947802175,84.05652255553909,3.03034190967632,63.453992591426285,2.9837322113759606
0.48847385799482773,0.7102336026682158,0.34261700158071945,0.49109810293809186,0.21416200772582616,0.48189194867888024,0.5125479473558359,0.14777699636960706,1.0204260622432715,0.4322665335112109,108.25061293209653,2.5028522866335585,60.831139613388466,2.4646272594109293
0.7183957421140378,0.5664504198279393,0.4738364827010763,0.48311072255559295,0.43216857421824556,0.6605255246653378,0.5024732975371563,0.07664061314143565,0.49432766048135457,0.5672092107570919,86.34190122918946,3.197218522638905,64.37168562932587,3.0014475577126483
0.6194668485982429,0.663516295483044,0.43517447648928526,0.4577147587783553,0.4369726029420291,0.5571323195265439,0.47902181776549524,0.08712001749530068,2.2635710296898672,0.6468724961374127,100.30634934281912,2.972423308589058,62.33191622214069,3.3651788952323765
0.5804889920569601,0.6982473111562971,0.32045262248617423,0.6129449016302865,0.4269921921964295,0.4705053746622209,0.5112297488335068,0.08575575772312602,0.9288686787784689,0.5427250970144268,108.8422413748081,2.7792042763754417,77.07212090822841,2.980738727591988
0.5533999416140111,0.5852365198365123,0.4073320016021345,0.5758222594174686,0.477030520839353,0.4988737138052956,0.5191395616552816,0.1037000417778449,1.2676879950580444,0.4803650953714678,91.45748501281487,2.9544885681833777,75.35865535937765,3.2744525474213053
0.7906353334299835,0.6334985340580662,0.42080768162037097,0.6085683654197276,0.36585112735631076,0.6547767141101577,0.48480084308837484,0.03472347889896638,1.8000822080373897,0.7173190171676818,97.77759173669638,3.475793293816385,75.41603379884847,2.527920294366213
0.5613646517343893,0.6699632880393295,0.6330639257745315,0.603939421479378,0.2331149538370736,0.6081389903036989,0.545562160251578,0.1212891359900793,0.5304520733393784,0.4748760943074263,108.09718840835767,4.526576088149177,77.92589314260236,1.8773908162615203
0.7286166832300177,0.7170449721479499,0.4309602221839613,0.45745800313150087,0.22884099181328768,0.6057792602174837,0.49623035197247156,0.026177879600492247,0.8468132017473013,0.6588010272616172,109.0823965430019,3.14658466306495,60.57666119048911,2.2390339857046264
0.783908198081792,0.6718383250897295,0.4219079993817541,0.6012757694899453,0.25675292237867675,0.625066365071107,0.4809072593107572,0.07245078800215841,1.4638831351246129,0.6686810970873205,101.90303186024508,3.2422166066782476,76.17789009066988,2.3656026277791775
0.5046868423786783,0.722852913798394,0.39275247247501804,0.6546312410914981,0.24737058866417883,0.564706490980925,0.46731604163724105,0.0760299510103114,1.033704688376325,0.42366922163252047,109.89084917984866,2.7057518638852582,81.23859390774115,2.1939696339592447
0.586559237331515,0.5862847195772786,0.4610924847745913,0.4560727734941909,0.3112099424722741,0.512708372385426,0.5212430098370996,0.02209291783153066,0.652648290043074,0.5255670605661575,93.18574711921521,3.1768127376304434,58.63584417206714,2.373308885704102
0.5893331903664358,0.6490828183186592,0.43399937563449054,0.43488938422427864,0.25629988332674014,0.5287455559975035,0.47129071662396965,0.013173529786922433,1.4555608086265477,0.5188619310145101,101.95747308862207,2.7187140985024505,58.994228880244826,1.9135853351067547
0.6213227063332771,0.5949090368321023,0.38337545375981796,0.5538461636004267,0.23199972196535956,0.5894406142819779,0.5309875430914752,0.08944517783094455,2.180341657065803,0.554003999975636,92.51174331086186,2.741321807511928,70.93213657815006,2.3692148534403783
0.8343805975618799,0.49799328580188573,0.5064567140081937,0.4323246303596492,0.4593160474939476,0.470902436312494,0.47076024607637773,0.1294679478544064,0.6000317683300901,0.6665530822601521,79.14121598713851,3.838120794735109,57.00481240883179,3.325522083810001
0.849819545112056,0.5780388033030597,0.4587952573063787,0.3820448522701617,0.4516288485000196,0.6380210618794481,0.5118937482445499,0.05607266213769703,1.676402503061989,0.7102885160974703,91.18692018046487,3.4021864833442264,53.99537409533599,2.8386371201620313
0.6585804802906029,0.6650731044893021,0.42966088671462144,0.6893762945110197,0.2938375781994582,0.5113950172901847,0.5478961363335948,0.10171497235527492,1.7808441131416823,0.5738819555530084,104.82404874487096,3.0331477477045055,84.89595730977729,2.940901480910683
0.4043624932204047,0.5361927216479367,0.35470426140989253,0.4788207450478243,0.30992184162383474,0.566333889870513,0.47842865622954023,0.14411716517247422,1.5569215678331627,0.44568577063379,83.7885487491377,2.309872710978963,63.86127255670462,2.6054849460895535
0.6250301374306864,0.6652171549557696,0.42961577843572807,0.6840148366814156,0.23148619342854926,0.5895054350031131,0.5081782295526502,0.04808497726904945,2.8871152629101453,0.606347551023333,101.59339978720826,3.01375013455145,85.33607707798917,2.0975277765858067
0.7092976291182795,0.5113744414209279,0.4656259400325658,0.5733792039004068,0.2874611112772801,0.6660161951709257,0.5182197083545799,0.12562688148421045,2.5833575050883133,0.6276013480116119,79.07441634499361,3.31980820108875,75.5279430166066,2.775084655576617
0.5059892931999757,0.5415352854830418,0.4236213620395841,0.5912177308257077,0.2880162404517322,0.47933111527381544,0.5522224074309992,0.15920767350886958,1.0763935714720576,0.4726876844861148,89.12716975338657,3.096665867778291,75.89716743658104,2.8608450089248354
0.4630843692376272,0.7405888469865215,0.3801697314949264,0.5447009468075489,0.34151341599749063,0.6246789164260997,0.49955299310754286,0.10684968689719575,0.4446573294105498,0.4010170350198391,116.81950645553167,2.817021898756851,67.44259418308113,2.6621422595915254
0.501004066277321,0.6422801005932578,0.47939173691204506,0.5113438162470347,0.26065503488555275,0.5480842023291836,0.5435045423178005,0.05405940801618296,0.9152149124380472,0.46230351721301066,103.32716162652015,3.809595368423341,65.69068358992685,2.5769096075594615
0.40679299812972214,0.6296599341730211,0.4575528175798699,0.658885184272529,0.3289495875071509,0.520696185169907,0.4746141228530906,0.10858379468287462,1.2906002902279727,0.4358602281744132,97.58086135215025,3.0645060538391213,83.02723183211836,2.706081488692707
0.7196313528127937,0.5512801318856991,0.40650564920336024,0.5814229197774363,0.3604142744666946,0.5536927331826845,0.5483405994932143,0.05430420886888699,2.3110083650904674,0.6828606295569427,85.83987754452376,3.1606570811693664,73.83005002898308,2.963067334216673
0.639772354498852,0.5358377093115833,0.5855044584772852,0.6260746222917831,0.33034000570140193,0.6341512364144878,0.505352425864037,0.11932664255477152,1.1398254252540858,0.5700053070560792,85.36810658727447,3.9969355468264816,75.95359891412507,2.7787375280561264
0.3861863017924601,0.7295461594654589,0.4724221943823249,0.6377516324487678,0.41276003204077727,0.4958854473335735,0.47628041954682765,0.13134269227234183,2.417097556005846,0.3564240135341948,111.84925909648994,3.460556662921217,81.18919676623108,3.0441716757160258
0.5195832177689325,0.7082669579183714,0.44795910617209067,0.6394602180114555,0.33341311262960177,0.6421045687041422,0.5344785438955696,0.11931457765470405,0.7322400313874575,0.5051786116074551,109.77028674987112,3.1878460541807914,78.57255123285034,2.8752605352461202
0.6527417738240631,0.6292685431643299,0.3829590124264592,0.5587433257986442,0.18420144781266656,0.4440621174846649,0.4835285847165626,0.11451061176270177,1.3184755994344175,0.6006500480488777,96.81132445894946,2.7073561225789264,70.63506524432995,2.2891552919403604
0.3707666918136133,0.6808778305681805,0.5082748930908109,0.45590378713444374,0.42243205882404333,0.5712629345409694,0.5148180651029595,0.08954755670166754,2.442291020901708,0.3331590965212232,100.27097371600652,3.566972138189507,59.931708823323405,3.1625679746480757
0.5347036322320623,0.7273570100785519,0.35788793552516784,0.7034304473483709,0.3727416993775713,0.596211598185438,0.4972946757656563,0.10974073750802152,0.6534495578556225,0.4871252923991772,113.29058890427562,2.858467539556651,87.94938151911488,2.317663732374165
0.7164383970796706,0.574959881489712,0.3327117815974872,0.5672707327156248,0.46655997361069607,0.6185834618639251,0.49599800341309697,0.02123303110337398,2.5649580444961724,0.6387557303256169,94.61481155380905,2.573995907213083,76.39567700774454,3.040379313479754
0.46402859923200607,0.730026536833298,0.3059771414484463,0.6589793608214745,0.33076374913778545,0.4579754251431264,0.49406617974398714,0.0684800353773133,1.4831901083227872,0.4572242459807232,111.66122568162821,3.041865559195939,81.28234631638139,2.539579989538237
0.730203603960588,0.7042182979192985,0.5707391747884973,0.68142386096983,0.30196852170500404,0.5678801781876941,0.5533479093458289,0.014126266445839454,0.17898666999181467,0.6164228026643993,110.29896100592742,3.8074054309449554,86.56019507533827,2.2079502068470944
0.5375181611211713,0.6970436133855606,0.4392087103714162,0.6417077856321499,0.25844610940821583,0.6341067421506766,0.51851270767888,0.05308319693666873,1.5537652009243255,0.4207128065965203,103.4366342297334,3.7439799789413843,84.8358373001722,2.335434059041907
0.5335384881797611,0.6620607501720674,0.5021334664216192,0.45185256183861183,0.3240334667665732,0.4518239312371848,0.565239118135966,0.02260869022426881,0.56738801047712,0.4560544418581407,104.14359977167068,3.480872999155224,58.130126540777226,2.5531152157439125
0.5091004100193269,0.6164685279779302,0.5408669782070755,0.5633150382885157,0.3179924626422258,0.4854838104295909,0.5173821607936152,0.01666980485846884,0.5191858476021148,0.49042361905713605,100.34902388921876,3.5298800720082983,71.62623473508548,2.654996934725211
0.8209721736031906,0.6414275496402735,0.443292904413988,0.5307921370954671,0.48781395495644214,0.4662619181896431,0.4654689005334839,0.029887695827776506,2.06072993604964,0.6257104711317052,101.28831518876147,3.387663980131249,67.46147403364066,3.6408056073980575
0.4780837044253493,0.6747903930473642,0.5243381262900417,0.5921634342074479,0.291482681903019,0.46478575312222303,0.5488410613955368,0.03147422446978689,2.3504404455264325,0.4557224184138696,106.87807609742119,3.943069171546651,74.04740362180044,2.70297452524564
0.7862340800457739,0.6153682655691051,0.3591399829873496,0.5145518272203343,0.4394366605159362,0.5582158072036358,0.4950590291223271,0.08530190387324406,0.12353189688904742,0.6744634897878065,97.86193528646037,2.885153226586962,65.41106037332862,3.209422768046825
0.6253311686798855,0.6099747689836148,0.5655855640710046,0.4911665042387358,0.2544388007649327,0.5934430277643937,0.4964982082163687,0.16984855866319626,1.7616063896304364,0.5228466343746683,92.371861197259,3.938907405756596,62.41446282728038,1.9948868642671198
0.48414859080935974,0.5163022551449382,0.40780046368184314,0.5167637321155745,0.4480185730974426,0.46512053274860643,0.575692898694725,0.044987933382245285,0.4521932528278132,0.4302264337391288,82.4105208501918,3.0095483529066267,66.26504399433749,3.753325598795529
0.7484640326016719,0.6620987985090321,0.48690720974576807,0.515314761733135,0.3215930875195282,0.5078411311842778,0.51159534347341,0.05332027883023878,2.12589209391295,0.6766918850986987,102.29369698005684,3.4394514771834688,68.93879544174932,2.676770565806462
0.5464799338795028,0.5537022671258461,0.44110707597423293,0.6713464681638939,0.30326451973242063,0.5101451618597572,0.46530165971542353,0.10213682886266523,0.9576118074765922,0.4489759770725288,86.2747860224408,3.1864127751887805,83.85565921113874,2.5895949145202746
0.4324620890562443,0.6955377212433134,0.5181175003363441,0.6119572789349124,0.36542689599399475,0.5095219587321133,0.559616463594667,0.0,0.009743784784526643,0.40956121823285313,106.8965330891664,3.599313095901592,79.18244735373696,2.243043901248506
0.5220214335316959,0.703178357805509,0.47079505979698943,0.483606875443281,0.43602810196070413,0.5085849804633436,0.5142815348111208,0.02630635732602956,1.1146409850095256,0.4633407296895145,108.18457902716173,3.3572634847088234,61.4008945120008,3.3693444684328844
0.48151228585496453,0.5127032877694655,0.4006992120785419,0.6087182642256519,0.22307695102264102,0.5354587549132352,0.4996631454831376,0.00828225575819915,2.3947029416214414,0.423329650643922,82.20634488988313,2.986829765417628,73.59743326971707,2.3019790533195468
0.42523983592952674,0.5359211746434326,0.43913173921309023,0.5923393567417835,0.34959625396364613,0.6270596979146811,0.5472496466609746,0.0,1.5106564530509545,0.40481860889858234,81.9335516475982,3.265584804399377,78.29372862265116,2.852447601061481
0.49098383929583483,0.6905803095781318,0.5153133938461207,0.4245278528228227,0.2382224464831384,0.6195150244383504,0.5032383776784117,0.018596891829917223,2.00258390778945,0.4449509191909413,107.3248247858118,3.4856026591199685,57.18708138862082,1.958531393823083
0.8415440304746938,0.5752002050222152,0.3922373182947467,0.4915350616236834,0.19794240551606498,0.6195783302947973,0.5719022175001252,0.1053640408598702,1.5072066591215498,0.6856219122143089,92.52194366615538,2.860265672376739,62.664729653894554,2.440530331820111
0.7828688320727154,0.570162887932838,0.5986070155350401,0.6588395529108176,0.3941367457624807,0.6307823950097099,0.4999774550465039,0.0,2.7146781014937487,0.7380813503141508,90.19786383120318,4.180705140280067,82.89134331564651,3.285778950623498
0.766529642134357,0.530705715421843,0.4108598076238941,0.4586940666791378,0.4308260400295128,0.47672661037582165,0.4934928568374085,0.06573579876863743,1.3526226942067194,0.6718836822038645,86.03490946751357,3.153639360567949,60.67230696047524,3.2953561726119003
0.6035707377370059,0.6389528571669008,0.4464751957110614,0.5320357817551149,0.488486717431868,0.43242335128949305,0.5167748073074278,0.031132239540082363,1.6870436668059603,0.5102590426498335,96.45965615688476,2.911777266013165,68.72001518896947,3.6124668278040035
0.5551014313307506,0.7176718860933354,0.46571697518916233,0.6962165354537735,0.45790082619182293,0.6693302602979944,0.512116479950312,0.07841208385016171,0.6245520768018726,0.518226310299745,107.60215409701092,3.285572468733639,88.43595408638078,3.28840280441496
0.6735069543212258,0.7298375471554032,0.48232565975941855,0.6791245607275049,0.2397289080505764,0.45511019738146163,0.4814527682819611,0.087124742703926,0.15810628376225078,0.5900052828809039,108.27653861596919,3.1132839611063665,82.79798068641384,2.2179810652212804
0.8193507153960994,0.698142516677934,0.31603726271924526,0.5454751825658278,0.41307412950611955,0.4702863796325384,0.5236064968769247,0.0823925563339862,2.5796242502108053,0.7548078846038071,111.70497846230653,3.0586459903301777,71.52890898510736,3.085898240892969
0.7315854375763182,0.6639680341497174,0.4061141056004441,0.46733974076198687,0.4267907760243302,0.5115412552894106,0.5813284835718064,0.10607003416635555,2.9690691485744103,0.6310682570991105,105.70994439525818,3.1798810983329364,62.37940649815021,3.577500175466241
0.6135947751331117,0.6368591266367665,0.524034136033717,0.5239181387431362,0.49583410505051506,0.5071522590220662,0.4886827740031666,0.025616796709726893,2.3922807911495476,0.5244134167856858,92.49049230789565,3.4908991727387124,64.80541810616243,3.5992623531990215
0.6364296126246936,0.578210672556343,0.47626122104797897,0.4326005890152919,0.26301944462388016,0.47547710719805747,0.5095674326959886,0.09598915352154866,2.837134094950976,0.5550399353550276,91.5827159275926,3.4577459476239194,60.10835583611692,2.308840389651058
0.7574777055710059,0.7210286741109424,0.3780603244191408,0.44949244456896814,0.3480613556194879,0.557952761513085,0.5137748151126643,0.08914841663626041,0.7271293789477681,0.6503777033428528,112.39899478384547,2.4491145861128283,57.97695301041322,2.522651286764865
0.7486131167531254,0.67569724320063,0.3816621451157276,0.6512925865842857,0.2284055862557061,0.5571146413434048,0.5320285962452097,0.018020475187471723,1.7022047457711131,0.6419339012399901,104.1726527777142,2.6093150778261096,83.58858191807508,1.5388307336942675
0.6747701181461109,0.6155139981435845,0.5284145520550362,0.5362253948448289,0.30856280591093066,0.5582299504876778,0.5142484822546982,0.03255783658044899,0.7111887032930417,0.5869918187906664,97.19094946341289,3.910524116847217,67.66031727559994,2.301820172032518
0.7550182904547387,0.6440877660942997,0.4869646174294886,0.4640893999571693,0.42979403975950653,0.6024193715143221,0.5282938864243034,0.03177346796662757,2.1174806858463304,0.6582890525555937,101.73883835942704,3.386192197404455,60.64067037274777,3.00790259887191
0.6253283503593398,0.5110206574400582,0.41268951204363713,0.5669256682010763,0.2254096437050849,0.4514744780190492,0.5304313321023477,0.033005256079069796,1.3389772573266048,0.5718144780378922,82.9746247159363,3.2518824209369592,73.646407489325,2.174565805251165
0.5807110317691683,0.7335306592761037,0.3977447466415233,0.44023444648132953,0.2903449137676459,0.6043706657616176,0.5306075152421974,0.03583314335493321,0.301398634525502,0.45683100905637564,113.91012339580024,2.9523730985024588,55.41553335726013,2.1273952144570725
0.7924460445329755,0.7038101005084544,0.5295070190370292,0.5658052792337139,0.4043963321739446,0.4690839591348068,0.5081154707752489,0.0,0.7915946281197598,0.7143201991878729,104.535238445388,3.9592603985777095,71.77548172781795,3.672046871314617
0.7068767433545021,0.5903429836664016,0.42885850203957626,0.5218310110846909,0.40764622188091615,0.6268157494476858,0.5057101576712238,0.10771009870810468,2.1216026188470964,0.5788928391594133,91.42214170782725,3.1155472378362727,69.02928836836365,2.962870265546773
0.5879849834046739,0.7337778778997592,0.33084806681864515,0.527291665916384,0.48559927016343957,0.62717952778606,0.5139676777958204,0.0598984422019721,1.3263922268111403,0.5068236961960216,111.10170439724872,2.8438815330578957,66.58839655817303,3.1825726546254045
0.5228141893279914,0.632522653969012,0.41785483683668223,0.468379768834593,0.4280482003355899,0.5945150131325109,0.5115350212585615,0.04319029274070996,1.2654864077243815,0.5132367723441764,97.66208304892758,3.3952737803996644,62.25792246494738,2.995063798146176
0.6443461753635253,0.6996380277395268,0.5055564935180132,0.4183107188971832,0.21658790659504798,0.4766251520065429,0.5590552067003121,0.030682043980558134,2.0777629190148956,0.522866886307856,105.81601714569621,3.500362363112022,55.6391713112326,2.3815951061241276
0.47631667283469714,0.5774683580946648,0.5636818571148454,0.5528753845706394,0.49976313551469803,0.4792973144025506,0.5265643688377375,0.07752810560137084,1.8225805865260154,0.40263348259834564,92.1257968348367,3.4705277924250044,73.65498476722536,3.5341932006144856
0.5370066161443987,0.5723668863648309,0.31250692129932556,0.4407393705300859,0.3929894938110017,0.5303050022218693,0.5100198626249982,0.10211554103069787,1.5584178505779769,0.5478675546263057,92.97216593733603,2.765061657377016,60.4733957649245,3.497219354467063
0.4564908256107242,0.713457383131389,0.4955783354672579,0.4401417624583257,0.46460881190716535,0.5427517648579434,0.5579918849573805,0.021868435943810077,0.9557610598723693,0.38076326852261627,107.44803795728176,3.112465889421463,58.45735732945876,2.7050275744438674
0.7135529033890523,0.627906905426032,0.40984280414109453,0.4001559359580966,0.20931499376347704,0.5688429730948098,0.5283127020773062,0.08450271742101956,1.2221499774133013,0.612744115882611,98.02384414941164,3.0663017577494545,54.54056752234331,2.576447691718941
0.7742990054744433,0.7060379845868395,0.41440090684938297,0.5091276258972517,0.4462171413644831,0.6091503939207753,0.49362565973934,0.0,0.8921933194731706,0.6400305778574187,108.7146707975987,3.051052624455725,63.874131713633666,3.4564075226848523
0.6562365851169214,0.5943954872189148,0.33481367690452996,0.6666544641272518,0.40771912494763585,0.430790978863478,0.5203475256516047,0.07330560416870702,1.9261597429676687,0.5256039267820223,95.07100712288019,2.6744509717268485,83.2101120304257,3.3915868893232024
